IncidentID,AgencyORI,AgencyName,IncidentStatusDesc,County,RdwyNumber,Street,RoadwayName,StreetSfx,StreetDir,IntersectionRdwy,IntersectionRdwyName,BetweenStRdwy1,BetweenStRdwyName1,BetweenStRdwy2,BetweenStRdwyName2,Latitude,Longitude,Milepoint,CollisionDate,CollisionTime,UnitsInvolved,MotorVehiclesInvolved,NumberKilled,NumberInjured,Weather,RdwyConditionCode,HitandRun,DirAnalysisCode,MannerofCollision,RdwyCharacter,LightCondition,RampFromRdwyId,RampToRdwyId,AcceptedDate,IsSecondaryCollision,OwnerBadge,IncidentStatus,
27438266,0568000,LOUISVILLE METRO POLICE DEPT,Accepted,JEFFERSON,,,HIKES,LN,,,,,,,,38.219248012,-85.626682515,3.158,11/9/2020 12:00:00 AM,1205,2,2,0,0,CLEAR,DRY,True,1 VEHICLE ENTERING/LEAVING ENTRANCE,ANGLE,STRAIGHT & LEVEL,DAYLIGHT,,,11/10/2020 8:18:24 AM,False,4693,Accepted,
27438267,0568000,LOUISVILLE METRO POLICE DEPT,Accepted,JEFFERSON,KY0061,,PRESTON,HWY,,,,,,,,38.119898542,-85.677792745,2.584,11/9/2020 12:00:00 AM,1133,2,2,0,0,CLEAR,DRY,False,REAR END IN TRAFFIC LANES BOTH VEHICLES MOVING,REAR END,STRAIGHT & LEVEL,DAYLIGHT,,,11/10/2020 8:18:33 AM,False,4693,Accepted,
27438268,0568000,LOUISVILLE METRO POLICE DEPT,Accepted,JEFFERSON,KY1065,,OUTER,LOOP,,KY0907,3RD ST,,,,,38.127154882,-85.791938976,0.156,11/9/2020 12:00:00 AM,0904,2,2,0,1,CLEAR,DRY,False,HEAD-ON COLLISION,HEAD ON,STRAIGHT & LEVEL,DAYLIGHT,,,11/10/2020 8:18:36 AM,False,5323,Accepted,
27438269,0568000,LOUISVILLE METRO POLICE DEPT,Accepted,JEFFERSON,,,LIBERTY,ST,W,,6TH,,,,,38.253491714,-85.760934832,0.400,11/9/2020 12:00:00 AM,1343,2,2,0,0,CLOUDY,DRY,False,SIDESWIPE-SAME DIRECTION,SIDESWIPE-SAME DIRECTION,STRAIGHT & LEVEL,DAYLIGHT,,,11/10/2020 8:18:39 AM,False,7216,Accepted,
27438275,0568000,LOUISVILLE METRO POLICE DEPT,Accepted,JEFFERSON,,,LOWER HUNTERS,TRCE,,KY1934,GREENBELT,,,,,38.170206076,-85.876069184,2.531,11/9/2020 12:00:00 AM,1530,2,2,0,0,CLEAR,DRY,False,ANGLE COLLISION - OTHER,ANGLE,STRAIGHT & LEVEL,DAYLIGHT,,,11/10/2020 8:19:02 AM,False,7205,Accepted,
27438283,0568000,LOUISVILLE METRO POLICE DEPT,Accepted,JEFFERSON,KY1931,,ST ANDREWS CHURCH,RD,,,,,,,,38.145214928,-85.832895242,3.548,11/9/2020 12:00:00 AM,2221,2,1,0,0,CLEAR,DRY,False,COLLISION WITH BICYCLIST NON INTERSECTION,SINGLE VEHICLE,STRAIGHT & LEVEL,DARK-HWY NOT LIGHTED,,,11/10/2020 8:19:33 AM,False,5212,Accepted,
27438284,0568000,LOUISVILLE METRO POLICE DEPT,Accepted,JEFFERSON,KY1065,,OUTER,LOOP,,KY0061,PRESTON,,,,,38.138592831,-85.686044633,6.091,11/9/2020 12:00:00 AM,2045,2,2,0,2,CLEAR,DRY,False,OTHER INTERSECTION COLLISIONS,REAR END,STRAIGHT & LEVEL,DARK-HWY LIGHTED/ON,,,11/10/2020 8:19:37 AM,False,5042,Accepted,
27438285,0568000,LOUISVILLE METRO POLICE DEPT,Accepted,JEFFERSON,KY1865,,TAYLOR,BLVD,,I 0264,I264 W EXIT9 OFF RAMP TO KY1865,,,,,38.189757863,-85.783349314,5.751,11/9/2020 12:00:00 AM,2106,2,2,0,0,CLEAR,DRY,False,OTHER INTERSECTION COLLISIONS,REAR END,CURVE & LEVEL,DARK-HWY LIGHTED/ON,,,11/10/2020 8:19:40 AM,False,5183,Accepted,
27438292,0568000,LOUISVILLE METRO POLICE DEPT,Accepted,JEFFERSON,US0031E,,BARDSTOWN,RD,,,MEADOWBROOK,,,,,38.189333117,-85.642094771,9.733,11/9/2020 12:00:00 AM,2318,1,1,0,0,CLEAR,DRY,False,OTHER INTERSECTION COLLISIONS,SINGLE VEHICLE,STRAIGHT & LEVEL,DARK (UNKNOWN ROADWAY LIGHTING),,,11/10/2020 8:19:58 AM,False,7492,Accepted,
27438294,0568000,LOUISVILLE METRO POLICE DEPT,Accepted,JEFFERSON,KY1747,,HURSTBOURNE,PKWY,S,,STONY BROOK,,,,,38.171139644,-85.604368186,7.635,11/9/2020 12:00:00 AM,1423,2,2,0,1,CLEAR,DRY,True,ANGLE COLLISION - ONE VEHICLE TURNING LEFT,ANGLE,STRAIGHT & LEVEL,DAYLIGHT,,,11/10/2020 8:20:04 AM,False,2017,Accepted,
27442730,0568000,LOUISVILLE METRO POLICE DEPT,Accepted,JEFFERSON,KY0061,,PRESTON,HWY,,,,,,,,38.174314323,-85.712394847,6.850,11/9/2020 12:00:00 AM,1414,2,2,0,0,CLEAR,DRY,False,OTHER ROADWAY OR MID-BLOCK COLLISION,REAR END,STRAIGHT & LEVEL,DAYLIGHT,,,11/11/2020 8:32:28 AM,False,4693,Accepted,
27442747,0568000,LOUISVILLE METRO POLICE DEPT,Accepted,JEFFERSON,,,VARBLE,AVE,,,SOUTHWESTERN,,,,,38.249478448,-85.827222473,0.006,11/9/2020 12:00:00 AM,2026,2,2,0,3,CLEAR,DRY,False,ANGLE COLLISION - ONE VEHICLE TURNING LEFT,ANGLE,STRAIGHT & LEVEL,DARK-HWY LIGHTED/ON,,,11/11/2020 8:33:33 AM,False,5232,Accepted,
27438282,0568000,LOUISVILLE METRO POLICE DEPT,Accepted,JEFFERSON,US0150,,BROADWAY,,W,,10TH,,,,,38.247033909,-85.768272797,1.835,11/9/2020 12:00:00 AM,1955,2,2,0,0,CLEAR,DRY,False,OTHER INTERSECTION COLLISIONS,REAR END,STRAIGHT & LEVEL,DARK-HWY LIGHTED/ON,,,11/10/2020 8:19:30 AM,False,7862,Accepted,
27438257,0568000,LOUISVILLE METRO POLICE DEPT,Accepted,JEFFERSON,KY1065,,OUTER,LOOP,,,SMYRNA,,,,,38.137951129,-85.641894674,8.515,11/9/2020 12:00:00 AM,0750,2,2,0,0,CLEAR,DRY,False,ANGLE COLLISION - OTHER,ANGLE,STRAIGHT & LEVEL,DAYLIGHT,,,11/10/2020 8:17:50 AM,False,4693,Accepted,
27438265,0568000,LOUISVILLE METRO POLICE DEPT,Accepted,JEFFERSON,,5017,COTEHELE,PL,,,,,,,,38.315218295,-85.565761052,0.113,11/9/2020 12:00:00 AM,0125,1,1,0,0,CLEAR,DRY,False,COLLISION WITH FIXED OBJECT NON - INTERSECTION - FIRST EVENT COLLISION 09 - 32 EXCLUDING 16,SINGLE VEHICLE,STRAIGHT & LEVEL,DAYLIGHT,,,11/10/2020 8:18:21 AM,False,2489,Accepted,
27461798,0568000,LOUISVILLE METRO POLICE DEPT,Accepted,JEFFERSON,I 0065,,I65 S,,,,,,,,,38.207957776,-85.751959472,132.596,11/9/2020 12:00:00 AM,0414,2,2,0,1,CLEAR,DRY,False,SIDESWIPE COLLISION - SAME DIRECTION,SIDESWIPE-SAME DIRECTION,CURVE & LEVEL,DARK-HWY LIGHTED/ON,,,11/16/2020 10:25:07 AM,False,5163,Accepted,
27491004,0560400,SHIVELY POLICE DEPARTMENT,Accepted,JEFFERSON,US0031W,,DIXIE,HWY,,,,,WATHEN,,HARDESTY,38.216597139,-85.795247381,17.152,11/9/2020 12:00:00 AM,0427,2,2,0,1,CLEAR,DRY,False,OTHER ROADWAY OR MID-BLOCK COLLISION,OPPOSING LEFT TURN,STRAIGHT & LEVEL,DARK-HWY LIGHTED/ON,,,11/23/2020 4:36:03 PM,False,7123,Accepted,
27433248,0568000,LOUISVILLE METRO POLICE DEPT,Accepted,JEFFERSON,KY0864,,FEGENBUSH,LN,,KY1065,BEULAH CHURCH,,,,,38.137660104,-85.613439620,4.251,11/9/2020 12:00:00 AM,0632,2,2,0,2,CLEAR,DRY,False,ANGLE COLLISION - OTHER,ANGLE,STRAIGHT & LEVEL,DAWN,,,11/9/2020 8:55:50 AM,False,7120,Accepted,
27433249,0568000,LOUISVILLE METRO POLICE DEPT,Accepted,JEFFERSON,KY0864,,POPLAR LEVEL,RD,,,GARDINER,,,,,38.192558726,-85.705946791,11.101,11/9/2020 12:00:00 AM,0545,2,2,0,1,CLEAR,DRY,False,OTHER INTERSECTION COLLISIONS,REAR END,STRAIGHT & GRADE,DARK (UNKNOWN ROADWAY LIGHTING),,,11/9/2020 8:55:52 AM,False,5286,Accepted,
27438263,0568000,LOUISVILLE METRO POLICE DEPT,Accepted,JEFFERSON,KY1450,9911,BLUE LICK,RD,,,,,,,,38.103788745,-85.693342176,1.279,11/9/2020 12:00:00 AM,1311,1,1,0,0,CLEAR,DRY,False,COLLISION WITH FIXED OBJECT NON - INTERSECTION - FIRST EVENT COLLISION 09 - 32 EXCLUDING 16,SINGLE VEHICLE,CURVE & LEVEL,DAYLIGHT,,,11/10/2020 8:18:13 AM,False,2017,Accepted,
27438264,0568000,LOUISVILLE METRO POLICE DEPT,Accepted,JEFFERSON,KY1931,2000,7TH ST,RD,,,,,,,,38.219880969,-85.777590596,10.489,11/9/2020 12:00:00 AM,0845,2,1,0,1,CLEAR,DRY,False,COLLISION IN PARKING LOT,SINGLE VEHICLE,STRAIGHT & LEVEL,DAYLIGHT,,,11/10/2020 8:18:17 AM,False,7772,Accepted,
27438271,0568000,LOUISVILLE METRO POLICE DEPT,Accepted,JEFFERSON,,,PAYNE,ST,,,BISHOP,,,,,38.246602241,-85.728364285,0.149,11/9/2020 12:00:00 AM,1215,2,2,0,0,CLEAR,DRY,False,ANGLE COLLISION - ONE VEHICLE TURNING LEFT,ANGLE,STRAIGHT & LEVEL,DAYLIGHT,,,11/10/2020 8:18:47 AM,False,7129,Accepted,
27438272,0568000,LOUISVILLE METRO POLICE DEPT,Accepted,JEFFERSON,US0031W,,DIXIE,HWY,,,,,VESPER,,BARRETT,38.105183749,-85.868276702,8.445,11/9/2020 12:00:00 AM,1537,2,2,0,0,CLEAR,DRY,False,1 VEHICLE ENTERING/LEAVING ENTRANCE,ANGLE,STRAIGHT & LEVEL,DAYLIGHT,,,11/10/2020 8:18:50 AM,False,7073,Accepted,
27438273,0568000,LOUISVILLE METRO POLICE DEPT,Accepted,JEFFERSON,KY1020,5537,NATIONAL,TPKE,,,,,,,,38.151189785,-85.763546879,5.533,11/9/2020 12:00:00 AM,1443,2,2,0,1,CLEAR,DRY,False,1 VEHICLE ENTERING/LEAVING ENTRANCE,ANGLE,STRAIGHT & LEVEL,DAYLIGHT,,,11/10/2020 8:18:54 AM,False,5326,Accepted,
27438279,0568000,LOUISVILLE METRO POLICE DEPT,Accepted,JEFFERSON,US0060,,SHELBYVILLE,RD,,,,,,,,38.237232313,-85.436815600,15.839,11/9/2020 12:00:00 AM,1808,3,3,0,0,CLEAR,DRY,False,COLLISION WITH ANIMAL NON INTERSECTION,ANGLE,STRAIGHT & GRADE,DARK-HWY NOT LIGHTED,,,11/10/2020 8:19:10 AM,False,7802,Accepted,
27433250,0568000,LOUISVILLE METRO POLICE DEPT,Accepted,JEFFERSON,I 0064,,I64 E,,,,,,,,,38.273174274,-85.785801230,2.427,11/9/2020 12:00:00 AM,0650,3,3,0,0,CLOUDY,DRY,False,SIDESWIPE COLLISION - SAME DIRECTION,SIDESWIPE-SAME DIRECTION,STRAIGHT & LEVEL,DAYLIGHT,,,11/9/2020 8:57:00 AM,False,4903,Accepted,
27438280,0568000,LOUISVILLE METRO POLICE DEPT,Accepted,JEFFERSON,,,LYNNHURST,AVE,,KY1865,TAYLOR,,,,,38.178555750,-85.783026686,0.183,11/9/2020 12:00:00 AM,1524,3,3,0,0,CLEAR,DRY,True,OTHER INTERSECTION COLLISIONS,REAR END,STRAIGHT & LEVEL,DAYLIGHT,,,11/10/2020 8:19:16 AM,False,5328,Accepted,
27438287,0568000,LOUISVILLE METRO POLICE DEPT,Accepted,JEFFERSON,,7101,FEYHURST,DR,,,,,,,,38.152623867,-85.860604862,0.617,11/9/2020 12:00:00 AM,1902,2,2,0,0,CLEAR,DRY,True,1 VEHICLE PARKED POSITION (NOT PARKING LOT/DRIVEWAY),HEAD ON,STRAIGHT & LEVEL,DARK-HWY LIGHTED/ON,,,11/10/2020 8:19:44 AM,False,5220,Accepted,
27438289,0568000,LOUISVILLE METRO POLICE DEPT,Accepted,JEFFERSON,KY1447,,WESTPORT,RD,,,ROLLINGTON,,,,,38.300395154,-85.513781709,8.728,11/9/2020 12:00:00 AM,2059,1,1,0,1,CLEAR,DRY,False,OTHER INTERSECTION COLLISIONS,SINGLE VEHICLE,CURVE & LEVEL,DARK-HWY LIGHTED/OFF,,,11/10/2020 8:19:51 AM,False,5307,Accepted,
27442734,0568000,LOUISVILLE METRO POLICE DEPT,Accepted,JEFFERSON,KY3064,,PORTLAND,AVE,,,,,,,,38.268355521,-85.782497497,0.003,11/9/2020 12:00:00 AM,1800,1,1,0,0,CLEAR,DRY,True,OTHER ROADWAY OR MID-BLOCK COLLISION,SINGLE VEHICLE,STRAIGHT & LEVEL,DARK-HWY NOT LIGHTED,,,11/11/2020 8:32:42 AM,False,7288,Accepted,
27442735,0568000,LOUISVILLE METRO POLICE DEPT,Accepted,JEFFERSON,KY1934,,CANE RUN,RD,,KY2051,LEES,,,,,38.183738585,-85.855171787,7.729,11/9/2020 12:00:00 AM,0828,2,2,0,1,CLEAR,DRY,False,OTHER INTERSECTION COLLISIONS,REAR END,STRAIGHT & LEVEL,DAYLIGHT,,,11/11/2020 8:32:46 AM,False,7656,Accepted,
27442743,0568000,LOUISVILLE METRO POLICE DEPT,Accepted,JEFFERSON,KY0864,,CAMPBELL,ST,S,,,US0150,BROADWAY,KY0864,FINZER,38.243646374,-85.737691842,15.375,11/9/2020 12:00:00 AM,1437,2,2,0,0,CLEAR,DRY,False,1 VEHICLE PARKED POSITION (NOT PARKING LOT/DRIVEWAY),ANGLE,STRAIGHT & LEVEL,DAYLIGHT,,,11/11/2020 8:33:15 AM,False,2403,Accepted,
27461719,0568000,LOUISVILLE METRO POLICE DEPT,Accepted,JEFFERSON,KY0061,,JACKSON,ST,S,,ORMSBY,,,,,38.230789485,-85.748072023,11.292,11/9/2020 12:00:00 AM,1220,2,2,0,0,CLOUDY,DRY,True,OPPOSING LEFT TURN,OPPOSING LEFT TURN,STRAIGHT & LEVEL,DAYLIGHT,,,11/16/2020 10:19:06 AM,False,2745,Accepted,
27545424,0568000,LOUISVILLE METRO POLICE DEPT,Accepted,JEFFERSON,,,BERNHEIM,LN,,KY1931,7TH ST,,,,,38.219776687,-85.778013078,0.838,11/9/2020 12:00:00 AM,0828,2,2,0,0,CLEAR,DRY,False,ANGLE COLLISION - OTHER,ANGLE,STRAIGHT & LEVEL,DAYLIGHT,,,12/9/2020 8:05:54 AM,False,5190,Accepted,
27451551,0568000,LOUISVILLE METRO POLICE DEPT,Accepted,JEFFERSON,I 0065,,I65 S,,,,,,,,,38.225410878,-85.751465249,133.825,11/9/2020 12:00:00 AM,1027,2,2,0,0,CLEAR,DRY,False,SIDESWIPE COLLISION - SAME DIRECTION,SIDESWIPE-SAME DIRECTION,STRAIGHT & LEVEL,DAYLIGHT,,,11/13/2020 8:07:13 AM,False,4903,Accepted,
27497920,0568000,LOUISVILLE METRO POLICE DEPT,Accepted,JEFFERSON,,,ALLMOND,AVE,,,STRAWBERRY,,,,,38.176080917,-85.753463243,1.461,11/9/2020 12:00:00 AM,1320,2,2,0,0,CLEAR,DRY,False,OTHER INTERSECTION COLLISIONS,REAR END,STRAIGHT & LEVEL,DAYLIGHT,,,11/25/2020 10:11:51 AM,False,7488,Accepted,
27438288,0568000,LOUISVILLE METRO POLICE DEPT,Accepted,JEFFERSON,,,MCCAWLEY,RD,,,,,,,,38.143973768,-85.679148646,0.605,11/8/2020 12:00:00 AM,2217,2,2,0,0,CLEAR,DRY,True,COLLISION IN PARKING LOT,ANGLE,CURVE & LEVEL,DAYLIGHT,,,11/10/2020 8:19:47 AM,False,5184,Accepted,
27433201,0568000,LOUISVILLE METRO POLICE DEPT,Accepted,JEFFERSON,,,7TH,ST,S,,HILL,,,,,38.226760078,-85.768994766,0.658,11/8/2020 12:00:00 AM,0448,2,2,0,0,CLEAR,DRY,True,ANGLE COLLISION - OTHER,ANGLE,STRAIGHT & LEVEL,DARK-HWY LIGHTED/ON,,,11/9/2020 8:53:04 AM,False,7426,Accepted,
27433217,0568000,LOUISVILLE METRO POLICE DEPT,Accepted,JEFFERSON,KY1865,,TAYLOR,BLVD,,,,,,,,38.180790668,-85.783420178,5.117,11/8/2020 12:00:00 AM,1305,2,2,0,0,CLEAR,DRY,True,1 VEHICLE ENTERING/LEAVING ENTRANCE,ANGLE,STRAIGHT & LEVEL,DAYLIGHT,,,11/9/2020 8:53:55 AM,False,5296,Accepted,
27433241,0568000,LOUISVILLE METRO POLICE DEPT,Accepted,JEFFERSON,I 0264,,,,,,,KY0155,TAYLORSVILLE,I 0264,I264 E,38.219160345,-85.655432642,0.025,11/8/2020 12:00:00 AM,2045,1,1,0,0,CLEAR,DRY,False,COLLISION WITH FIXED OBJECT NON - INTERSECTION - FIRST EVENT COLLISION 09 - 32 EXCLUDING 16,SINGLE VEHICLE,STRAIGHT & LEVEL,DARK-HWY LIGHTED/ON,,,11/9/2020 8:55:25 AM,False,2816,Accepted,
27433242,0568000,LOUISVILLE METRO POLICE DEPT,Accepted,JEFFERSON,KY1450,,BLUE LICK,RD,,KY1851,HUTCHERSON,,,,,38.091157004,-85.698836858,0.343,11/8/2020 12:00:00 AM,1904,3,3,0,2,CLEAR,DRY,False,OPPOSING LEFT TURN,OPPOSING LEFT TURN,STRAIGHT & LEVEL,DARK-HWY NOT LIGHTED,,,11/9/2020 8:55:28 AM,False,5198,Accepted,
27433214,0568000,LOUISVILLE METRO POLICE DEPT,Accepted,JEFFERSON,I 0265,8,I265 W,,,,,,,,,38.110953662,-85.685396634,11.169,11/8/2020 12:00:00 AM,1342,2,2,0,0,CLEAR,DRY,False,SIDESWIPE COLLISION - SAME DIRECTION,SIDESWIPE-SAME DIRECTION,CURVE & GRADE,DAYLIGHT,,,11/9/2020 8:53:45 AM,False,7799,Accepted,
27433215,0568000,LOUISVILLE METRO POLICE DEPT,Accepted,JEFFERSON,KY0864,,POPLAR LEVEL,RD,,,,,,,,38.160077626,-85.671891076,8.211,11/8/2020 12:00:00 AM,1538,2,2,0,0,CLEAR,DRY,True,1 VEHICLE ENTERING/LEAVING ENTRANCE,ANGLE,STRAIGHT & LEVEL,DAYLIGHT,,,11/9/2020 8:53:48 AM,False,7341,Accepted,
27433216,0568000,LOUISVILLE METRO POLICE DEPT,Accepted,JEFFERSON,KY0061,8620,PRESTON,HWY,,,,,,,,38.127090181,-85.680508363,3.114,11/8/2020 12:00:00 AM,1459,3,3,0,0,CLEAR,DRY,False,COLLISION IN PARKING LOT,ANGLE,CURVE & LEVEL,DAYLIGHT,,,11/9/2020 8:53:52 AM,False,2324,Accepted,
27433222,0568000,LOUISVILLE METRO POLICE DEPT,Accepted,JEFFERSON,I 0071,,I71 N,,,,,,,,,38.289760641,-85.648849657,4.923,11/8/2020 12:00:00 AM,1630,2,2,0,0,CLEAR,DRY,False,REAR END IN TRAFFIC LANES BOTH VEHICLES MOVING,REAR END,STRAIGHT & HILLCREST,DAYLIGHT,,,11/9/2020 8:54:06 AM,False,7751,Accepted,
27433232,0568000,LOUISVILLE METRO POLICE DEPT,Accepted,JEFFERSON,,,DIXIE,HWY,,,VORSTER,,,,,38.224627316,-85.791914627,1.762,11/8/2020 12:00:00 AM,1440,2,2,0,0,CLEAR,DRY,False,ANGLE COLLISION - OTHER,ANGLE,STRAIGHT & LEVEL,DAYLIGHT,,,11/9/2020 8:54:56 AM,False,5032,Accepted,
27433233,0568000,LOUISVILLE METRO POLICE DEPT,Accepted,JEFFERSON,,4311,LEES,LN,,,LUCERNE,,,,,38.193073373,-85.874890647,0.305,11/8/2020 12:00:00 AM,,2,2,0,0,CLEAR,DRY,True,COLLISION WITH PARKED VEHICLE,ANGLE,STRAIGHT & LEVEL,DAYLIGHT,,,11/9/2020 8:55:00 AM,False,5208,Accepted,
27433239,0568000,LOUISVILLE METRO POLICE DEPT,Accepted,JEFFERSON,,,5TH,ST,S,,FAIRMONT,,,,,38.195323177,-85.768425876,1.365,11/8/2020 12:00:00 AM,0307,2,2,0,1,CLEAR,DRY,False,OPPOSING LEFT TURN,OPPOSING LEFT TURN,STRAIGHT & LEVEL,DARK-HWY LIGHTED/ON,,,11/9/2020 8:55:18 AM,False,5163,Accepted,
27433240,0568000,LOUISVILLE METRO POLICE DEPT,Accepted,JEFFERSON,KY0061,6626,PRESTON,HWY,,,,,,,,38.154617264,-85.695742838,5.170,11/8/2020 12:00:00 AM,1902,2,2,0,2,CLEAR,DRY,False,1 VEHICLE PARKED POSITION (NOT PARKING LOT/DRIVEWAY),SIDESWIPE-SAME DIRECTION,STRAIGHT & LEVEL,DARK-HWY LIGHTED/ON,,,11/9/2020 8:55:22 AM,False,7016,Accepted,
27433198,0568000,LOUISVILLE METRO POLICE DEPT,Accepted,JEFFERSON,,,28TH,ST,N,,MONTGOMERY,,,,,38.273539627,-85.792753565,0.087,11/8/2020 12:00:00 AM,0006,1,1,0,0,CLEAR,DRY,False,COLLISION WITH FIXED OBJECT IN INTERSECTION - FIRST EVENT COLLISION 09 - 32,SINGLE VEHICLE,STRAIGHT & LEVEL,DARK-HWY LIGHTED/ON,,,11/9/2020 8:52:53 AM,False,7487,Accepted,
27466052,0568000,LOUISVILLE METRO POLICE DEPT,Accepted,JEFFERSON,,,TRADE PORT,DR,,KY1934,GREENBELT,,,,,38.126322620,-85.898072681,0.003,11/8/2020 12:00:00 AM,0330,2,2,0,2,CLEAR,DRY,False,OTHER INTERSECTION COLLISIONS,REAR END,STRAIGHT & LEVEL,DARK-HWY LIGHTED/ON,,,11/17/2020 8:31:19 AM,False,7720,Accepted,
27490551,0568000,LOUISVILLE METRO POLICE DEPT,Accepted,JEFFERSON,,,TRADE PORT,DR,,KY1934,GREENBELT,,,,,38.126322620,-85.898072681,0.003,11/8/2020 12:00:00 AM,0331,2,1,0,1,CLEAR,DRY,False,COLLISION WITH PEDESTRIAN IN INTERSECTION,SINGLE VEHICLE,STRAIGHT & LEVEL,DARK-HWY LIGHTED/ON,,,11/23/2020 3:00:44 PM,True,7720,Accepted,
27434465,0561500,UNIV. OF LOUISVILLE POLICE,Accepted,JEFFERSON,US0060A,300,EASTERN,PKWY,,,,,,,,38.213824401,-85.761756600,3.521,11/8/2020 12:00:00 AM,0303,1,1,0,1,CLEAR,DRY,False,COLLISION WITH FIXED OBJECT NON - INTERSECTION - FIRST EVENT COLLISION 09 - 32 EXCLUDING 16,SINGLE VEHICLE,STRAIGHT & GRADE,DARK-HWY LIGHTED/ON,,,11/9/2020 12:04:40 PM,False,5659,Accepted,
27446866,0568000,LOUISVILLE METRO POLICE DEPT,Accepted,JEFFERSON,KY0155,,TAYLORSVILLE,RD,,I 0265,I265 W EXIT23 ON RAMP FROM KY155,,,,,38.188439288,-85.510501455,6.149,11/8/2020 12:00:00 AM,1752,2,2,0,0,CLEAR,DRY,False,OPPOSING LEFT TURN,OPPOSING LEFT TURN,STRAIGHT & LEVEL,DUSK,,,11/12/2020 9:20:33 AM,False,7755,Accepted,
27446873,0568000,LOUISVILLE METRO POLICE DEPT,Accepted,JEFFERSON,,,LIBERTY,ST,W,,,,,,,38.252899692,-85.755502925,0.698,11/8/2020 12:00:00 AM,2134,2,2,0,1,CLEAR,DRY,False,1 VEHICLE ENTERING/LEAVING ENTRANCE,ANGLE,STRAIGHT & LEVEL,DARK-HWY LIGHTED/ON,,,11/12/2020 9:21:04 AM,False,5148,Accepted,
27433227,0568000,LOUISVILLE METRO POLICE DEPT,Accepted,JEFFERSON,,,4TH,ST,S,,LEE,,,,,38.223391154,-85.762373929,2.314,11/8/2020 12:00:00 AM,1518,2,2,0,0,CLEAR,DRY,False,ANGLE COLLISION - OTHER,ANGLE,STRAIGHT & LEVEL,DAYLIGHT,,,11/9/2020 8:54:25 AM,False,5325,Accepted,
27433236,0568000,LOUISVILLE METRO POLICE DEPT,Accepted,JEFFERSON,,2101,DATE,ST,,,,US0031W,22ND,US0031W,DR W J HODGE,38.242942451,-85.787624546,0.433,11/8/2020 12:00:00 AM,1141,2,2,0,1,CLEAR,DRY,False,1 VEHICLE ENTERING/LEAVING ENTRANCE,ANGLE,STRAIGHT & LEVEL,DAYLIGHT,,,11/9/2020 8:55:08 AM,False,5311,Accepted,
27433244,0568000,LOUISVILLE METRO POLICE DEPT,Accepted,JEFFERSON,US0042,,BROWNSBORO,RD,,,,,,,,38.260906276,-85.684820370,2.802,11/8/2020 12:00:00 AM,2322,2,2,0,0,CLEAR,DRY,False,SIDESWIPE COLLISION - SAME DIRECTION,SIDESWIPE-SAME DIRECTION,STRAIGHT & LEVEL,DARK (UNKNOWN ROADWAY LIGHTING),,,11/9/2020 8:55:35 AM,False,5104,Accepted,
27433245,0568000,LOUISVILLE METRO POLICE DEPT,Accepted,JEFFERSON,I 0064,,I64 E,,,,,,,,,38.218907041,-85.430813954,22.979,11/8/2020 12:00:00 AM,0410,3,3,0,2,CLEAR,DRY,False,OTHER ROADWAY OR MID-BLOCK COLLISION,REAR END,STRAIGHT & LEVEL,DARK-HWY NOT LIGHTED,,,11/9/2020 8:55:38 AM,False,7012,Accepted,
27433237,0568000,LOUISVILLE METRO POLICE DEPT,Accepted,JEFFERSON,KY1865,,TAYLOR,BLVD,,,,,,,,38.170392291,-85.781415269,4.384,11/8/2020 12:00:00 AM,1204,2,2,0,0,CLEAR,DRY,False,OTHER ROADWAY OR MID-BLOCK COLLISION,REAR END,STRAIGHT & LEVEL,DAYLIGHT,,,11/9/2020 8:55:12 AM,False,5316,Accepted,
27433238,0568000,LOUISVILLE METRO POLICE DEPT,Accepted,JEFFERSON,KY1020,,SOUTHSIDE,DR,,,EVANGELINE,,,,,38.160539993,-85.764845379,6.228,11/8/2020 12:00:00 AM,2100,2,2,0,1,CLEAR,DRY,False,OPPOSING LEFT TURN,OPPOSING LEFT TURN,STRAIGHT & LEVEL,DARK-HWY LIGHTED/ON,,,11/9/2020 8:55:15 AM,False,5259,Accepted,
27433202,0568000,LOUISVILLE METRO POLICE DEPT,Accepted,JEFFERSON,KY1020,9508,NATIONAL,TPKE,,,,,,,,38.111745024,-85.747386428,2.609,11/8/2020 12:00:00 AM,0246,1,1,0,1,CLEAR,DRY,False,OTHER ROADWAY OR MID-BLOCK COLLISION,SINGLE VEHICLE,CURVE & LEVEL,DARK-HWY LIGHTED/ON,,,11/9/2020 8:53:08 AM,False,7244,Accepted,
27433210,0568000,LOUISVILLE METRO POLICE DEPT,Accepted,JEFFERSON,KY3082,3604,BANK,ST,,,,,,,,38.272130187,-85.806801310,0.178,11/8/2020 12:00:00 AM,0608,3,3,0,0,CLEAR,DRY,True,1 VEHICLE PARKED POSITION (NOT PARKING LOT/DRIVEWAY),REAR END,STRAIGHT & LEVEL,DARK (UNKNOWN ROADWAY LIGHTING),,,11/9/2020 8:53:31 AM,False,7292,Accepted,
27433193,0568000,LOUISVILLE METRO POLICE DEPT,Accepted,JEFFERSON,US0042,,BROWNSBORO,RD,,,CLIFTON,,,,,38.258897468,-85.704761046,1.692,11/7/2020 12:00:00 AM,1843,1,1,0,1,CLEAR,DRY,False,NON-COLLISION OBJECT COLLISION,SINGLE VEHICLE,STRAIGHT & LEVEL,DARK-HWY LIGHTED/ON,,,11/9/2020 8:52:36 AM,False,7900,Accepted,