IncidentID,AgencyORI,AgencyName,IncidentStatusDesc,County,RdwyNumber,Street,RoadwayName,StreetSfx,StreetDir,IntersectionRdwy,IntersectionRdwyName,BetweenStRdwy1,BetweenStRdwyName1,BetweenStRdwy2,BetweenStRdwyName2,Latitude,Longitude,Milepoint,CollisionDate,CollisionTime,UnitsInvolved,MotorVehiclesInvolved,NumberKilled,NumberInjured,Weather,RdwyConditionCode,HitandRun,DirAnalysisCode,MannerofCollision,RdwyCharacter,LightCondition,RampFromRdwyId,RampToRdwyId,AcceptedDate,IsSecondaryCollision,OwnerBadge,IncidentStatus,
27433137,0568000,LOUISVILLE METRO POLICE DEPT,Accepted,JEFFERSON,,,STONESTREET,RD,,,VALLEY COLLEGE,,,,,38.118003601,-85.844400392,0.677,11/6/2020 12:00:00 AM,0849,2,2,0,0,CLEAR,DRY,False,ANGLE COLLISION - OTHER,ANGLE,STRAIGHT & LEVEL,DAYLIGHT,,,11/9/2020 8:48:41 AM,False,7174,Accepted,
27433145,0568000,LOUISVILLE METRO POLICE DEPT,Accepted,JEFFERSON,,,BLOSSOM,LN,,,WEISSINGER,,,,,38.286892753,-85.581825402,0.168,11/6/2020 12:00:00 AM,1030,3,3,0,0,CLEAR,DRY,False,COLLISION WITH PARKED VEHICLE,SIDESWIPE-SAME DIRECTION,STRAIGHT & LEVEL,DAYLIGHT,,,11/9/2020 8:49:09 AM,False,7631,Accepted,
27433146,0568000,LOUISVILLE METRO POLICE DEPT,Accepted,JEFFERSON,,,BRECKINRIDGE,ST,W,,6TH,,,,,38.242338763,-85.762418042,0.456,11/6/2020 12:00:00 AM,0818,2,2,0,0,CLEAR,DRY,False,ANGLE COLLISION - OTHER,ANGLE,STRAIGHT & LEVEL,DAYLIGHT,,,11/9/2020 8:49:14 AM,False,5186,Accepted,
27433152,0568000,LOUISVILLE METRO POLICE DEPT,Accepted,JEFFERSON,US0060A,,TAYLOR,BLVD,,,,,ROADWAY,,WELLER,38.207638300,-85.774569894,2.418,11/6/2020 12:00:00 AM,1810,2,2,0,0,CLEAR,DRY,True,HEAD-ON COLLISION,HEAD ON,STRAIGHT & LEVEL,DUSK,,,11/9/2020 8:49:49 AM,False,2499,Accepted,
27433153,0568000,LOUISVILLE METRO POLICE DEPT,Accepted,JEFFERSON,US0031E,,BARDSTOWN,RD,,,,,BARTLEY,,BRENTLINGER,38.134162181,-85.579611855,4.374,11/6/2020 12:00:00 AM,1725,2,2,0,0,CLEAR,DRY,False,1 VEHICLE ENTERING/LEAVING ENTRANCE,ANGLE,STRAIGHT & LEVEL,DUSK,,,11/9/2020 8:49:54 AM,False,6878,Accepted,
27433155,0568000,LOUISVILLE METRO POLICE DEPT,Accepted,JEFFERSON,KY0061,,PRESTON,ST,S,,,,CHESTNUT,,MUHAMMAD ALI,38.248247201,-85.747175371,12.463,11/6/2020 12:00:00 AM,1120,3,3,0,0,CLEAR,DRY,False,SIDESWIPE COLLISION - SAME DIRECTION,SIDESWIPE-SAME DIRECTION,STRAIGHT & LEVEL,DAYLIGHT,,,11/9/2020 8:49:58 AM,False,5251,Accepted,
27433160,0568000,LOUISVILLE METRO POLICE DEPT,Accepted,JEFFERSON,I 0071,,I71 N,,,,,,,,,38.311394050,-85.588648844,8.733,11/6/2020 12:00:00 AM,2107,2,2,0,0,CLEAR,DRY,False,REAR END IN TRAFFIC LANES BOTH VEHICLES MOVING,REAR END,STRAIGHT & LEVEL,DARK-HWY LIGHTED/ON,,,11/9/2020 8:50:25 AM,False,5004,Accepted,
27433144,0568000,LOUISVILLE METRO POLICE DEPT,Accepted,JEFFERSON,,1509,KNIGHT,RD,,,,,,,,38.174736508,-85.796886631,0.049,11/6/2020 12:00:00 AM,0745,2,2,0,0,CLEAR,DRY,False,1 VEHICLE PARKED POSITION (NOT PARKING LOT/DRIVEWAY),BACKING,STRAIGHT & GRADE,DAYLIGHT,,,11/9/2020 8:49:04 AM,False,5120,Accepted,
27433163,0568000,LOUISVILLE METRO POLICE DEPT,Accepted,JEFFERSON,KY1020,,3RD,ST,S,US0060A,EASTERN,,,,,38.213751583,-85.762286299,9.868,11/6/2020 12:00:00 AM,1914,2,2,0,1,CLEAR,DRY,False,OTHER INTERSECTION COLLISIONS,REAR END,STRAIGHT & LEVEL,DARK-HWY LIGHTED/ON,,,11/9/2020 8:50:31 AM,False,5037,Accepted,
27433169,0568000,LOUISVILLE METRO POLICE DEPT,Accepted,JEFFERSON,,,CHESTNUT,ST,W,,,,,,,38.250640201,-85.772880744,1.539,11/6/2020 12:00:00 AM,2250,2,2,0,0,CLEAR,DRY,False,1 VEHICLE ENTERING/LEAVING ENTRANCE,ANGLE,STRAIGHT & LEVEL,DARK-HWY LIGHTED/ON,,,11/9/2020 8:50:52 AM,False,5025,Accepted,
27433170,0568000,LOUISVILLE METRO POLICE DEPT,Accepted,JEFFERSON,KY1020,,2ND,ST,S,,CARDINAL,,,,,38.220403482,-85.759785086,10.320,11/6/2020 12:00:00 AM,1534,2,2,0,0,CLEAR,DRY,False,ANGLE COLLISION - OTHER,ANGLE,STRAIGHT & LEVEL,DAYLIGHT,,,11/9/2020 8:50:55 AM,False,7257,Accepted,
27433171,0568000,LOUISVILLE METRO POLICE DEPT,Accepted,JEFFERSON,KY1932,,BRECKENRIDGE,LN,,,,,,,,38.222489475,-85.632621947,3.062,11/6/2020 12:00:00 AM,2020,2,2,0,0,CLEAR,DRY,False,OTHER ROADWAY OR MID-BLOCK COLLISION,OPPOSING LEFT TURN,STRAIGHT & LEVEL,DARK-HWY LIGHTED/ON,,,11/9/2020 8:50:59 AM,False,5171,Accepted,
27423771,0568000,LOUISVILLE METRO POLICE DEPT,Accepted,JEFFERSON,,,KLONDIKE,LN,,,MAMARONECK,,,,,38.203232795,-85.638558414,0.247,11/5/2020 12:00:00 AM,1111,2,2,0,0,CLEAR,DRY,True,ANGLE COLLISION - OTHER,ANGLE,STRAIGHT & LEVEL,DAYLIGHT,,,11/6/2020 9:37:46 AM,False,2532,Accepted,
27423779,0568000,LOUISVILLE METRO POLICE DEPT,Accepted,JEFFERSON,KY1065,1001,OUTER,LOOP,,,,,,,,38.127255019,-85.748108596,2.565,11/5/2020 12:00:00 AM,1614,2,2,0,0,CLEAR,DRY,False,REAR END IN TRAFFIC LANES BOTH VEHICLES MOVING,REAR END,STRAIGHT & LEVEL,DAYLIGHT,,,11/6/2020 9:38:39 AM,False,7483,Accepted,
27423785,0568000,LOUISVILLE METRO POLICE DEPT,Accepted,JEFFERSON,,2314,BOLLING,AVE,,,,,,,,38.230590551,-85.795501382,0.543,11/5/2020 12:00:00 AM,0641,2,2,0,0,CLEAR,DRY,False,1 VEHICLE PARKED POSITION (NOT PARKING LOT/DRIVEWAY),REAR END,STRAIGHT & LEVEL,DUSK,,,11/6/2020 9:39:15 AM,False,5039,Accepted,
27423777,0568000,LOUISVILLE METRO POLICE DEPT,Accepted,JEFFERSON,,,HALE,AVE,,,32ND,,,,,38.240032582,-85.806700084,1.557,11/5/2020 12:00:00 AM,1413,2,2,0,0,CLEAR,DRY,False,OPPOSITE DIRECTION - BOTH VEHICLES GOING STRAIGHT AHEAD,SIDESWIPE-OPPOSITE DIRECTION,CURVE & LEVEL,DAYLIGHT,,,11/6/2020 9:38:25 AM,False,5312,Accepted,
27423778,0568000,LOUISVILLE METRO POLICE DEPT,Accepted,JEFFERSON,KY1865,,NEW CUT,RD,,KY0841,KY841 RAMP TO KY1865,,,,,38.119369235,-85.777211301,0.767,11/5/2020 12:00:00 AM,1826,2,2,0,2,CLEAR,DRY,False,ANGLE COLLISION - OTHER,ANGLE,CURVE & LEVEL,DARK-HWY LIGHTED/ON,,,11/6/2020 9:38:35 AM,False,7202,Accepted,
27438258,0568000,LOUISVILLE METRO POLICE DEPT,Accepted,JEFFERSON,,,FLOYD,ST,S,US0150,BROADWAY,,,,,38.245468813,-85.749770719,0.717,11/5/2020 12:00:00 AM,1008,1,1,0,0,CLEAR,DRY,False,COLLISION WITH FIXED OBJECT IN INTERSECTION - FIRST EVENT COLLISION 09 - 32,SINGLE VEHICLE,STRAIGHT & LEVEL,DAYLIGHT,,,11/10/2020 8:17:54 AM,False,2403,Accepted,
27691102,0568000,LOUISVILLE METRO POLICE DEPT,Accepted,JEFFERSON,US0031W,,DIXIE,HWY,,,,,,,,38.033589102,-85.912643752,2.822,11/5/2020 12:00:00 AM,0700,3,3,0,0,CLEAR,DRY,False,SIDESWIPE COLLISION - SAME DIRECTION,SIDESWIPE-SAME DIRECTION,STRAIGHT & LEVEL,DAWN,,,1/20/2021 8:09:39 AM,False,7524,Accepted,
27423780,0568000,LOUISVILLE METRO POLICE DEPT,Accepted,JEFFERSON,KY0841,,,,,,,,,,,38.121664356,-85.776797299,0.341,11/5/2020 12:00:00 AM,1855,2,2,0,0,CLEAR,DRY,False,OTHER RAMP RELATED COLLISIONS NOT LISTED ABOVE,REAR END,CURVE & LEVEL,DARK (UNKNOWN ROADWAY LIGHTING),KY0841,KY1865,11/6/2020 9:38:44 AM,False,7483,Accepted,
27423782,0568000,LOUISVILLE METRO POLICE DEPT,Accepted,JEFFERSON,KY2054,,ALGONQUIN,PKWY,,,BEECH,,,,,38.224083680,-85.805198486,0.952,11/5/2020 12:00:00 AM,1005,2,2,0,0,CLOUDY,DRY,False,OTHER INTERSECTION COLLISIONS,REAR END,STRAIGHT & LEVEL,DAYLIGHT,,,11/6/2020 9:38:56 AM,False,5282,Accepted,
27423775,0568000,LOUISVILLE METRO POLICE DEPT,Accepted,JEFFERSON,I 0064,,I64 W,,,,,,,,,38.251118018,-85.715514671,6.998,11/5/2020 12:00:00 AM,1409,1,1,0,0,CLEAR,DRY,False,OTHER COLLISIONS ON SHOULDER,SINGLE VEHICLE,CURVE & LEVEL,DAYLIGHT,,,11/6/2020 9:38:02 AM,False,2217,Accepted,
27423783,0568000,LOUISVILLE METRO POLICE DEPT,Accepted,JEFFERSON,US0031E,7601,BARDSTOWN,RD,,,,,WINGFIELD,,CEDAR CREEK,38.136229396,-85.580623350,4.528,11/5/2020 12:00:00 AM,2041,2,1,0,1,CLEAR,DRY,False,COLLISION WITH PEDESTRIAN NON - INTERSECTION,SINGLE VEHICLE,STRAIGHT & LEVEL,DARK-HWY NOT LIGHTED,,,11/6/2020 9:39:03 AM,False,5011,Accepted,
27419153,0568000,LOUISVILLE METRO POLICE DEPT,Accepted,JEFFERSON,US0060A,,EASTERN,PKWY,,KY0061,PRESTON,,,,,38.214577955,-85.743099871,4.549,11/5/2020 12:00:00 AM,0830,2,2,0,2,CLEAR,DRY,False,ANGLE COLLISION - OTHER,ANGLE,STRAIGHT & LEVEL,DAYLIGHT,,,11/5/2020 9:57:34 AM,False,7418,Accepted,
27540928,0568000,LOUISVILLE METRO POLICE DEPT,Accepted,JEFFERSON,US0150,,BROADWAY,,E,KY0061,JACKSON,,,,,38.245182423,-85.745628494,3.071,11/5/2020 12:00:00 AM,1112,2,2,0,0,CLEAR,DRY,False,ANGLE COLLISION - OTHER,ANGLE,STRAIGHT & LEVEL,DAYLIGHT,,,12/8/2020 8:06:54 AM,False,5108,Accepted,
27419062,0568000,LOUISVILLE METRO POLICE DEPT,Accepted,JEFFERSON,,,PRESTON,ST,N,US0031E,MAIN,,,,,38.255497431,-85.745800983,0.004,11/5/2020 12:00:00 AM,0118,2,2,0,0,CLEAR,DRY,True,OTHER INTERSECTION COLLISIONS,REAR END,STRAIGHT & LEVEL,DARK-HWY LIGHTED/ON,,,11/5/2020 9:33:40 AM,False,5135,Accepted,
27419070,0568000,LOUISVILLE METRO POLICE DEPT,Accepted,JEFFERSON,KY3082,2421,BANK,ST,,,,,,,,38.267108190,-85.785003044,1.450,11/5/2020 12:00:00 AM,0500,2,1,0,1,CLEAR,DRY,True,COLLISION WITH PEDESTRIAN NON - INTERSECTION,SINGLE VEHICLE,STRAIGHT & LEVEL,DARK-HWY LIGHTED/ON,,,11/5/2020 9:34:44 AM,False,5254,Accepted,
27423466,0560400,SHIVELY POLICE DEPARTMENT,Accepted,JEFFERSON,I 0264,,I264 E,,,,,I 0264,I264 E EXIT8B OFF RAMP TO US31W S,I 0264,I264 E EXIT5 ON RAMP FROM KY1934,38.186163034,-85.826362201,6.727,11/5/2020 12:00:00 AM,1141,2,2,0,1,CLEAR,DRY,False,1 VEHICLE PARKED POSITION (NOT PARKING LOT/DRIVEWAY),SIDESWIPE-SAME DIRECTION,CURVE & LEVEL,DAYLIGHT,,,11/6/2020 7:29:41 AM,False,7088,Accepted,
27423764,0568000,LOUISVILLE METRO POLICE DEPT,Accepted,JEFFERSON,KY1865,,NEW CUT,RD,,,ORCHARD HILL,,,,,38.159435276,-85.778570817,3.625,11/5/2020 12:00:00 AM,0851,2,2,0,0,CLEAR,DRY,False,SIDESWIPE-SAME DIRECTION,SIDESWIPE-SAME DIRECTION,STRAIGHT & LEVEL,DAYLIGHT,,,11/6/2020 9:37:06 AM,False,5326,Accepted,
27423773,0568000,LOUISVILLE METRO POLICE DEPT,Accepted,JEFFERSON,US0060A,,LEXINGTON,RD,,KY2048,CANNONS,,,,,38.249615600,-85.666927566,9.969,11/4/2020 12:00:00 AM,1429,2,2,0,0,CLEAR,DRY,False,ANGLE COLLISION - OTHER,ANGLE,STRAIGHT & LEVEL,DAYLIGHT,,,11/6/2020 9:37:51 AM,False,7043,Accepted,
27423763,0568000,LOUISVILLE METRO POLICE DEPT,Accepted,JEFFERSON,,,INDIAN,TRL,E,,,,INDIAN OAKS,,LODEMA,38.171068108,-85.686778662,1.098,11/4/2020 12:00:00 AM,1730,2,2,0,1,CLEAR,DRY,False,OTHER ROADWAY OR MID-BLOCK COLLISION,OPPOSING LEFT TURN,STRAIGHT & LEVEL,DAYLIGHT,,,11/6/2020 9:37:01 AM,False,5027,Accepted,
27419597,0561500,UNIV. OF LOUISVILLE POLICE,Accepted,JEFFERSON,,414,CHESTNUT,ST,E,,,,,,,38.248314875,-85.751445665,0.081,11/4/2020 12:00:00 AM,1414,2,2,0,0,CLEAR,DRY,False,VEHICLE BACKING NON INTERSECTION,BACKING,STRAIGHT & LEVEL,DAYLIGHT,,,11/5/2020 11:16:35 AM,False,5627,Accepted,
27419068,0568000,LOUISVILLE METRO POLICE DEPT,Accepted,JEFFERSON,,,JEFFERSON,BLVD,,,BATES,,,,,38.140133803,-85.675043163,0.155,11/4/2020 12:00:00 AM,2009,2,2,0,0,CLEAR,DRY,False,ANGLE COLLISION - OTHER,ANGLE,STRAIGHT & LEVEL,DUSK,,,11/5/2020 9:34:26 AM,False,5138,Accepted,
27419053,0568000,LOUISVILLE METRO POLICE DEPT,Accepted,JEFFERSON,,1715,POWELL,AVE,,,,,,,,38.196530042,-85.790489949,0.339,11/4/2020 12:00:00 AM,1711,2,2,0,0,CLEAR,DRY,False,SIDESWIPE COLLISION - SAME DIRECTION,SIDESWIPE-SAME DIRECTION,STRAIGHT & LEVEL,DAYLIGHT,,,11/5/2020 9:32:29 AM,False,5328,Accepted,
27419052,0568000,LOUISVILLE METRO POLICE DEPT,Accepted,JEFFERSON,,,DIXIE,HWY,,,VORSTER,,,,,38.224634679,-85.791922405,1.761,11/4/2020 12:00:00 AM,1649,2,2,0,0,CLEAR,DRY,False,ANGLE COLLISION - OTHER,ANGLE,STRAIGHT & LEVEL,DAYLIGHT,,,11/5/2020 9:32:04 AM,False,5312,Accepted,
27525116,0561500,UNIV. OF LOUISVILLE POLICE,Accepted,JEFFERSON,,2800,FLOYD,ST,S,,,,,,,38.204476034,-85.756871550,3.532,11/4/2020 12:00:00 AM,1340,2,2,0,0,CLEAR,DRY,True,COLLISION IN PARKING LOT,SIDESWIPE-SAME DIRECTION,STRAIGHT & LEVEL,DAYLIGHT,,,12/3/2020 1:59:52 PM,False,5697,Accepted,
27423766,0568000,LOUISVILLE METRO POLICE DEPT,Accepted,JEFFERSON,I 0264,,I264 W,,,,,,,,,38.202237187,-85.687885327,14.570,11/4/2020 12:00:00 AM,1727,4,4,0,0,CLEAR,DRY,True,REAR END IN TRAFFIC LANES BOTH VEHICLES MOVING,REAR END,CURVE & GRADE,DUSK,,,11/6/2020 9:37:28 AM,False,8278,Accepted,
27419044,0568000,LOUISVILLE METRO POLICE DEPT,Accepted,JEFFERSON,,,VIRGINIA,AVE,,,CYPRESS,,,,,38.237862249,-85.797553487,0.073,11/4/2020 12:00:00 AM,0802,2,2,0,0,CLEAR,DRY,False,SIDESWIPE-SAME DIRECTION,SIDESWIPE-SAME DIRECTION,STRAIGHT & LEVEL,DAYLIGHT,,,11/5/2020 9:31:39 AM,False,5179,Accepted,
27419050,0568000,LOUISVILLE METRO POLICE DEPT,Accepted,JEFFERSON,,,FLOWERVALE,LN,,US0031W,DIXIE,,,,,38.085360111,-85.879795109,,11/4/2020 12:00:00 AM,1554,2,2,0,0,CLEAR,DRY,False,OPPOSING LEFT TURN,OPPOSING LEFT TURN,STRAIGHT & LEVEL,DAYLIGHT,,,11/5/2020 9:31:52 AM,False,2098,Accepted,
27419067,0568000,LOUISVILLE METRO POLICE DEPT,Accepted,JEFFERSON,,,BROADWAY,,W,US0031W,22ND,,,,,38.249242692,-85.788341945,0.008,11/4/2020 12:00:00 AM,1916,2,1,0,1,CLEAR,DRY,False,COLLISION WITH PEDESTRIAN IN INTERSECTION,SINGLE VEHICLE,STRAIGHT & LEVEL,DARK-HWY LIGHTED/ON,,,11/5/2020 9:34:11 AM,False,5172,Accepted,
27433139,0568000,LOUISVILLE METRO POLICE DEPT,Accepted,JEFFERSON,KY1447,,WESTPORT,RD,,,SPRINGHURST,,,,,38.293723835,-85.559270881,6.032,11/4/2020 12:00:00 AM,1037,3,3,0,0,CLEAR,DRY,True,OTHER INTERSECTION COLLISIONS,REAR END,STRAIGHT & LEVEL,DAYLIGHT,,,11/9/2020 8:48:49 AM,False,5102,Accepted,
27435020,0568000,LOUISVILLE METRO POLICE DEPT,Accepted,JEFFERSON,US0060,,SHELBYVILLE,RD,,KY1747,HURSTBOURNE,,,,,38.246475627,-85.577298171,7.832,11/4/2020 12:00:00 AM,2153,2,1,0,0,CLEAR,DRY,False,OTHER INTERSECTION COLLISIONS,REAR END,STRAIGHT & LEVEL,DARK-HWY LIGHTED/ON,,,11/9/2020 2:23:16 PM,False,7440,Accepted,
27414510,0568000,LOUISVILLE METRO POLICE DEPT,Accepted,JEFFERSON,,,13TH,ST,S,,BRASHEAR,,,,,38.226122654,-85.777101203,1.732,11/4/2020 12:00:00 AM,0445,3,3,0,0,CLEAR,DRY,False,COLLISION WITH PARKED VEHICLE,SIDESWIPE-OPPOSITE DIRECTION,STRAIGHT & LEVEL,DARK-HWY LIGHTED/ON,,,11/4/2020 10:04:24 AM,False,5229,Accepted,
27416148,0568000,LOUISVILLE METRO POLICE DEPT,Accepted,JEFFERSON,,,JEFFERSON,ST,E,,HANCOCK,,,,,38.252259078,-85.742325390,0.513,11/4/2020 12:00:00 AM,0850,2,2,0,2,CLEAR,DRY,False,ANGLE COLLISION - OTHER,ANGLE,STRAIGHT & LEVEL,DAYLIGHT,,,11/4/2020 3:26:22 PM,False,5173,Accepted,
27416149,0568000,LOUISVILLE METRO POLICE DEPT,Accepted,JEFFERSON,,,CHESTNUT,ST,W,,26TH,,,,,38.252724764,-85.791893247,0.495,11/4/2020 12:00:00 AM,1243,2,2,0,1,CLEAR,DRY,False,ANGLE COLLISION - OTHER,ANGLE,STRAIGHT & LEVEL,DAYLIGHT,,,11/4/2020 3:26:25 PM,False,7988,Accepted,
27419054,0568000,LOUISVILLE METRO POLICE DEPT,Accepted,JEFFERSON,US0031W,,DIXIE,HWY,,,LOWER HUNTERS,,,,,38.156102554,-85.834482526,12.437,11/4/2020 12:00:00 AM,1621,2,2,0,0,CLEAR,DRY,False,SIDESWIPE-SAME DIRECTION,SIDESWIPE-SAME DIRECTION,STRAIGHT & LEVEL,DAYLIGHT,,,11/5/2020 9:32:38 AM,False,7340,Accepted,
27419063,0568000,LOUISVILLE METRO POLICE DEPT,Accepted,JEFFERSON,KY1065,,OUTER,LOOP,,KY1020,NATIONAL,,,,,38.127019673,-85.748516743,2.539,11/4/2020 12:00:00 AM,2233,2,2,0,0,CLEAR,DRY,False,ANGLE COLLISION - OTHER,ANGLE,STRAIGHT & LEVEL,DARK-HWY NOT LIGHTED,,,11/5/2020 9:33:46 AM,False,7114,Accepted,
27419155,0568000,LOUISVILLE METRO POLICE DEPT,Accepted,JEFFERSON,KY1865,,TAYLOR,BLVD,,,LYNNHURST,,,,,38.178349372,-85.782918046,4.934,11/4/2020 12:00:00 AM,1515,2,2,0,1,CLEAR,DRY,False,OPPOSING LEFT TURN,OPPOSING LEFT TURN,STRAIGHT & LEVEL,DAYLIGHT,,,11/5/2020 10:00:47 AM,False,7048,Accepted,
27423762,0568000,LOUISVILLE METRO POLICE DEPT,Accepted,JEFFERSON,KY0864,5013,POPLAR LEVEL,RD,,,,,,,,38.166727235,-85.681243085,8.833,11/4/2020 12:00:00 AM,1018,1,1,0,0,CLEAR,DRY,False,COLLISION IN PARKING LOT,SINGLE VEHICLE,STRAIGHT & LEVEL,DAYLIGHT,,,11/6/2020 9:36:55 AM,False,5027,Accepted,
27419057,0568000,LOUISVILLE METRO POLICE DEPT,Accepted,JEFFERSON,,,SIX MILE,LN,,,LANDSIDE,,,,,38.199031939,-85.620834921,1.848,11/4/2020 12:00:00 AM,1848,2,2,0,1,CLEAR,DRY,False,ANGLE COLLISION - OTHER,ANGLE,CURVE & LEVEL,DARK-HWY LIGHTED/OFF,,,11/5/2020 9:32:56 AM,False,5146,Accepted,
27419064,0568000,LOUISVILLE METRO POLICE DEPT,Accepted,JEFFERSON,I 0064,,I64 W,,,,,,,,,38.225766393,-85.586111102,14.505,11/4/2020 12:00:00 AM,2300,2,2,0,0,CLEAR,DRY,True,SIDESWIPE COLLISION - SAME DIRECTION,SIDESWIPE-SAME DIRECTION,STRAIGHT & LEVEL,DARK-HWY LIGHTED/OFF,,,11/5/2020 9:33:52 AM,False,6777,Accepted,
27419066,0568000,LOUISVILLE METRO POLICE DEPT,Accepted,JEFFERSON,US0060A,,EASTERN,PKWY,,,BARRET,,,,,38.226596159,-85.720463107,6.099,11/4/2020 12:00:00 AM,2232,1,1,0,0,CLEAR,DRY,True,COLLISION WITH FIXED OBJECT IN INTERSECTION - FIRST EVENT COLLISION 09 - 32,SINGLE VEHICLE,CURVE & LEVEL,DARK-HWY LIGHTED/ON,,,11/5/2020 9:34:03 AM,False,7049,Accepted,
27423776,0568000,LOUISVILLE METRO POLICE DEPT,Accepted,JEFFERSON,,,24TH,ST,N,,,,,,,38.270732336,-85.786966850,0.724,11/4/2020 12:00:00 AM,1800,2,2,0,0,CLEAR,DRY,True,1 VEHICLE ENTERING/LEAVING ENTRANCE,ANGLE,STRAIGHT & LEVEL,DUSK,,,11/6/2020 9:38:08 AM,False,7288,Accepted,
27417293,0560400,SHIVELY POLICE DEPARTMENT,Accepted,JEFFERSON,,,LOWER HUNTERS,TRCE,,,,,UPPER HUNTERS,,TAHIA,38.157796467,-85.847525668,0.718,11/3/2020 12:00:00 AM,1450,3,3,0,3,CLEAR,DRY,True,REAR END IN TRAFFIC LANES BOTH VEHICLES MOVING,REAR END,STRAIGHT & LEVEL,DAYLIGHT,,,11/4/2020 9:45:31 PM,False,7091,Accepted,
27416147,0568000,LOUISVILLE METRO POLICE DEPT,Accepted,JEFFERSON,I 0065,,I65 N,,,,,I 0064,I64 S EXIT137 RAMP TO I71 N,I 0064,I64 E EXIT5AB RAMP TO I65 N,38.259934691,-85.741509245,136.545,11/3/2020 12:00:00 AM,1545,2,2,0,0,CLEAR,DRY,False,SIDESWIPE COLLISION - SAME DIRECTION,SIDESWIPE-SAME DIRECTION,STRAIGHT & LEVEL,DAYLIGHT,,,11/4/2020 3:26:18 PM,False,7058,Accepted,
27417278,0560400,SHIVELY POLICE DEPARTMENT,Accepted,JEFFERSON,US0031W,5311,DIXIE,HWY,,,,,FLINTLOCK,,KURZ,38.160401092,-85.832430616,12.760,11/3/2020 12:00:00 AM,0954,2,2,0,2,CLEAR,DRY,False,1 VEHICLE ENTERING/LEAVING ENTRANCE,ANGLE,STRAIGHT & LEVEL,DAYLIGHT,,,11/4/2020 9:44:41 PM,False,7106,Accepted,
27416007,0560600,WEST BUECHEL POLICE DEPT.,Accepted,JEFFERSON,KY2251,,BARDSTOWN,RD,,,,,,,,38.191889073,-85.646691110,0.169,11/3/2020 12:00:00 AM,1400,2,2,0,0,CLEAR,DRY,False,REAR END IN TRAFFIC LANES BOTH VEHICLES MOVING,REAR END,CURVE & LEVEL,DAYLIGHT,,,11/4/2020 2:43:44 PM,False,1288,Accepted,
27414485,0568000,LOUISVILLE METRO POLICE DEPT,Accepted,JEFFERSON,,,MORNING GLORY,LN,,,TRILLIUM,,,,,38.135647317,-85.866261639,0.390,11/3/2020 12:00:00 AM,1646,2,2,0,0,CLEAR,DRY,False,ANGLE COLLISION - OTHER,ANGLE,STRAIGHT & LEVEL,DAYLIGHT,,,11/4/2020 10:01:53 AM,False,7174,Accepted,
27414492,0568000,LOUISVILLE METRO POLICE DEPT,Accepted,JEFFERSON,,1200,WOLFE,AVE,,,,,,,,38.196441878,-85.730762961,0.002,11/3/2020 12:00:00 AM,1751,2,2,0,0,CLEAR,DRY,False,1 VEHICLE PARKED POSITION (NOT PARKING LOT/DRIVEWAY),REAR END,STRAIGHT & LEVEL,DARK-HWY LIGHTED/ON,,,11/4/2020 10:02:59 AM,False,5106,Accepted,
27414467,0568000,LOUISVILLE METRO POLICE DEPT,Accepted,JEFFERSON,,,ABRAHAM FLEXNER,WAY,,,,,,,,38.249201253,-85.749911631,0.007,11/3/2020 12:00:00 AM,1139,2,2,0,0,CLOUDY,DRY,False,1 VEHICLE PARKED POSITION (NOT PARKING LOT/DRIVEWAY),SIDESWIPE-SAME DIRECTION,STRAIGHT & LEVEL,DARK-HWY LIGHTED/ON,,,11/4/2020 10:01:34 AM,False,7239,Accepted,
27414501,0568000,LOUISVILLE METRO POLICE DEPT,Accepted,JEFFERSON,KY1934,3301,CANE RUN,RD,,KY2054,ALGONQUIN,,,,,38.224396934,-85.809323812,11.502,11/3/2020 12:00:00 AM,1945,2,2,0,0,CLEAR,DRY,False,VEHICLE BACKING IN INTERSECTION,BACKING,STRAIGHT & LEVEL,DARK (UNKNOWN ROADWAY LIGHTING),,,11/4/2020 10:03:46 AM,False,7995,Accepted,
27415448,0561000,JEFFERSONTOWN POLICE DEPT,Accepted,JEFFERSON,KY1747,,HURSTBOURNE,PKWY,S,I 0064,I64 E EXIT15 ON RAMP FROM KY1747 N,,,,,38.221730965,-85.579472803,11.779,11/3/2020 12:00:00 AM,1421,2,2,0,1,CLEAR,DRY,False,OTHER INTERSECTION COLLISIONS,REAR END,CURVE & GRADE,DAYLIGHT,,,11/4/2020 12:25:23 PM,False,8308,Accepted,
27470655,0568000,LOUISVILLE METRO POLICE DEPT,Accepted,JEFFERSON,,,HANCOCK,ST,S,,JEFFERSON,,,,,38.252335847,-85.742287366,0.186,11/3/2020 12:00:00 AM,1130,2,2,0,1,CLEAR,DRY,False,ANGLE COLLISION - OTHER,ANGLE,STRAIGHT & LEVEL,DARK-HWY LIGHTED/ON,,,11/18/2020 8:09:15 AM,False,5268,Accepted,
27511170,0568000,LOUISVILLE METRO POLICE DEPT,Accepted,JEFFERSON,,6218,SIX MILE,LN,,,,,,,,38.198423018,-85.641267462,0.705,11/3/2020 12:00:00 AM,0249,1,1,0,0,CLEAR,DRY,False,COLLISION WITH FIXED OBJECT NON - INTERSECTION - FIRST EVENT COLLISION 09 - 32 EXCLUDING 16,SINGLE VEHICLE,STRAIGHT & LEVEL,DARK-HWY NOT LIGHTED,,,11/30/2020 8:33:58 AM,False,7851,Accepted,