IncidentID,AgencyORI,AgencyName,IncidentStatusDesc,County,RdwyNumber,Street,RoadwayName,StreetSfx,StreetDir,IntersectionRdwy,IntersectionRdwyName,BetweenStRdwy1,BetweenStRdwyName1,BetweenStRdwy2,BetweenStRdwyName2,Latitude,Longitude,Milepoint,CollisionDate,CollisionTime,UnitsInvolved,MotorVehiclesInvolved,NumberKilled,NumberInjured,Weather,RdwyConditionCode,HitandRun,DirAnalysisCode,MannerofCollision,RdwyCharacter,LightCondition,RampFromRdwyId,RampToRdwyId,AcceptedDate,IsSecondaryCollision,OwnerBadge,IncidentStatus,
27409937,0568000,LOUISVILLE METRO POLICE DEPT,Accepted,JEFFERSON,,2012,EMERSON,AVE,,,,,,,,38.217311161,-85.684523001,0.618,11/3/2020 12:00:00 AM,0000,2,2,0,0,CLEAR,DRY,True,1 VEHICLE PARKED POSITION (NOT PARKING LOT/DRIVEWAY),REAR END,STRAIGHT & LEVEL,DARK-HWY LIGHTED/ON,,,11/3/2020 8:34:57 AM,False,7101,Accepted,
27414463,0568000,LOUISVILLE METRO POLICE DEPT,Accepted,JEFFERSON,KY0907,,3RD ST,RD,,,,,,,,38.117377048,-85.806817247,3.676,11/3/2020 12:00:00 AM,1249,1,1,0,0,CLEAR,DRY,False,COLLISION WITH FIXED OBJECT NON - INTERSECTION - FIRST EVENT COLLISION 09 - 32 EXCLUDING 16,SINGLE VEHICLE,STRAIGHT & LEVEL,DAYLIGHT,,,11/4/2020 10:01:27 AM,False,7174,Accepted,
27414473,0568000,LOUISVILLE METRO POLICE DEPT,Accepted,JEFFERSON,,,28TH,ST,S,,BROADWAY,,,,,38.249566931,-85.798275458,0.798,11/3/2020 12:00:00 AM,1418,2,1,0,1,CLEAR,DRY,False,COLLISION WITH PEDESTRIAN IN INTERSECTION,SINGLE VEHICLE,STRAIGHT & LEVEL,DAYLIGHT,,,11/4/2020 10:01:40 AM,False,7463,Accepted,
27414479,0568000,LOUISVILLE METRO POLICE DEPT,Accepted,JEFFERSON,I 0064,,I64 E,,,,,I 0064,I64 E EXIT5AB ON RAMP FROM US31,I 0065,I65 S,38.258027863,-85.743739592,5.299,11/3/2020 12:00:00 AM,0909,2,2,0,1,CLEAR,DRY,False,SIDESWIPE COLLISION - SAME DIRECTION,SIDESWIPE-SAME DIRECTION,STRAIGHT & LEVEL,DAYLIGHT,,,11/4/2020 10:01:44 AM,False,2764,Accepted,
27414488,0568000,LOUISVILLE METRO POLICE DEPT,Accepted,JEFFERSON,,5106,STONY BROOK,DR,,,,,MICHAEL EDWARD,,SHEBLY,38.173643318,-85.601142254,0.250,11/3/2020 12:00:00 AM,1730,2,2,0,0,CLEAR,DRY,False,HEAD-ON COLLISION,HEAD ON,STRAIGHT & LEVEL,DUSK,,,11/4/2020 10:02:06 AM,False,5336,Accepted,
27414455,0568000,LOUISVILLE METRO POLICE DEPT,Accepted,JEFFERSON,KY0864,,POPLAR LEVEL,RD,,,TREVILIAN,,,,,38.205435738,-85.712893190,12.072,11/3/2020 12:00:00 AM,0829,2,2,0,1,CLEAR,DRY,False,ANGLE COLLISION - ONE VEHICLE TURNING LEFT,ANGLE,STRAIGHT & HILLCREST,DAYLIGHT,,,11/4/2020 10:00:56 AM,False,7898,Accepted,
27414490,0568000,LOUISVILLE METRO POLICE DEPT,Accepted,JEFFERSON,,4600,3RD,ST,S,,,,WOODLAWN,,WELLINGTON,38.183106747,-85.765936658,1.211,11/3/2020 12:00:00 AM,1558,2,2,0,2,CLEAR,DRY,False,REAR END IN TRAFFIC LANES BOTH VEHICLES MOVING,REAR END,CURVE & LEVEL,DAYLIGHT,,,11/4/2020 10:02:42 AM,False,5315,Accepted,
27414491,0568000,LOUISVILLE METRO POLICE DEPT,Accepted,JEFFERSON,US0060A,,EASTERN,PKWY,,,DELOR,,,,,38.217120597,-85.738518079,4.854,11/3/2020 12:00:00 AM,1525,2,2,0,1,CLEAR,DRY,False,OPPOSING LEFT TURN,OPPOSING LEFT TURN,STRAIGHT & LEVEL,DAYLIGHT,,,11/4/2020 10:02:51 AM,False,5106,Accepted,
27414499,0568000,LOUISVILLE METRO POLICE DEPT,Accepted,JEFFERSON,KY1450,,BLUE LICK,RD,,,WHISPERING BROOK,,,,,38.104174556,-85.693192294,1.307,11/3/2020 12:00:00 AM,2004,2,2,0,0,CLEAR,DRY,False,OPPOSITE DIRECTION - BOTH VEHICLES GOING STRAIGHT AHEAD,SIDESWIPE-OPPOSITE DIRECTION,STRAIGHT & LEVEL,DARK-HWY NOT LIGHTED,,,11/4/2020 10:03:35 AM,False,7474,Accepted,
27416461,0561500,UNIV. OF LOUISVILLE POLICE,Accepted,JEFFERSON,,,FLOYD,ST,S,,,,,,,38.215321212,-85.754989361,2.778,11/3/2020 12:00:00 AM,1409,2,2,0,0,CLEAR,DRY,False,OTHER ROADWAY OR MID-BLOCK COLLISION,REAR END,STRAIGHT & LEVEL,DAYLIGHT,,,11/4/2020 4:25:32 PM,False,5691,Accepted,
27414498,0568000,LOUISVILLE METRO POLICE DEPT,Accepted,JEFFERSON,,8703,MT EASTES,LN,,,,,,,,38.151557467,-85.597074261,0.062,11/3/2020 12:00:00 AM,2355,1,1,0,1,CLEAR,DRY,False,COLLISION WITH FIXED OBJECT NON - INTERSECTION - FIRST EVENT COLLISION 09 - 32 EXCLUDING 16,SINGLE VEHICLE,CURVE & LEVEL,DARK-HWY NOT LIGHTED,,,11/4/2020 10:03:27 AM,False,5314,Accepted,
27414505,0568000,LOUISVILLE METRO POLICE DEPT,Accepted,JEFFERSON,,710,SHELBY,PKWY,,,,,CLAY,KY0864,SHELBY,38.232060400,-85.743092154,0.141,11/3/2020 12:00:00 AM,2132,3,3,0,0,CLEAR,DRY,True,1 VEHICLE PARKED POSITION (NOT PARKING LOT/DRIVEWAY),SIDESWIPE-SAME DIRECTION,STRAIGHT & LEVEL,DARK-HWY LIGHTED/ON,,,11/4/2020 10:04:12 AM,False,5267,Accepted,
27409938,0568000,LOUISVILLE METRO POLICE DEPT,Accepted,JEFFERSON,I 0264,,I264 W,,,,,,,,,38.194675371,-85.709280488,13.265,11/3/2020 12:00:00 AM,0500,2,2,0,0,CLEAR,DRY,False,SIDESWIPE COLLISION - SAME DIRECTION,SIDESWIPE-SAME DIRECTION,STRAIGHT & HILLCREST,DARK-HWY LIGHTED/ON,,,11/3/2020 8:35:00 AM,False,7973,Accepted,
27409932,0568000,LOUISVILLE METRO POLICE DEPT,Accepted,JEFFERSON,US0031W,,DIXIE,HWY,,,,,,,,38.120750546,-85.856129651,9.709,11/2/2020 12:00:00 AM,1527,2,2,0,0,CLEAR,DRY,False,REAR END IN TRAFFIC LANES BOTH VEHICLES MOVING,REAR END,STRAIGHT & LEVEL,DAYLIGHT,,,11/3/2020 8:34:27 AM,False,7234,Accepted,
27409933,0568000,LOUISVILLE METRO POLICE DEPT,Accepted,JEFFERSON,,,ARNOLDTOWN,RD,,,,,,,,38.147986081,-85.823882154,0.107,11/2/2020 12:00:00 AM,1643,2,2,0,0,CLEAR,DRY,True,REAR END IN TRAFFIC LANES BOTH VEHICLES MOVING,REAR END,STRAIGHT & LEVEL,DAYLIGHT,,,11/3/2020 8:34:34 AM,False,7234,Accepted,
27409921,0568000,LOUISVILLE METRO POLICE DEPT,Accepted,JEFFERSON,KY1865,,NEW CUT,RD,,,,,,,,38.162421622,-85.779420567,3.831,11/2/2020 12:00:00 AM,1200,2,2,0,0,CLEAR,DRY,False,1 VEHICLE PARKED POSITION (NOT PARKING LOT/DRIVEWAY),ANGLE,STRAIGHT & HILLCREST,DAYLIGHT,,,11/3/2020 8:33:21 AM,False,7628,Accepted,
27409923,0568000,LOUISVILLE METRO POLICE DEPT,Accepted,JEFFERSON,US0060A,,TAYLOR,BLVD,,,LONGFIELD,,,,,38.198867591,-85.782721596,1.609,11/2/2020 12:00:00 AM,1307,2,2,0,0,CLEAR,DRY,False,ANGLE COLLISION - OTHER,ANGLE,STRAIGHT & LEVEL,DAYLIGHT,,,11/3/2020 8:33:37 AM,False,5299,Accepted,
27409924,0568000,LOUISVILLE METRO POLICE DEPT,Accepted,JEFFERSON,,,7TH,ST,S,,HILL,,,,,38.226870237,-85.769089062,0.593,11/2/2020 12:00:00 AM,1644,2,2,0,1,CLEAR,DRY,False,OTHER INTERSECTION COLLISIONS,REAR END,STRAIGHT & LEVEL,DAYLIGHT,,,11/3/2020 8:33:43 AM,False,5299,Accepted,
27406723,0568000,LOUISVILLE METRO POLICE DEPT,Accepted,JEFFERSON,,4900,SOUTHERN PKWY FRONTAGE RD 1,,,,,,,,,38.176418077,-85.773027602,0.320,11/2/2020 12:00:00 AM,0208,1,1,0,0,CLEAR,DRY,True,OTHER ROADWAY OR MID-BLOCK COLLISION,SINGLE VEHICLE,STRAIGHT & LEVEL,DARK-HWY LIGHTED/ON,,,11/2/2020 1:13:38 PM,False,7010,Accepted,
27409916,0568000,LOUISVILLE METRO POLICE DEPT,Accepted,JEFFERSON,KY0061,,PRESTON,HWY,,,,,LAMBERT,,PINECROFT,38.136302407,-85.685561600,3.798,11/2/2020 12:00:00 AM,1212,2,2,0,0,CLEAR,DRY,False,OTHER ROADWAY OR MID-BLOCK COLLISION,REAR END,STRAIGHT & LEVEL,DAYLIGHT,,,11/3/2020 8:33:00 AM,False,2324,Accepted,
27409929,0568000,LOUISVILLE METRO POLICE DEPT,Accepted,JEFFERSON,,,POPE,ST,,US0060,FRANKFORT,,,,,38.256798833,-85.716658792,0.232,11/2/2020 12:00:00 AM,1652,2,2,0,0,CLEAR,DRY,False,OPPOSING LEFT TURN,OPPOSING LEFT TURN,STRAIGHT & LEVEL,DAYLIGHT,,,11/3/2020 8:34:12 AM,False,2413,Accepted,
27409936,0568000,LOUISVILLE METRO POLICE DEPT,Accepted,JEFFERSON,I 0264,,I264 W,,,I 0264,I264 W EXIT16 OFF RAMP TO US31E,,,,,38.214419143,-85.665507146,16.056,11/2/2020 12:00:00 AM,2257,2,2,0,1,CLEAR,DRY,False,OTHER INTERSECTION COLLISIONS,REAR END,STRAIGHT & LEVEL,DARK-HWY LIGHTED/ON,,,11/3/2020 8:34:54 AM,False,7101,Accepted,
27414454,0568000,LOUISVILLE METRO POLICE DEPT,Accepted,JEFFERSON,KY0061,,PRESTON,HWY,,,DURRETT,,,,,38.186331531,-85.724187816,7.888,11/2/2020 12:00:00 AM,1626,2,2,0,1,CLEAR,DRY,False,SIDESWIPE-SAME DIRECTION,SIDESWIPE-SAME DIRECTION,STRAIGHT & LEVEL,DAYLIGHT,,,11/4/2020 10:00:43 AM,False,5019,Accepted,
27409920,0568000,LOUISVILLE METRO POLICE DEPT,Accepted,JEFFERSON,KY1931,2252,7TH ST,RD,,,,,,,,38.217358722,-85.780336298,10.251,11/2/2020 12:00:00 AM,1000,2,2,0,1,CLEAR,DRY,False,1 VEHICLE ENTERING/LEAVING ENTRANCE,ANGLE,STRAIGHT & LEVEL,DAYLIGHT,,,11/3/2020 8:33:16 AM,False,5334,Accepted,
27409926,0568000,LOUISVILLE METRO POLICE DEPT,Accepted,JEFFERSON,US0031W,,DIXIE,HWY,,,LEWISTON,,,,,38.170928535,-85.826660732,13.493,11/2/2020 12:00:00 AM,1652,2,2,0,0,CLEAR,DRY,False,SIDESWIPE-SAME DIRECTION,SIDESWIPE-SAME DIRECTION,STRAIGHT & LEVEL,DAYLIGHT,,,11/3/2020 8:33:56 AM,False,7356,Accepted,
27409927,0568000,LOUISVILLE METRO POLICE DEPT,Accepted,JEFFERSON,,,GARLAND,AVE,,US0031W,DR W J HODGE,,,,,38.243942948,-85.787444970,1.083,11/2/2020 12:00:00 AM,0904,2,2,0,1,CLEAR,DRY,False,VEHICLE BACKING IN INTERSECTION,BACKING,STRAIGHT & LEVEL,DAYLIGHT,,,11/3/2020 8:34:01 AM,False,5032,Accepted,
27409928,0568000,LOUISVILLE METRO POLICE DEPT,Accepted,JEFFERSON,US0060A,,TAYLOR,BLVD,,,,,,,,38.206330822,-85.776151587,2.291,11/2/2020 12:00:00 AM,1435,2,2,0,1,CLEAR,DRY,True,OTHER ROADWAY OR MID-BLOCK COLLISION,OPPOSING LEFT TURN,STRAIGHT & LEVEL,DAYLIGHT,,,11/3/2020 8:34:07 AM,False,5180,Accepted,
27406720,0568000,LOUISVILLE METRO POLICE DEPT,Accepted,JEFFERSON,,1333,HUNTOON,AVE,,,,,,,,38.171715482,-85.784099822,0.129,11/2/2020 12:00:00 AM,0212,2,2,0,0,CLOUDY,DRY,True,1 VEHICLE PARKED POSITION (NOT PARKING LOT/DRIVEWAY),REAR END,STRAIGHT & LEVEL,DARK-HWY LIGHTED/ON,,,11/2/2020 1:13:32 PM,False,7032,Accepted,
27406728,0568000,LOUISVILLE METRO POLICE DEPT,Accepted,JEFFERSON,,2916,VIRGINIA,AVE,,,,,,,,38.238376413,-85.802916770,0.367,11/2/2020 12:00:00 AM,0420,2,2,0,0,CLEAR,DRY,False,1 VEHICLE PARKED POSITION (NOT PARKING LOT/DRIVEWAY),REAR END,STRAIGHT & LEVEL,DARK-HWY LIGHTED/OFF,,,11/2/2020 1:13:53 PM,False,5261,Accepted,
27409918,0568000,LOUISVILLE METRO POLICE DEPT,Accepted,JEFFERSON,,,NOLTEMEYER WYNDE,,,,,KY1065,OUTER,,BATES,38.139197905,-85.680381317,0.073,11/2/2020 12:00:00 AM,1213,3,3,0,0,CLEAR,DRY,False,1 VEHICLE ENTERING/LEAVING ENTRANCE,ANGLE,STRAIGHT & LEVEL,DAYLIGHT,,,11/3/2020 8:33:05 AM,False,2547,Accepted,
27423765,0568000,LOUISVILLE METRO POLICE DEPT,Accepted,JEFFERSON,I 0264,,I264 E,,,,,,,,,38.190130663,-85.755146330,10.682,11/2/2020 12:00:00 AM,1553,5,5,0,0,CLEAR,DRY,False,REAR END IN TRAFFIC LANES BOTH VEHICLES MOVING,REAR END,STRAIGHT & LEVEL,DAYLIGHT,,,11/6/2020 9:37:19 AM,False,8278,Accepted,
27423788,0568000,LOUISVILLE METRO POLICE DEPT,Accepted,JEFFERSON,,,JENNINGS,LN,,,BISHOP,,,,,38.190146121,-85.686992727,0.128,11/2/2020 12:00:00 AM,1157,2,1,0,1,CLEAR,DRY,False,COLLISION WITH TRAIN,SINGLE VEHICLE,STRAIGHT & LEVEL,DAYLIGHT,,,11/6/2020 9:39:36 AM,False,7879,Accepted,
27433212,0568000,LOUISVILLE METRO POLICE DEPT,Accepted,JEFFERSON,,,4TH,ST,S,,ORMSBY,,,,,38.232845399,-85.760741739,1.653,11/2/2020 12:00:00 AM,1752,4,4,0,0,CLEAR,DRY,False,ANGLE COLLISION - OTHER,ANGLE,STRAIGHT & LEVEL,DUSK,,,11/9/2020 8:53:37 AM,False,7619,Accepted,
27414486,0568000,LOUISVILLE METRO POLICE DEPT,Accepted,JEFFERSON,KY1747,4801,FERN VALLEY,RD,,,,,,,,38.156478722,-85.663670500,3.762,11/2/2020 12:00:00 AM,1805,2,2,0,3,CLEAR,DRY,False,OTHER ROADWAY OR MID-BLOCK COLLISION,OPPOSING LEFT TURN,STRAIGHT & LEVEL,DUSK,,,11/4/2020 10:01:58 AM,False,5107,Accepted,
27414459,0568000,LOUISVILLE METRO POLICE DEPT,Accepted,JEFFERSON,KY1020,,SOUTHSIDE,DR,,,IROQUOIS,,,,,38.170384305,-85.764716889,6.921,11/2/2020 12:00:00 AM,1837,3,3,0,1,CLEAR,DRY,False,OTHER INTERSECTION COLLISIONS,REAR END,STRAIGHT & LEVEL,DUSK,,,11/4/2020 10:01:16 AM,False,5316,Accepted,
27414494,0568000,LOUISVILLE METRO POLICE DEPT,Accepted,JEFFERSON,KY1020,,2ND,ST,S,,OAK,,,,,38.234721238,-85.757005264,11.371,11/2/2020 12:00:00 AM,0540,3,3,0,2,CLEAR,DRY,False,ANGLE COLLISION - OTHER,ANGLE,STRAIGHT & LEVEL,DARK-HWY LIGHTED/ON,,,11/4/2020 10:03:06 AM,False,5236,Accepted,
27416459,0561500,UNIV. OF LOUISVILLE POLICE,Accepted,JEFFERSON,,,FLOYD,ST,S,,BRANDEIS,,,,,38.218614881,-85.754294263,2.546,11/2/2020 12:00:00 AM,1732,1,1,0,0,CLEAR,DRY,True,OTHER INTERSECTION COLLISIONS,SINGLE VEHICLE,STRAIGHT & LEVEL,DAYLIGHT,,,11/4/2020 4:25:28 PM,False,5690,Accepted,
27416146,0568000,LOUISVILLE METRO POLICE DEPT,Accepted,JEFFERSON,KY1934,,CANE RUN,RD,,KY2049,CRUMS,,,,,38.199219881,-85.837289224,9.189,11/1/2020 12:00:00 AM,0953,3,3,0,0,CLEAR,DRY,False,OTHER INTERSECTION COLLISIONS,REAR END,STRAIGHT & LEVEL,DAYLIGHT,,,11/4/2020 3:26:12 PM,False,5253,Accepted,
27433138,0568000,LOUISVILLE METRO POLICE DEPT,Accepted,JEFFERSON,US0031W,,DIXIE,HWY,,,ORELL,,,,,38.082289195,-85.881572640,6.708,11/1/2020 12:00:00 AM,0012,2,2,0,0,CLEAR,DRY,False,REAR END - ONE VEHICLE TURNING RIGHT,REAR END,STRAIGHT & LEVEL,DARK-HWY LIGHTED/ON,,,11/9/2020 8:48:45 AM,False,2905,Accepted,
27433140,0568000,LOUISVILLE METRO POLICE DEPT,Accepted,JEFFERSON,I 0065,,I65 S,,,,,,,,,38.196279777,-85.733691643,131.206,11/1/2020 12:00:00 AM,1816,3,3,0,1,CLEAR,DRY,True,1 VEHICLE ENTERING/LEAVING ENTRANCE,ANGLE,STRAIGHT & LEVEL,DUSK,,,11/9/2020 8:48:52 AM,False,5201,Accepted,
27423774,0568000,LOUISVILLE METRO POLICE DEPT,Accepted,JEFFERSON,,,JEFFERSON,ST,W,KY1020,2ND,,,,,38.253520008,-85.753822107,0.085,11/1/2020 12:00:00 AM,1800,2,2,0,0,CLOUDY,DRY,False,ANGLE COLLISION - OTHER,ANGLE,STRAIGHT & GRADE,DARK-HWY LIGHTED/ON,,,11/6/2020 9:37:56 AM,False,2661,Accepted,
27437944,0560400,SHIVELY POLICE DEPARTMENT,Accepted,JEFFERSON,I 0264,,I264 E,,,,,,,,,38.186424199,-85.827051375,6.689,11/1/2020 12:00:00 AM,0923,1,1,0,1,CLEAR,DRY,False,OTHER COLLISIONS ON SHOULDER,SINGLE VEHICLE,CURVE & LEVEL,DAYLIGHT,,,11/10/2020 6:23:40 AM,False,7106,Accepted,
27619132,0568000,LOUISVILLE METRO POLICE DEPT,Accepted,JEFFERSON,KY2051,,LEES,LN,,,,,,,,38.188488552,-85.864975979,2.599,11/1/2020 12:00:00 AM,0500,1,1,0,1,CLEAR,DRY,False,OTHER COLLISIONS ON SHOULDER,SINGLE VEHICLE,STRAIGHT & LEVEL,DARK-HWY LIGHTED/ON,,,12/31/2020 7:06:20 AM,False,7434,Accepted,
27406695,0568000,LOUISVILLE METRO POLICE DEPT,Accepted,JEFFERSON,KY1747,,HURSTBOURNE,PKWY,,US0031E,BARDSTOWN,,,,,38.169081792,-85.605185053,7.488,11/1/2020 12:00:00 AM,0957,2,2,0,0,CLEAR,DRY,False,OTHER INTERSECTION COLLISIONS,REAR END,STRAIGHT & LEVEL,DAYLIGHT,,,11/2/2020 1:12:14 PM,False,7698,Accepted,
27406703,0568000,LOUISVILLE METRO POLICE DEPT,Accepted,JEFFERSON,US0060A,,EASTERN,PKWY,,,,,CASTLEVALE,,CASTLEVALE,38.225388568,-85.727694663,5.684,11/1/2020 12:00:00 AM,1342,2,2,0,0,CLEAR,DRY,False,REAR END IN TRAFFIC LANES BOTH VEHICLES MOVING,REAR END,STRAIGHT & LEVEL,DAYLIGHT,,,11/2/2020 1:12:38 PM,False,7418,Accepted,
27406718,0568000,LOUISVILLE METRO POLICE DEPT,Accepted,JEFFERSON,,,CHESTNUT,ST,W,KY1020,3RD,,,,,38.248783743,-85.756223979,2.454,11/1/2020 12:00:00 AM,2348,2,2,0,0,CLEAR,DRY,False,SIDESWIPE-SAME DIRECTION,SIDESWIPE-SAME DIRECTION,STRAIGHT & LEVEL,DARK-HWY LIGHTED/ON,,,11/2/2020 1:13:26 PM,False,7085,Accepted,
27406716,0568000,LOUISVILLE METRO POLICE DEPT,Accepted,JEFFERSON,I 0064,,I64 W,,,,,I 0064,I64 W EXIT10 ON RAMP FROM KY2048,I 0064,I64 TURN AROUND9,38.238559715,-85.669288568,9.686,11/1/2020 12:00:00 AM,0650,1,1,0,0,CLEAR,DRY,False,COLLISION WITH FIXED OBJECT NON - INTERSECTION - FIRST EVENT COLLISION 09 - 32 EXCLUDING 16,SINGLE VEHICLE,STRAIGHT & LEVEL,DAWN,,,11/2/2020 1:13:18 PM,False,5274,Accepted,
27406701,0568000,LOUISVILLE METRO POLICE DEPT,Accepted,JEFFERSON,,806,45TH,ST,S,,,,,,,38.247463388,-85.827288148,0.209,11/1/2020 12:00:00 AM,1036,2,2,0,0,CLEAR,DRY,False,1 VEHICLE PARKED POSITION (NOT PARKING LOT/DRIVEWAY),ANGLE,STRAIGHT & LEVEL,DAYLIGHT,,,11/2/2020 1:12:31 PM,False,5338,Accepted,
27406708,0568000,LOUISVILLE METRO POLICE DEPT,Accepted,JEFFERSON,KY1727,,TERRY,RD,,,RUTH,,,,,38.171468677,-85.866795119,3.520,11/1/2020 12:00:00 AM,1826,3,3,0,0,CLEAR,DRY,False,OTHER INTERSECTION COLLISIONS,REAR END,CURVE & LEVEL,DARK-HWY NOT LIGHTED,,,11/2/2020 1:12:53 PM,True,7496,Accepted,
27406678,0568000,LOUISVILLE METRO POLICE DEPT,Accepted,JEFFERSON,,7301,GRADE,LN,,,,,,,,38.144425014,-85.738178658,3.081,11/1/2020 12:00:00 AM,0316,2,2,0,0,CLEAR,DRY,True,SIDESWIPE COLLISION - SAME DIRECTION,SIDESWIPE-SAME DIRECTION,STRAIGHT & LEVEL,DARK (UNKNOWN ROADWAY LIGHTING),,,11/2/2020 1:11:27 PM,False,5248,Accepted,
27406675,0568000,LOUISVILLE METRO POLICE DEPT,Accepted,JEFFERSON,,,CHESTNUT,ST,W,,15TH,,,,,38.250955221,-85.776074063,1.364,11/1/2020 12:00:00 AM,0235,2,2,0,0,CLEAR,DRY,True,ANGLE COLLISION - OTHER,ANGLE,STRAIGHT & LEVEL,DARK-HWY LIGHTED/ON,,,11/2/2020 1:11:20 PM,False,7316,Accepted,
27406683,0568000,LOUISVILLE METRO POLICE DEPT,Accepted,JEFFERSON,,,HILL,ST,W,,7TH,,,,,38.226755407,-85.768984896,0.661,11/1/2020 12:00:00 AM,0351,2,2,0,0,CLEAR,DRY,False,ANGLE COLLISION - OTHER,ANGLE,STRAIGHT & LEVEL,DARK-HWY LIGHTED/ON,,,11/2/2020 1:11:44 PM,False,5287,Accepted,
27406726,0568000,LOUISVILLE METRO POLICE DEPT,Accepted,JEFFERSON,,2900,GREENWOOD,AVE,,,,,,,,38.242394292,-85.801234683,0.867,11/1/2020 12:00:00 AM,0423,1,1,0,0,CLEAR,DRY,True,COLLISION WITH FIXED OBJECT NON - INTERSECTION - FIRST EVENT COLLISION 09 - 32 EXCLUDING 16,SINGLE VEHICLE,STRAIGHT & LEVEL,DARK-HWY LIGHTED/ON,,,11/2/2020 1:13:47 PM,False,5039,Accepted,
27406727,0568000,LOUISVILLE METRO POLICE DEPT,Accepted,JEFFERSON,,,BELLEVUE,AVE,,,DRESDEN,,,,,38.197365238,-85.772747965,0.060,11/1/2020 12:00:00 AM,2043,2,2,0,1,CLEAR,DRY,True,ANGLE COLLISION - OTHER,ANGLE,STRAIGHT & LEVEL,DARK-HWY LIGHTED/ON,,,11/2/2020 1:13:50 PM,False,5183,Accepted,
27414504,0568000,LOUISVILLE METRO POLICE DEPT,Accepted,JEFFERSON,,,OAK,ST,W,KY1020,2ND,,,,,38.234741874,-85.757005728,0.089,11/1/2020 12:00:00 AM,0213,2,2,0,0,CLEAR,DRY,False,ANGLE COLLISION - OTHER,ANGLE,STRAIGHT & LEVEL,DARK-HWY LIGHTED/ON,,,11/4/2020 10:03:57 AM,False,5152,Accepted,
27417271,0560400,SHIVELY POLICE DEPARTMENT,Accepted,JEFFERSON,I 0264,,I264 W,,,,,I 0264,I264 W EXIT5 RAMP KY1934,I 0264,I264 W EXIT5 ON RAMP FROM KY1934 N,38.202971804,-85.827294313,5.458,11/1/2020 12:00:00 AM,1801,2,2,0,0,CLEAR,DRY,True,REAR END IN TRAFFIC LANES BOTH VEHICLES MOVING,REAR END,STRAIGHT & LEVEL,DUSK,,,11/4/2020 9:44:24 PM,False,7124,Accepted,
27406707,0568000,LOUISVILLE METRO POLICE DEPT,Accepted,JEFFERSON,,,13TH,ST,S,,MUHAMMAD ALI,,,,,38.252817904,-85.772454842,0.318,11/1/2020 12:00:00 AM,1823,2,2,0,1,CLEAR,DRY,True,ANGLE COLLISION - OTHER,ANGLE,STRAIGHT & LEVEL,DARK-HWY LIGHTED/ON,,,11/2/2020 1:12:50 PM,False,5168,Accepted,
27406674,0568000,LOUISVILLE METRO POLICE DEPT,Accepted,JEFFERSON,I 0064,,I64 E,,,,,,,,,38.222369377,-85.497987273,19.345,11/1/2020 12:00:00 AM,0110,1,1,0,0,CLEAR,DRY,False,COLLISION WITH ANIMAL NON INTERSECTION,SINGLE VEHICLE,STRAIGHT & LEVEL,DARK-HWY NOT LIGHTED,,,11/2/2020 1:11:14 PM,False,5128,Accepted,
27406682,0568000,LOUISVILLE METRO POLICE DEPT,Accepted,JEFFERSON,I 0264,,I264 W,,,,,,,,,38.273494937,-85.809035381,0.289,11/1/2020 12:00:00 AM,0215,2,2,0,1,CLEAR,DRY,True,HEAD-ON COLLISION,HEAD ON,STRAIGHT & LEVEL,DARK-HWY LIGHTED/ON,,,11/2/2020 1:11:41 PM,False,5057,Accepted,
27406729,0568000,LOUISVILLE METRO POLICE DEPT,Accepted,JEFFERSON,KY0864,7933,FEGENBUSH,LN,,,,,,,,38.138164638,-85.615097225,4.349,11/1/2020 12:00:00 AM,0349,1,1,0,0,CLEAR,DRY,True,COLLISION IN PARKING LOT,SINGLE VEHICLE,STRAIGHT & LEVEL,DARK-HWY LIGHTED/ON,,,11/2/2020 1:13:55 PM,False,7449,Accepted,
27406730,0568000,LOUISVILLE METRO POLICE DEPT,Accepted,JEFFERSON,,,MELLWOOD,AVE,,,HIGHWOOD,,,,,38.270204137,-85.703183832,1.025,11/1/2020 12:00:00 AM,2016,2,2,0,0,CLEAR,DRY,False,ANGLE COLLISION - OTHER,ANGLE,STRAIGHT & HILLCREST,DARK-HWY LIGHTED/ON,,,11/2/2020 1:13:58 PM,False,5117,Accepted,
27406724,0568000,LOUISVILLE METRO POLICE DEPT,Accepted,JEFFERSON,,,MONTGOMERY,ST,,,,,25TH,,26TH,38.272431289,-85.789676781,0.271,11/1/2020 12:00:00 AM,0218,3,3,0,0,CLEAR,DRY,False,1 VEHICLE PARKED POSITION (NOT PARKING LOT/DRIVEWAY),ANGLE,STRAIGHT & LEVEL,DARK (UNKNOWN ROADWAY LIGHTING),,,11/2/2020 1:13:40 PM,False,5331,Accepted,
27406706,0568000,LOUISVILLE METRO POLICE DEPT,Accepted,JEFFERSON,I 0064,,I64 W,,,,,I 0064,I64 W EXIT7 OFF RAMP TO  MELLWOOD AVE,I 0064,I64 TURN AROUND7,38.252552070,-85.717928821,6.778,11/1/2020 12:00:00 AM,0900,1,1,0,0,CLEAR,DRY,False,OTHER ROADWAY OR MID-BLOCK COLLISION,SINGLE VEHICLE,CURVE & LEVEL,DAYLIGHT,,,11/2/2020 1:12:47 PM,False,7129,Accepted,