IncidentID,AgencyORI,AgencyName,IncidentStatusDesc,County,RdwyNumber,Street,RoadwayName,StreetSfx,StreetDir,IntersectionRdwy,IntersectionRdwyName,BetweenStRdwy1,BetweenStRdwyName1,BetweenStRdwy2,BetweenStRdwyName2,Latitude,Longitude,Milepoint,CollisionDate,CollisionTime,UnitsInvolved,MotorVehiclesInvolved,NumberKilled,NumberInjured,Weather,RdwyConditionCode,HitandRun,DirAnalysisCode,MannerofCollision,RdwyCharacter,LightCondition,RampFromRdwyId,RampToRdwyId,AcceptedDate,IsSecondaryCollision,OwnerBadge,IncidentStatus,
27406712,0568000,LOUISVILLE METRO POLICE DEPT,Accepted,JEFFERSON,KY1934,4404,CANE RUN,RD,,,,,,,,38.197883530,-85.839366969,9.036,11/1/2020 12:00:00 AM,1854,2,2,0,2,CLEAR,DRY,False,OTHER ROADWAY OR MID-BLOCK COLLISION,REAR END,STRAIGHT & LEVEL,DARK-HWY LIGHTED/ON,,,11/2/2020 1:13:03 PM,False,7181,Accepted,
27406713,0568000,LOUISVILLE METRO POLICE DEPT,Accepted,JEFFERSON,US0031W,,22ND,ST,S,,LEE,,,,,38.227144300,-85.793585623,18.023,11/1/2020 12:00:00 AM,2034,2,2,0,1,CLEAR,DRY,False,COLLISION WITH PARKED VEHICLE,HEAD ON,STRAIGHT & LEVEL,DARK-HWY LIGHTED/ON,,,11/2/2020 1:13:08 PM,False,5256,Accepted,
27406714,0568000,LOUISVILLE METRO POLICE DEPT,Accepted,JEFFERSON,,,CHAMBERLAIN,LN,,,WINCHESTER ACRES,,,,,38.287679584,-85.520838574,0.531,11/1/2020 12:00:00 AM,1826,2,2,0,0,CLEAR,DRY,False,SIDESWIPE-SAME DIRECTION,SIDESWIPE-SAME DIRECTION,STRAIGHT & LEVEL,DUSK,,,11/2/2020 1:13:11 PM,False,5030,Accepted,
27406722,0568000,LOUISVILLE METRO POLICE DEPT,Accepted,JEFFERSON,I 0264,,,,,,,,,,,38.190134110,-85.754559668,0.019,11/1/2020 12:00:00 AM,2200,2,2,0,1,CLEAR,DRY,True,SIDESWIPE COLLISION - SAME DIRECTION,SIDESWIPE-SAME DIRECTION,STRAIGHT & LEVEL,DARK-HWY LIGHTED/ON,,,11/2/2020 1:13:35 PM,False,5258,Accepted,
27406680,0568000,LOUISVILLE METRO POLICE DEPT,Accepted,JEFFERSON,,4127,MUHAMMAD ALI,BLVD,W,,,,,,,38.258145113,-85.820091479,3.713,10/31/2020 12:00:00 AM,2246,4,4,0,0,CLEAR,DRY,False,1 VEHICLE PARKED POSITION (NOT PARKING LOT/DRIVEWAY),SIDESWIPE-SAME DIRECTION,STRAIGHT & LEVEL,DARK-HWY LIGHTED/ON,,,11/2/2020 1:11:33 PM,True,7445,Accepted,
27406688,0568000,LOUISVILLE METRO POLICE DEPT,Accepted,JEFFERSON,US0150,,BROADWAY,,W,,17TH,,,,,38.248769743,-85.779876713,1.185,10/31/2020 12:00:00 AM,1444,2,2,0,1,CLEAR,DRY,False,SIDESWIPE-SAME DIRECTION,SIDESWIPE-SAME DIRECTION,STRAIGHT & LEVEL,DAYLIGHT,,,11/2/2020 1:11:57 PM,False,5300,Accepted,
27406697,0568000,LOUISVILLE METRO POLICE DEPT,Accepted,JEFFERSON,KY1865,,NEW CUT,RD,,,INVERNESS,,,,,38.163805726,-85.779770999,3.925,10/31/2020 12:00:00 AM,1900,2,2,0,1,CLEAR,DRY,False,SIDESWIPE-SAME DIRECTION,SIDESWIPE-SAME DIRECTION,STRAIGHT & LEVEL,DARK-HWY LIGHTED/ON,,,11/2/2020 1:12:18 PM,False,5326,Accepted,
27406655,0568000,LOUISVILLE METRO POLICE DEPT,Accepted,JEFFERSON,KY1934,,CANE RUN,RD,,KY2056,BELLS,,,,,38.221078189,-85.812454046,11.208,10/31/2020 12:00:00 AM,0941,2,2,0,0,CLEAR,DRY,False,ANGLE COLLISION - OTHER,ANGLE,STRAIGHT & LEVEL,DAYLIGHT,,,11/2/2020 1:09:46 PM,False,7656,Accepted,
27406662,0568000,LOUISVILLE METRO POLICE DEPT,Accepted,JEFFERSON,,,SOUTHERN,PKWY,,KY1865,NEW CUT,,,,,38.169813215,-85.781243049,1.106,10/31/2020 12:00:00 AM,1357,2,2,0,0,CLEAR,DRY,False,OTHER INTERSECTION COLLISIONS,REAR END,STRAIGHT & LEVEL,DAYLIGHT,,,11/2/2020 1:10:18 PM,False,5326,Accepted,
27406664,0568000,LOUISVILLE METRO POLICE DEPT,Accepted,JEFFERSON,,7806,BREWER,DR,,,,,,,,38.139567258,-85.871520496,0.061,10/31/2020 12:00:00 AM,1529,1,1,0,1,CLEAR,DRY,False,COLLISION WITH FIXED OBJECT NON - INTERSECTION - FIRST EVENT COLLISION 09 - 32 EXCLUDING 16,SINGLE VEHICLE,STRAIGHT & LEVEL,DAYLIGHT,,,11/2/2020 1:10:22 PM,False,7496,Accepted,
27406731,0568000,LOUISVILLE METRO POLICE DEPT,Accepted,JEFFERSON,KY1932,,BRECKENRIDGE,LN,,,,,,,,38.189982252,-85.625794813,0.590,10/31/2020 12:00:00 AM,1947,5,5,0,3,CLEAR,DRY,False,REAR END IN TRAFFIC LANES BOTH VEHICLES MOVING,REAR END,STRAIGHT & LEVEL,UNKNOWN,,,11/2/2020 1:14:04 PM,False,5153,Accepted,
27406690,0568000,LOUISVILLE METRO POLICE DEPT,Accepted,JEFFERSON,KY1020,,2ND,ST,S,,OAK,,,,,38.234705300,-85.756999799,11.371,10/31/2020 12:00:00 AM,1107,2,2,0,0,CLEAR,DRY,True,ANGLE COLLISION - OTHER,ANGLE,STRAIGHT & LEVEL,DAYLIGHT,,,11/2/2020 1:12:02 PM,False,7418,Accepted,
27406699,0568000,LOUISVILLE METRO POLICE DEPT,Accepted,JEFFERSON,KY0864,,POPLAR LEVEL,RD,,,QUAIL HOLLOW,,,,,38.180180970,-85.693960121,9.993,10/31/2020 12:00:00 AM,0917,2,2,0,1,CLEAR,DRY,False,OTHER INTERSECTION COLLISIONS,REAR END,STRAIGHT & LEVEL,DAYLIGHT,,,11/2/2020 1:12:25 PM,False,5027,Accepted,
27406632,0568000,LOUISVILLE METRO POLICE DEPT,Accepted,JEFFERSON,,643,18TH,ST,S,,,,,,,38.258108512,-85.779892331,0.075,10/31/2020 12:00:00 AM,0017,3,3,0,1,CLEAR,DRY,False,1 VEHICLE PARKED POSITION (NOT PARKING LOT/DRIVEWAY),SIDESWIPE-SAME DIRECTION,STRAIGHT & LEVEL,DARK-HWY LIGHTED/ON,,,11/2/2020 1:08:28 PM,False,5172,Accepted,
27419061,0568000,LOUISVILLE METRO POLICE DEPT,Accepted,JEFFERSON,KY1447,,WESTPORT,RD,,,,,,,,38.280647476,-85.590027904,4.142,10/31/2020 12:00:00 AM,0631,1,1,0,0,CLOUDY,DRY,False,COLLISION WITH FIXED OBJECT NON - INTERSECTION - FIRST EVENT COLLISION 09 - 32 EXCLUDING 16,SINGLE VEHICLE,CURVE & LEVEL,DARK-HWY LIGHTED/ON,,,11/5/2020 9:33:32 AM,False,5155,Accepted,
27406670,0568000,LOUISVILLE METRO POLICE DEPT,Accepted,JEFFERSON,,,WATTERSON,TRL,S,KY1065,OUTER,,,,,38.138561152,-85.615655447,3.239,10/31/2020 12:00:00 AM,1531,2,2,0,0,CLEAR,DRY,False,ANGLE COLLISION - OTHER,ANGLE,STRAIGHT & LEVEL,DAYLIGHT,,,11/2/2020 1:10:50 PM,False,7484,Accepted,
27406685,0568000,LOUISVILLE METRO POLICE DEPT,Accepted,JEFFERSON,US0031W,,MAIN,ST,W,,5TH,,,,,38.256819447,-85.758245013,21.846,10/31/2020 12:00:00 AM,2030,2,2,0,0,CLEAR,DRY,False,SIDESWIPE-SAME DIRECTION,SIDESWIPE-SAME DIRECTION,STRAIGHT & LEVEL,DARK-HWY LIGHTED/ON,,,11/2/2020 1:11:50 PM,False,5305,Accepted,
27406692,0568000,LOUISVILLE METRO POLICE DEPT,Accepted,JEFFERSON,,,OAK,ST,E,,,,1ST,,BROOK,38.234502978,-85.754692760,0.035,10/31/2020 12:00:00 AM,1134,2,2,0,0,CLEAR,DRY,True,OTHER ROADWAY OR MID-BLOCK COLLISION,REAR END,STRAIGHT & LEVEL,DAYLIGHT,,,11/2/2020 1:12:06 PM,False,7418,Accepted,
27406694,0568000,LOUISVILLE METRO POLICE DEPT,Accepted,JEFFERSON,KY0864,,SHELBY,ST,S,,LAMPTON,,,,,38.241395996,-85.740123518,15.253,10/31/2020 12:00:00 AM,1729,3,3,0,0,CLEAR,DRY,False,ANGLE COLLISION - OTHER,ANGLE,STRAIGHT & LEVEL,DAYLIGHT,,,11/2/2020 1:12:10 PM,False,7418,Accepted,
27406676,0568000,LOUISVILLE METRO POLICE DEPT,Accepted,JEFFERSON,KY1703,,BAXTER,AVE,,,LUCIA,,,,,38.235795243,-85.720756819,5.324,10/31/2020 12:00:00 AM,2159,3,2,0,0,CLEAR,DRY,True,VEHICLE BACKING IN INTERSECTION,BACKING,STRAIGHT & LEVEL,DARK-HWY LIGHTED/ON,,,11/2/2020 1:11:24 PM,False,7049,Accepted,
27406643,0568000,LOUISVILLE METRO POLICE DEPT,Accepted,JEFFERSON,KY0907,7523,3RD ST,RD,,,,,,,,38.141881739,-85.779999442,5.936,10/31/2020 12:00:00 AM,0414,3,3,0,0,CLEAR,DRY,False,1 VEHICLE PARKED POSITION (NOT PARKING LOT/DRIVEWAY),ANGLE,STRAIGHT & HILLCREST,DARK-HWY LIGHTED/OFF,,,11/2/2020 1:09:08 PM,True,7436,Accepted,
27406659,0568000,LOUISVILLE METRO POLICE DEPT,Accepted,JEFFERSON,KY2251,,KY2251 TURN LANE,,,US0031E,BUECHEL,,,,,38.190688498,-85.645282081,0.050,10/31/2020 12:00:00 AM,1202,2,2,0,4,CLEAR,DRY,False,ANGLE COLLISION - OTHER,ANGLE,STRAIGHT & LEVEL,DAYLIGHT,,,11/2/2020 1:10:01 PM,False,5247,Accepted,
27406666,0568000,LOUISVILLE METRO POLICE DEPT,Accepted,JEFFERSON,US0031W,,22ND,ST,S,,CHESTNUT,,,,,38.252253964,-85.787656561,19.769,10/31/2020 12:00:00 AM,0659,2,2,0,1,CLEAR,DRY,False,COLLISION WITH FIXED OBJECT IN INTERSECTION - FIRST EVENT COLLISION 09 - 32,ANGLE,STRAIGHT & LEVEL,DARK-HWY NOT LIGHTED,,,11/2/2020 1:10:30 PM,False,5300,Accepted,
27406667,0568000,LOUISVILLE METRO POLICE DEPT,Accepted,JEFFERSON,US0060A,,EASTERN,PKWY,,,LYDIA,,,,,38.220735000,-85.733186477,5.242,10/31/2020 12:00:00 AM,1244,2,2,0,1,CLEAR,DRY,False,ANGLE COLLISION - OTHER,ANGLE,STRAIGHT & LEVEL,DAYLIGHT,,,11/2/2020 1:10:34 PM,False,7322,Accepted,
27406686,0568000,LOUISVILLE METRO POLICE DEPT,Accepted,JEFFERSON,,2318,JEFFERSON,ST,W,,,,,,,38.257434449,-85.789449387,2.054,10/31/2020 12:00:00 AM,1631,2,2,0,1,CLEAR,DRY,False,1 VEHICLE PARKED POSITION (NOT PARKING LOT/DRIVEWAY),ANGLE,STRAIGHT & LEVEL,DAYLIGHT,,,11/2/2020 1:11:54 PM,False,5300,Accepted,
27406717,0568000,LOUISVILLE METRO POLICE DEPT,Accepted,JEFFERSON,,,WHISPERING HILLS,BLVD,,,ROCK HOLLOW,,,,,38.147446852,-85.650376985,0.556,10/31/2020 12:00:00 AM,2000,2,2,0,0,CLEAR,DRY,False,OTHER INTERSECTION COLLISIONS,REAR END,STRAIGHT & LEVEL,DARK-HWY NOT LIGHTED,,,11/2/2020 1:13:22 PM,False,7415,Accepted,
27406644,0568000,LOUISVILLE METRO POLICE DEPT,Accepted,JEFFERSON,,4201,ROLLINGTON,RD,,,,,,,,38.303443261,-85.509039675,0.309,10/31/2020 12:00:00 AM,0337,1,1,0,0,CLEAR,DRY,False,COLLISION WITH FIXED OBJECT NON - INTERSECTION - FIRST EVENT COLLISION 09 - 32 EXCLUDING 16,SINGLE VEHICLE,CURVE & LEVEL,DARK-HWY NOT LIGHTED,,,11/2/2020 1:09:13 PM,False,5223,Accepted,
27406725,0568000,LOUISVILLE METRO POLICE DEPT,Accepted,JEFFERSON,,,26TH,ST,N,,ALFORD,,,,,38.264896450,-85.793124771,0.258,10/31/2020 12:00:00 AM,2255,2,2,0,1,CLEAR,DRY,False,ANGLE COLLISION - OTHER,ANGLE,STRAIGHT & LEVEL,DARK (UNKNOWN ROADWAY LIGHTING),,,11/2/2020 1:13:44 PM,False,5331,Accepted,
27438254,0568000,LOUISVILLE METRO POLICE DEPT,Accepted,JEFFERSON,US0031W,,DIXIE,HWY,,KY0907,VALLEY STATION,,,,,38.107642450,-85.866578650,8.627,10/31/2020 12:00:00 AM,1347,3,3,0,1,CLEAR,DRY,False,HEAD-ON COLLISION,HEAD ON,STRAIGHT & LEVEL,DAYLIGHT,,,11/10/2020 8:17:29 AM,False,5323,Accepted,
27417286,0560400,SHIVELY POLICE DEPARTMENT,Accepted,JEFFERSON,US0031W,,DIXIE,HWY,,,WATHEN,,,,,38.216461353,-85.795260057,17.158,10/31/2020 12:00:00 AM,2045,2,2,0,0,CLEAR,DRY,False,OTHER INTERSECTION COLLISIONS,REAR END,STRAIGHT & LEVEL,DARK-HWY NOT LIGHTED,,,11/4/2020 9:45:15 PM,False,7130,Accepted,
27511257,0568000,LOUISVILLE METRO POLICE DEPT,Accepted,JEFFERSON,KY1747,2815,FERN VALLEY,RD,,,,,,,,38.157073056,-85.711920234,1.113,10/31/2020 12:00:00 AM,0333,1,1,0,1,CLEAR,DRY,False,OTHER COLLISIONS ON SHOULDER,SINGLE VEHICLE,STRAIGHT & LEVEL,DARK (UNKNOWN ROADWAY LIGHTING),,,11/30/2020 8:39:36 AM,False,5248,Accepted,
27527936,0568000,LOUISVILLE METRO POLICE DEPT,Accepted,JEFFERSON,KY1747,2905,FERN VALLEY,RD,,,,,,,,38.157250140,-85.710797744,1.175,10/31/2020 12:00:00 AM,1103,2,1,0,1,CLEAR,DRY,False,COLLISION IN PARKING LOT,SINGLE VEHICLE,STRAIGHT & LEVEL,DAYLIGHT,,,12/4/2020 7:56:15 AM,False,7269,Accepted,
27461791,0568000,LOUISVILLE METRO POLICE DEPT,Accepted,JEFFERSON,KY1020,,NATIONAL,TPKE,,,ENTERPRISE,,,,,38.147414758,-85.759388070,5.187,10/30/2020 12:00:00 AM,1452,2,2,0,1,CLEAR,DRY,False,ANGLE COLLISION - ONE VEHICLE TURNING LEFT,ANGLE,STRAIGHT & LEVEL,DAYLIGHT,,,11/16/2020 10:24:35 AM,False,7221,Accepted,
27541599,0568000,LOUISVILLE METRO POLICE DEPT,Accepted,JEFFERSON,KY1931,,GREENWOOD,RD,,KY1727,TERRY,,,,,38.144782864,-85.871800478,1.387,10/30/2020 12:00:00 AM,1849,2,1,0,1,CLEAR,DRY,False,HEAD-ON COLLISION,HEAD ON,STRAIGHT & LEVEL,DUSK,,,12/8/2020 10:22:13 AM,False,7073,Accepted,
27551302,0568000,LOUISVILLE METRO POLICE DEPT,Accepted,JEFFERSON,,7401,INTERMODAL,DR,,,,,,,,38.158831234,-85.894191320,0.536,10/30/2020 12:00:00 AM,2148,1,1,0,0,CLEAR,DRY,False,COLLISION WITH FIXED OBJECT NON - INTERSECTION - FIRST EVENT COLLISION 09 - 32 EXCLUDING 16,SINGLE VEHICLE,STRAIGHT & GRADE,DARK-HWY LIGHTED/ON,,,12/10/2020 2:53:45 PM,False,5059,Accepted,
27435718,0568000,LOUISVILLE METRO POLICE DEPT,Accepted,JEFFERSON,US0031W,,DIXIE,HWY,,,BRICK KILN,,,,,38.170419640,-85.826555193,13.459,10/30/2020 12:00:00 AM,1430,3,1,0,0,CLEAR,DRY,False,OTHER INTERSECTION COLLISIONS,REAR END,STRAIGHT & LEVEL,DAYLIGHT,,,11/9/2020 4:25:11 PM,False,5170,Accepted,
27419464,0564400,INDIAN HILLS POLICE DEPARTMENT,Accepted,JEFFERSON,US0042,,BROWNSBORO,RD,,,,KY1932,CHENOWETH,,CHIPPEWA,38.265908223,-85.665520245,3.909,10/30/2020 12:00:00 AM,1145,2,2,0,0,CLEAR,DRY,False,OTHER ROADWAY OR MID-BLOCK COLLISION,REAR END,STRAIGHT & LEVEL,DAYLIGHT,,,11/5/2020 10:59:08 AM,False,4422,Accepted,
27409931,0568000,LOUISVILLE METRO POLICE DEPT,Accepted,JEFFERSON,,4600,ALLMOND,AVE,,,,,,,,38.193370744,-85.758835394,0.047,10/30/2020 12:00:00 AM,1940,1,1,0,1,CLEAR,DRY,False,COLLISION IN PARKING LOT,SINGLE VEHICLE,STRAIGHT & LEVEL,DARK (UNKNOWN ROADWAY LIGHTING),,,11/3/2020 8:34:20 AM,False,7471,Accepted,
27433179,0568000,LOUISVILLE METRO POLICE DEPT,Accepted,JEFFERSON,I 0264,,I264 W,,,,,,,,,38.190052763,-85.764859986,10.248,10/30/2020 12:00:00 AM,1115,3,3,1,0,CLEAR,DRY,False,REAR END IN TRAFFIC LANES BOTH VEHICLES MOVING,REAR END,STRAIGHT & HILLCREST,DARK-HWY LIGHTED/ON,,,11/9/2020 8:51:31 AM,False,7628,Accepted,
27497909,0568000,LOUISVILLE METRO POLICE DEPT,Accepted,JEFFERSON,US0031W,4900,DIXIE,HWY,,,,,,,,38.173258073,-85.824409583,13.728,10/30/2020 12:00:00 AM,1613,2,2,0,1,CLEAR,DRY,False,REAR END IN TRAFFIC LANES BOTH VEHICLES MOVING,REAR END,STRAIGHT & LEVEL,DAYLIGHT,,,11/25/2020 10:11:34 AM,False,7817,Accepted,
27537251,0568000,LOUISVILLE METRO POLICE DEPT,Accepted,JEFFERSON,KY1450,,BLUE LICK,RD,,,BONAVENTURE,,,,,38.122273359,-85.689461153,2.585,10/30/2020 12:00:00 AM,1749,2,2,0,0,CLEAR,DRY,False,OTHER INTERSECTION COLLISIONS,REAR END,STRAIGHT & LEVEL,DAYLIGHT,,,12/7/2020 10:34:40 AM,False,7269,Accepted,
27406711,0568000,LOUISVILLE METRO POLICE DEPT,Accepted,JEFFERSON,,1428,HANCOCK,ST,S,,,,,,,38.225591753,-85.746893595,1.587,10/30/2020 12:00:00 AM,2015,2,2,0,0,CLEAR,DRY,False,1 VEHICLE PARKED POSITION (NOT PARKING LOT/DRIVEWAY),REAR END,STRAIGHT & LEVEL,DARK (UNKNOWN ROADWAY LIGHTING),,,11/2/2020 1:12:59 PM,False,5050,Accepted,
27406653,0568000,LOUISVILLE METRO POLICE DEPT,Accepted,JEFFERSON,KY1932,,BRECKENRIDGE,LN,,KY0155,TAYLORSVILLE,,,,,38.220324300,-85.630636170,2.875,10/30/2020 12:00:00 AM,1559,2,2,0,0,CLEAR,DRY,False,OTHER INTERSECTION COLLISIONS,REAR END,STRAIGHT & LEVEL,DAYLIGHT,,,11/2/2020 1:09:43 PM,False,5247,Accepted,
27406660,0568000,LOUISVILLE METRO POLICE DEPT,Accepted,JEFFERSON,US0031E,,BARDSTOWN,RD,,,,,WATTERSON,,DREAMS END,38.178626478,-85.622204177,8.340,10/30/2020 12:00:00 AM,1612,5,5,0,0,CLEAR,DRY,False,OTHER ROADWAY OR MID-BLOCK COLLISION,REAR END,STRAIGHT & LEVEL,DAYLIGHT,,,11/2/2020 1:10:08 PM,False,7482,Accepted,
27406669,0568000,LOUISVILLE METRO POLICE DEPT,Accepted,JEFFERSON,US0060A,,TAYLOR,BLVD,,,LONGFIELD,,,,,38.198627712,-85.782794767,1.617,10/30/2020 12:00:00 AM,1839,2,2,0,0,CLEAR,DRY,False,ANGLE COLLISION - OTHER,ANGLE,STRAIGHT & LEVEL,DUSK,,,11/2/2020 1:10:45 PM,False,7472,Accepted,
27406668,0568000,LOUISVILLE METRO POLICE DEPT,Accepted,JEFFERSON,,,HIKES,LN,,,DOWNING,,,,,38.202621457,-85.654238903,1.263,10/30/2020 12:00:00 AM,1916,2,2,0,2,CLEAR,DRY,False,OPPOSING LEFT TURN,OPPOSING LEFT TURN,STRAIGHT & LEVEL,DUSK,,,11/2/2020 1:10:40 PM,False,5288,Accepted,
27406634,0568000,LOUISVILLE METRO POLICE DEPT,Accepted,JEFFERSON,,,4TH,ST,S,,KENTUCKY,,,,,38.238936517,-85.759644912,1.231,10/30/2020 12:00:00 AM,1820,2,2,0,0,CLEAR,DRY,False,ANGLE COLLISION - OTHER,ANGLE,STRAIGHT & LEVEL,DARK-HWY LIGHTED/ON,,,11/2/2020 1:08:34 PM,False,5236,Accepted,
27406641,0568000,LOUISVILLE METRO POLICE DEPT,Accepted,JEFFERSON,KY0155,,TAYLORSVILLE LAKE,RD,,,HUNT COUNTRY,,,,,38.153222501,-85.431983559,0.648,10/30/2020 12:00:00 AM,2226,3,3,0,2,CLEAR,DRY,False,REAR END - ONE VEHICLE TURNING LEFT,REAR END,STRAIGHT & LEVEL,DARK-HWY NOT LIGHTED,,,11/2/2020 1:09:00 PM,False,5011,Accepted,
27406642,0568000,LOUISVILLE METRO POLICE DEPT,Accepted,JEFFERSON,KY1020,,3RD,ST,S,,,,,,,38.210147430,-85.763012289,9.865,10/30/2020 12:00:00 AM,2249,2,2,0,0,CLEAR,DRY,True,1 VEHICLE ENTERING/LEAVING ENTRANCE,ANGLE,STRAIGHT & LEVEL,DARK-HWY LIGHTED/ON,,,11/2/2020 1:09:04 PM,False,5258,Accepted,
27406618,0568000,LOUISVILLE METRO POLICE DEPT,Accepted,JEFFERSON,I 0265,,I265 S,,,I 0064,I64 E EXIT19A RAMP TO I265 S,,,,,38.218416058,-85.506077991,25.182,10/30/2020 12:00:00 AM,1519,2,2,0,1,CLEAR,DRY,False,OTHER INTERSECTION COLLISIONS,REAR END,STRAIGHT & LEVEL,DAYLIGHT,,,11/2/2020 1:07:47 PM,False,6334,Accepted,
27409934,0568000,LOUISVILLE METRO POLICE DEPT,Accepted,JEFFERSON,,,DELOR,AVE,,,,,KESWICK,,HICKORY,38.219562755,-85.740844993,0.182,10/30/2020 12:00:00 AM,0025,1,1,0,0,CLEAR,DRY,True,COLLISION WITH FIXED OBJECT NON - INTERSECTION - FIRST EVENT COLLISION 09 - 32 EXCLUDING 16,SINGLE VEHICLE,STRAIGHT & LEVEL,DARK-HWY LIGHTED/ON,,,11/3/2020 8:34:41 AM,False,5204,Accepted,
27419069,0568000,LOUISVILLE METRO POLICE DEPT,Accepted,JEFFERSON,,,LIBERTY,ST,W,,1ST,,,,,38.252590989,-85.752221841,0.875,10/30/2020 12:00:00 AM,,2,2,0,0,CLEAR,DRY,True,ANGLE COLLISION - OTHER,ANGLE,STRAIGHT & LEVEL,DARK-HWY LIGHTED/ON,,,11/5/2020 9:34:37 AM,False,5254,Accepted,
27406609,0568000,LOUISVILLE METRO POLICE DEPT,Accepted,JEFFERSON,,,MUHAMMAD ALI,BLVD,W,,8TH,,,,,38.251897698,-85.764176830,0.632,10/30/2020 12:00:00 AM,1123,2,2,0,1,CLEAR,DRY,False,ANGLE COLLISION - OTHER,ANGLE,STRAIGHT & GRADE,DAYLIGHT,,,11/2/2020 1:07:24 PM,False,2661,Accepted,
27406616,0568000,LOUISVILLE METRO POLICE DEPT,Accepted,JEFFERSON,,,RAVENWOOD,DR,,,BROWNS,,,,,38.231306868,-85.625491908,0.001,10/30/2020 12:00:00 AM,1206,2,2,0,1,CLEAR,DRY,False,HEAD-ON COLLISION,HEAD ON,STRAIGHT & LEVEL,DAYLIGHT,,,11/2/2020 1:07:41 PM,False,7448,Accepted,
27406617,0568000,LOUISVILLE METRO POLICE DEPT,Accepted,JEFFERSON,,,BISHOP,LN,,,,KY1703,NEWBURG,,RED ROOF INN,38.200463874,-85.685960858,1.434,10/30/2020 12:00:00 AM,1554,2,2,0,0,CLEAR,DRY,False,SIDESWIPE COLLISION - SAME DIRECTION,SIDESWIPE-SAME DIRECTION,STRAIGHT & LEVEL,DAYLIGHT,,,11/2/2020 1:07:44 PM,False,2308,Accepted,
27406625,0568000,LOUISVILLE METRO POLICE DEPT,Accepted,JEFFERSON,KY1865,,TAYLOR,BLVD,,,BROOKLINE,,,,,38.175085051,-85.782567659,4.715,10/30/2020 12:00:00 AM,1615,3,3,0,1,CLEAR,DRY,True,ANGLE COLLISION - OTHER,ANGLE,STRAIGHT & LEVEL,DAYLIGHT,,,11/2/2020 1:08:09 PM,False,7978,Accepted,
27406626,0568000,LOUISVILLE METRO POLICE DEPT,Accepted,JEFFERSON,KY1934,4615,CANE RUN,RD,,,,,,,,38.191883750,-85.847084179,8.445,10/30/2020 12:00:00 AM,1736,2,2,0,1,CLEAR,DRY,False,REAR END IN TRAFFIC LANES BOTH VEHICLES MOVING,REAR END,STRAIGHT & LEVEL,DAYLIGHT,,,11/2/2020 1:08:12 PM,False,5257,Accepted,
27406633,0568000,LOUISVILLE METRO POLICE DEPT,Accepted,JEFFERSON,US0031W,626,MAIN,ST,W,,,,,,,38.257132099,-85.761216332,21.675,10/30/2020 12:00:00 AM,2151,4,4,0,0,CLEAR,DRY,False,1 VEHICLE PARKED POSITION (NOT PARKING LOT/DRIVEWAY),REAR END,STRAIGHT & LEVEL,DARK-HWY LIGHTED/ON,,,11/2/2020 1:08:31 PM,False,7325,Accepted,
27395420,0568000,LOUISVILLE METRO POLICE DEPT,Accepted,JEFFERSON,US0031E,2222,BARDSTOWN,RD,,,,,,,,38.224350351,-85.693280709,13.602,10/30/2020 12:00:00 AM,0045,1,1,0,0,CLOUDY,WET,True,COLLISION WITH FIXED OBJECT NON - INTERSECTION - FIRST EVENT COLLISION 09 - 32 EXCLUDING 16,SINGLE VEHICLE,STRAIGHT & LEVEL,DARK-HWY LIGHTED/ON,,,10/30/2020 8:33:39 AM,False,2976,Accepted,
27406627,0568000,LOUISVILLE METRO POLICE DEPT,Accepted,JEFFERSON,US0150,,BROADWAY,,W,,16TH,,,,,38.248426894,-85.778212029,1.284,10/30/2020 12:00:00 AM,0715,2,1,0,1,CLEAR,DRY,True,COLLISION WITH BICYCLE IN INTERSECTION,SINGLE VEHICLE,STRAIGHT & LEVEL,DARK (UNKNOWN ROADWAY LIGHTING),,,11/2/2020 1:08:15 PM,False,5273,Accepted,
27406628,0568000,LOUISVILLE METRO POLICE DEPT,Accepted,JEFFERSON,I 0265,,I265 E,,,,,I 0265,I265 E EXIT23 ON RAMP FROM KY155,I 0064,I64 N EXIT25A RAMP TO I64 E,38.197851994,-85.507848256,23.758,10/30/2020 12:00:00 AM,1945,2,2,0,0,CLEAR,DRY,False,REAR END IN TRAFFIC LANES BOTH VEHICLES MOVING,REAR END,STRAIGHT & LEVEL,DARK-HWY NOT LIGHTED,,,11/2/2020 1:08:18 PM,False,7761,Accepted,
27406635,0568000,LOUISVILLE METRO POLICE DEPT,Accepted,JEFFERSON,US0060,,SHELBYVILLE,RD,,,LA FONTENAY,,,,,38.245050365,-85.559209666,8.825,10/30/2020 12:00:00 AM,2346,2,2,0,0,CLEAR,DRY,True,ANGLE COLLISION - OTHER,ANGLE,STRAIGHT & LEVEL,DARK-HWY LIGHTED/ON,,,11/2/2020 1:08:38 PM,False,7370,Accepted,
27406636,0568000,LOUISVILLE METRO POLICE DEPT,Accepted,JEFFERSON,I 0065,,I65 S,,,,,I 0065,I65 S EXIT136 ON RAMP FROM  E JACOB ST,I 0065,I65 S EXIT135 OFF RAMP TO  E SAINT CATHERINE ST,38.242103164,-85.752890585,135.005,10/30/2020 12:00:00 AM,1830,2,2,0,0,CLEAR,DRY,True,SIDESWIPE COLLISION - SAME DIRECTION,SIDESWIPE-SAME DIRECTION,STRAIGHT & LEVEL,DAYLIGHT,,,11/2/2020 1:08:41 PM,False,7527,Accepted,