IncidentID,AgencyORI,AgencyName,IncidentStatusDesc,County,RdwyNumber,Street,RoadwayName,StreetSfx,StreetDir,IntersectionRdwy,IntersectionRdwyName,BetweenStRdwy1,BetweenStRdwyName1,BetweenStRdwy2,BetweenStRdwyName2,Latitude,Longitude,Milepoint,CollisionDate,CollisionTime,UnitsInvolved,MotorVehiclesInvolved,NumberKilled,NumberInjured,Weather,RdwyConditionCode,HitandRun,DirAnalysisCode,MannerofCollision,RdwyCharacter,LightCondition,RampFromRdwyId,RampToRdwyId,AcceptedDate,IsSecondaryCollision,OwnerBadge,IncidentStatus,
27406648,0568000,LOUISVILLE METRO POLICE DEPT,Accepted,JEFFERSON,,,CHESTNUT,ST,E,KY0061,JACKSON,,,,,38.247607847,-85.745217291,0.422,10/30/2020 12:00:00 AM,2032,2,2,0,1,CLEAR,DRY,False,ANGLE COLLISION - OTHER,ANGLE,STRAIGHT & LEVEL,DARK-HWY LIGHTED/ON,,,11/2/2020 1:09:29 PM,False,5135,Accepted,
27406649,0568000,LOUISVILLE METRO POLICE DEPT,Accepted,JEFFERSON,US0150,,BROADWAY,,E,,HANCOCK,,,,,38.245047242,-85.743624161,3.184,10/30/2020 12:00:00 AM,2256,2,2,0,1,CLEAR,DRY,False,SIDESWIPE-SAME DIRECTION,SIDESWIPE-SAME DIRECTION,STRAIGHT & LEVEL,DARK-HWY LIGHTED/ON,,,11/2/2020 1:09:33 PM,False,5135,Accepted,
27406604,0568000,LOUISVILLE METRO POLICE DEPT,Accepted,JEFFERSON,,,FLOYD,ST,S,,MUHAMMAD ALI,,,,,38.250516570,-85.748805224,0.395,10/30/2020 12:00:00 AM,0834,2,2,0,1,CLOUDY,DRY,False,OTHER INTERSECTION COLLISIONS,REAR END,STRAIGHT & LEVEL,DAYLIGHT,,,11/2/2020 1:07:08 PM,False,5108,Accepted,
27395425,0568000,LOUISVILLE METRO POLICE DEPT,Accepted,JEFFERSON,,,SOUTHERN,PKWY,,,TENNY,,,,,38.177442052,-85.771781751,0.367,10/30/2020 12:00:00 AM,0103,1,1,0,0,CLEAR,WET,False,COLLISION WITH FIXED OBJECT IN INTERSECTION - FIRST EVENT COLLISION 09 - 32,SINGLE VEHICLE,STRAIGHT & LEVEL,DARK-HWY LIGHTED/ON,,,10/30/2020 8:33:50 AM,False,5245,Accepted,
27406704,0568000,LOUISVILLE METRO POLICE DEPT,Accepted,JEFFERSON,KY1727,,TERRY,RD,,KY1931,GREENWOOD,,,,,38.144730178,-85.871933473,1.587,10/30/2020 12:00:00 AM,1849,2,2,0,1,CLOUDY,DRY,False,HEAD-ON COLLISION,HEAD ON,STRAIGHT & LEVEL,DUSK,,,11/2/2020 1:12:40 PM,False,7073,Accepted,
27406657,0568000,LOUISVILLE METRO POLICE DEPT,Accepted,JEFFERSON,KY1934,,CANE RUN,RD,,,KRISTIN,,,,,38.197515764,-85.839610297,9.008,10/30/2020 12:00:00 AM,1725,2,2,0,0,CLEAR,DRY,False,OTHER INTERSECTION COLLISIONS,REAR END,STRAIGHT & LEVEL,DAYLIGHT,,,11/2/2020 1:09:53 PM,False,5257,Accepted,
27406671,0568000,LOUISVILLE METRO POLICE DEPT,Accepted,JEFFERSON,,,33RD,ST,N,KY3082,BANK,,,,,38.272640909,-85.800689645,0.139,10/30/2020 12:00:00 AM,1920,2,1,0,1,CLEAR,DRY,False,COLLISION WITH BICYCLE IN INTERSECTION,SINGLE VEHICLE,CURVE & LEVEL,DARK-HWY LIGHTED/ON,,,11/2/2020 1:10:56 PM,False,7190,Accepted,
27406672,0568000,LOUISVILLE METRO POLICE DEPT,Accepted,JEFFERSON,,,BRECKINRIDGE,ST,W,KY1020,2ND,,,,,38.241541234,-85.755805550,0.090,10/30/2020 12:00:00 AM,2339,3,3,0,1,CLEAR,DRY,False,ANGLE COLLISION - OTHER,ANGLE,STRAIGHT & LEVEL,DARK-HWY LIGHTED/ON,,,11/2/2020 1:11:01 PM,False,5252,Accepted,
27406679,0568000,LOUISVILLE METRO POLICE DEPT,Accepted,JEFFERSON,,,JEANINE,DR,,,GLEN VALLEY,,,,,38.160664195,-85.688337339,0.207,10/30/2020 12:00:00 AM,2022,2,2,0,1,CLEAR,DRY,False,ANGLE COLLISION - OTHER,ANGLE,STRAIGHT & LEVEL,DARK-HWY LIGHTED/OFF,,,11/2/2020 1:11:30 PM,False,5301,Accepted,
27397004,0561000,JEFFERSONTOWN POLICE DEPT,Accepted,JEFFERSON,I 0064,,I64 W,,,,,,,,,38.222898299,-85.565879182,15.582,10/30/2020 12:00:00 AM,1115,2,2,0,0,CLEAR,DRY,True,SIDESWIPE COLLISION - SAME DIRECTION,SIDESWIPE-SAME DIRECTION,STRAIGHT & LEVEL,DAYLIGHT,,,10/30/2020 2:14:46 PM,False,8299,Accepted,
27406607,0568000,LOUISVILLE METRO POLICE DEPT,Accepted,JEFFERSON,KY0061,,SHELBY,ST,S,,,US0060A,EASTERN,,MINOMA,38.214664272,-85.742542246,10.097,10/30/2020 12:00:00 AM,0913,2,2,0,0,CLEAR,DRY,False,VEHICLE BACKING NON INTERSECTION,BACKING,STRAIGHT & LEVEL,DAYLIGHT,,,11/2/2020 1:07:20 PM,False,7418,Accepted,
27406614,0568000,LOUISVILLE METRO POLICE DEPT,Accepted,JEFFERSON,,1100,RACHEL,DR,,,,,,,,38.143853500,-85.690377817,0.033,10/30/2020 12:00:00 AM,1316,2,2,0,0,CLEAR,DRY,False,VEHICLE BACKING NON INTERSECTION,BACKING,STRAIGHT & LEVEL,DAYLIGHT,,,11/2/2020 1:07:34 PM,False,7962,Accepted,
27406623,0568000,LOUISVILLE METRO POLICE DEPT,Accepted,JEFFERSON,,4100,TOWNE CENTER,DR,,,,,,,,38.298993504,-85.556627184,0.269,10/30/2020 12:00:00 AM,1721,2,1,0,1,CLEAR,DRY,False,COLLISION IN PARKING LOT,SINGLE VEHICLE,STRAIGHT & LEVEL,DAYLIGHT,,,11/2/2020 1:08:02 PM,False,7839,Accepted,
27406624,0568000,LOUISVILLE METRO POLICE DEPT,Accepted,JEFFERSON,US0031E,,BARDSTOWN,RD,,,DUKER,,,,,38.230150042,-85.703709769,14.303,10/30/2020 12:00:00 AM,1653,3,3,0,0,CLEAR,DRY,True,OTHER INTERSECTION COLLISIONS,REAR END,STRAIGHT & LEVEL,DAYLIGHT,,,11/2/2020 1:08:05 PM,False,7960,Accepted,
27406631,0568000,LOUISVILLE METRO POLICE DEPT,Accepted,JEFFERSON,,,MARGUERITE,DR,,,,,MT EVEREST,,NIGEL,38.166013964,-85.852093924,0.217,10/30/2020 12:00:00 AM,2240,2,2,0,0,CLEAR,DRY,False,1 VEHICLE PARKED POSITION (NOT PARKING LOT/DRIVEWAY),HEAD ON,STRAIGHT & LEVEL,DARK-HWY NOT LIGHTED,,,11/2/2020 1:08:24 PM,False,5298,Accepted,
27406681,0568000,LOUISVILLE METRO POLICE DEPT,Accepted,JEFFERSON,US0150,,BROADWAY,,W,US0031W,DR W J HODGE,,,,,38.249156314,-85.786522937,0.824,10/30/2020 12:00:00 AM,2209,2,2,0,2,CLEAR,DRY,False,ANGLE COLLISION - OTHER,ANGLE,STRAIGHT & LEVEL,DARK-HWY LIGHTED/ON,,,11/2/2020 1:11:37 PM,False,5021,Accepted,
27406621,0568000,LOUISVILLE METRO POLICE DEPT,Accepted,JEFFERSON,US0031W,,MAIN,ST,W,US0150,DR W J HODGE,,,,,38.259800258,-85.784710955,20.390,10/30/2020 12:00:00 AM,1050,2,2,0,0,CLEAR,DRY,False,ANGLE COLLISION - OTHER,ANGLE,STRAIGHT & LEVEL,DAYLIGHT,,,11/2/2020 1:07:55 PM,False,5300,Accepted,
27406622,0568000,LOUISVILLE METRO POLICE DEPT,Accepted,JEFFERSON,,,GABRIEL,DR,,,GALAXIE,,,,,38.156954278,-85.854351742,0.248,10/30/2020 12:00:00 AM,1721,2,2,0,0,CLEAR,DRY,False,ANGLE COLLISION - OTHER,ANGLE,STRAIGHT & LEVEL,DAYLIGHT,,,11/2/2020 1:07:59 PM,False,7340,Accepted,
27406637,0568000,LOUISVILLE METRO POLICE DEPT,Accepted,JEFFERSON,,,SMYRNA,RD,,KY1065,OUTER,,,,,38.137929730,-85.641873741,0.002,10/30/2020 12:00:00 AM,2300,2,2,0,0,CLEAR,DRY,False,ANGLE COLLISION - OTHER,ANGLE,STRAIGHT & LEVEL,DARK-HWY LIGHTED/ON,,,11/2/2020 1:08:47 PM,False,5182,Accepted,
27406638,0568000,LOUISVILLE METRO POLICE DEPT,Accepted,JEFFERSON,KY0061,7700,PRESTON,HWY,,,,,,,,38.140333057,-85.687813244,4.096,10/30/2020 12:00:00 AM,2000,2,2,0,0,CLEAR,DRY,False,1 VEHICLE ENTERING/LEAVING ENTRANCE,ANGLE,STRAIGHT & LEVEL,DARK (UNKNOWN ROADWAY LIGHTING),,,11/2/2020 1:08:52 PM,False,5248,Accepted,
27406646,0568000,LOUISVILLE METRO POLICE DEPT,Accepted,JEFFERSON,I 0264,,I264 W,,,,,,,,,38.192052605,-85.714035829,12.948,10/30/2020 12:00:00 AM,1938,2,2,0,0,CLEAR,DRY,False,SIDESWIPE COLLISION - SAME DIRECTION,SIDESWIPE-SAME DIRECTION,CURVE & LEVEL,DARK-HWY LIGHTED/ON,,,11/2/2020 1:09:22 PM,False,5189,Accepted,
27406612,0568000,LOUISVILLE METRO POLICE DEPT,Accepted,JEFFERSON,,,DIXIE,HWY,,,ST LOUIS,,,,,38.233097080,-85.788529510,1.150,10/29/2020 12:00:00 AM,1259,1,1,0,1,CLOUDY,WET,False,COLLISION WITH FIXED OBJECT IN INTERSECTION - FIRST EVENT COLLISION 09 - 32,SINGLE VEHICLE,STRAIGHT & LEVEL,DAYLIGHT,,,11/2/2020 1:07:30 PM,False,2142,Accepted,
27406698,0568000,LOUISVILLE METRO POLICE DEPT,Accepted,JEFFERSON,KY1065,,OUTER,LOOP,,,,,ROBBS,,BUENA VISTA,38.138076901,-85.663598194,7.321,10/29/2020 12:00:00 AM,1635,2,2,0,1,RAINING,WET,False,REAR END IN TRAFFIC LANES BOTH VEHICLES MOVING,REAR END,STRAIGHT & LEVEL,DAYLIGHT,,,11/2/2020 1:12:22 PM,False,7578,Accepted,
27414450,0568000,LOUISVILLE METRO POLICE DEPT,Accepted,JEFFERSON,,,CENTRAL,AVE,,,RODMAN,,,,,38.205712207,-85.770519093,0.714,10/29/2020 12:00:00 AM,1806,2,1,0,0,RAINING,WET,False,COLLISION WITH BICYCLE IN INTERSECTION,SINGLE VEHICLE,STRAIGHT & LEVEL,DAYLIGHT,,,11/4/2020 10:00:17 AM,False,2499,Accepted,
27414452,0568000,LOUISVILLE METRO POLICE DEPT,Accepted,JEFFERSON,I 0065,,I65 N,,,,,,,,,38.188761095,-85.727828136,130.602,10/29/2020 12:00:00 AM,1047,1,1,0,0,RAINING,WATER (STANDING OR MOVING),False,OTHER ROADWAY OR MID-BLOCK COLLISION,SINGLE VEHICLE,STRAIGHT & GRADE,DAYLIGHT,,,11/4/2020 10:00:38 AM,False,6886,Accepted,
27409930,0568000,LOUISVILLE METRO POLICE DEPT,Accepted,JEFFERSON,,,BLUEGRASS,AVE,,KY1865,TAYLOR,,,,,38.179601932,-85.783261206,0.853,10/29/2020 12:00:00 AM,1230,2,2,0,0,CLOUDY,WET,False,ANGLE COLLISION - OTHER,ANGLE,STRAIGHT & LEVEL,DAYLIGHT,,,11/3/2020 8:34:15 AM,False,7471,Accepted,
27406715,0568000,LOUISVILLE METRO POLICE DEPT,Accepted,JEFFERSON,US0031E,,BUECHEL,BYP,,,,KY2251,KY2251 CROSSOVER,KY2052,HIKES,38.200066635,-85.662609418,11.135,10/29/2020 12:00:00 AM,2040,2,2,0,0,CLOUDY,DRY,False,1 VEHICLE ENTERING/LEAVING ENTRANCE,ANGLE,STRAIGHT & LEVEL,DARK-HWY NOT LIGHTED,,,11/2/2020 1:13:14 PM,False,7851,Accepted,
27395508,0568000,LOUISVILLE METRO POLICE DEPT,Accepted,JEFFERSON,US0060,,SHELBYVILLE,RD,,,VIEUX CARRE,,,,,38.246173330,-85.574500865,7.988,10/29/2020 12:00:00 AM,1529,2,2,0,1,RAINING,WET,False,OPPOSING LEFT TURN,OPPOSING LEFT TURN,STRAIGHT & LEVEL,DAYLIGHT,,,10/30/2020 8:44:22 AM,False,7751,Accepted,
27395408,0568000,LOUISVILLE METRO POLICE DEPT,Accepted,JEFFERSON,KY1065,,OUTER,LOOP,,,,,MINOR,,LONE OAK,38.136225706,-85.696310615,5.513,10/29/2020 12:00:00 AM,1841,2,2,0,0,RAINING,WET,False,OTHER ROADWAY OR MID-BLOCK COLLISION,REAR END,STRAIGHT & LEVEL,DARK-HWY LIGHTED/OFF,,,10/30/2020 8:32:58 AM,False,5270,Accepted,
27395409,0568000,LOUISVILLE METRO POLICE DEPT,Accepted,JEFFERSON,I 0264,,I264 W,,,,,,,,,38.200648133,-85.697256614,14.048,10/29/2020 12:00:00 AM,1650,3,3,0,0,RAINING,WET,False,REAR END IN TRAFFIC LANES BOTH VEHICLES MOVING,REAR END,STRAIGHT & LEVEL,DAYLIGHT,,,10/30/2020 8:33:03 AM,False,7898,Accepted,
27395348,0568000,LOUISVILLE METRO POLICE DEPT,Accepted,JEFFERSON,,,WHITNEY,AVE,W,,CLIFF,,,,,38.193866753,-85.774794098,0.453,10/29/2020 12:00:00 AM,1429,2,2,0,0,RAINING,WET,False,ANGLE COLLISION - OTHER,ANGLE,STRAIGHT & LEVEL,DAYLIGHT,,,10/30/2020 8:29:47 AM,False,7402,Accepted,
27395398,0568000,LOUISVILLE METRO POLICE DEPT,Accepted,JEFFERSON,KY0907,9106,3RD ST,RD,,,,,,,,38.116228621,-85.819897081,2.946,10/29/2020 12:00:00 AM,1407,1,1,0,1,RAINING,WET,False,COLLISION WITH FIXED OBJECT NON - INTERSECTION - FIRST EVENT COLLISION 09 - 32 EXCLUDING 16,SINGLE VEHICLE,CURVE & HILLCREST,DAYLIGHT,,,10/30/2020 8:31:58 AM,False,7149,Accepted,
27395343,0568000,LOUISVILLE METRO POLICE DEPT,Accepted,JEFFERSON,,,OAK,ST,W,,9TH,,,,,38.235740297,-85.767601223,0.670,10/29/2020 12:00:00 AM,0857,2,2,0,2,CLOUDY,DRY,False,OTHER INTERSECTION COLLISIONS,REAR END,STRAIGHT & GRADE,DAYLIGHT,,,10/30/2020 8:29:30 AM,False,7619,Accepted,
27391270,0568000,LOUISVILLE METRO POLICE DEPT,Accepted,JEFFERSON,KY1065,,OUTER,LOOP,,KY6162,MINOR,,,,,38.136504752,-85.713379242,4.564,10/29/2020 12:00:00 AM,0002,2,2,0,1,FOG WITH RAIN,WET,True,OTHER INTERSECTION COLLISIONS,REAR END,STRAIGHT & LEVEL,DARK-HWY LIGHTED/ON,,,10/29/2020 8:12:46 AM,False,7016,Accepted,
27391278,0568000,LOUISVILLE METRO POLICE DEPT,Accepted,JEFFERSON,,1239,ASHLAND,AVE,W,,,KY1865,TAYLOR,,BEAVER,38.186528224,-85.782723731,0.934,10/29/2020 12:00:00 AM,0110,1,1,0,2,RAINING,WET,False,COLLISION WITH FIXED OBJECT NON - INTERSECTION - FIRST EVENT COLLISION 09 - 32 EXCLUDING 16,SINGLE VEHICLE,STRAIGHT & LEVEL,DARK-HWY LIGHTED/ON,,,10/29/2020 8:13:26 AM,False,5245,Accepted,
27395339,0568000,LOUISVILLE METRO POLICE DEPT,Accepted,JEFFERSON,KY1065,,OUTER,LOOP,,,CEDAR BROOK,,,,,38.137723663,-85.666895221,7.141,10/29/2020 12:00:00 AM,1302,2,2,0,0,CLOUDY,WET,False,ANGLE COLLISION - OTHER,ANGLE,STRAIGHT & LEVEL,DAYLIGHT,,,10/30/2020 8:29:09 AM,False,2017,Accepted,
27395340,0568000,LOUISVILLE METRO POLICE DEPT,Accepted,JEFFERSON,,,WATTERSON,TRL,S,KY1065,OUTER,,,,,38.138676141,-85.615560240,3.229,10/29/2020 12:00:00 AM,1357,2,2,0,1,RAINING,WET,False,OTHER INTERSECTION COLLISIONS,REAR END,STRAIGHT & LEVEL,DAYLIGHT,,,10/30/2020 8:29:13 AM,False,2017,Accepted,
27395341,0568000,LOUISVILLE METRO POLICE DEPT,Accepted,JEFFERSON,,,BRECKINRIDGE,ST,E,,SWAN,,,,,38.239497246,-85.736554848,0.636,10/29/2020 12:00:00 AM,1239,1,1,0,0,RAINING,WET,False,OTHER INTERSECTION COLLISIONS,SINGLE VEHICLE,STRAIGHT & LEVEL,DAYLIGHT,,,10/30/2020 8:29:16 AM,False,5186,Accepted,
27395350,0568000,LOUISVILLE METRO POLICE DEPT,Accepted,JEFFERSON,,,MILLERS,LN,,,,,,,,38.216354524,-85.811767258,0.873,10/29/2020 12:00:00 AM,1500,2,2,0,1,RAINING,WET,True,SIDESWIPE COLLISION - OPPOSITE DIRECTION,SIDESWIPE-OPPOSITE DIRECTION,STRAIGHT & LEVEL,DAYLIGHT,,,10/30/2020 8:29:56 AM,False,5032,Accepted,
27395366,0568000,LOUISVILLE METRO POLICE DEPT,Accepted,JEFFERSON,US0150,,BROADWAY,,E,KY0061,JACKSON,,,,,38.245165428,-85.745589911,3.073,10/29/2020 12:00:00 AM,1700,2,2,0,1,RAINING,WET,False,ANGLE COLLISION - OTHER,ANGLE,STRAIGHT & LEVEL,DAYLIGHT,,,10/30/2020 8:31:01 AM,False,7058,Accepted,
27395399,0568000,LOUISVILLE METRO POLICE DEPT,Accepted,JEFFERSON,I 0065,,I65 N,,,,,,,,,38.201288730,-85.735340652,131.577,10/29/2020 12:00:00 AM,1817,2,2,0,0,RAINING,WATER (STANDING OR MOVING),False,SIDESWIPE COLLISION - SAME DIRECTION,SIDESWIPE-SAME DIRECTION,STRAIGHT & GRADE,DARK-HWY NOT LIGHTED,,,10/30/2020 8:32:03 AM,False,7402,Accepted,
27395401,0568000,LOUISVILLE METRO POLICE DEPT,Accepted,JEFFERSON,,,GREENWOOD,AVE,,,34TH,,,,,38.243113491,-85.809174280,1.305,10/29/2020 12:00:00 AM,1234,2,2,0,0,RAINING,WET,False,COLLISION WITH PARKED VEHICLE,SIDESWIPE-SAME DIRECTION,STRAIGHT & LEVEL,DAYLIGHT,,,10/30/2020 8:32:19 AM,False,7329,Accepted,
27391279,0568000,LOUISVILLE METRO POLICE DEPT,Accepted,JEFFERSON,US0031W,,DIXIE,HWY,,,TRENT,,,,,38.161997220,-85.831656973,12.866,10/29/2020 12:00:00 AM,0207,2,2,0,1,RAINING,WET,False,ANGLE COLLISION - ONE VEHICLE TURNING LEFT,ANGLE,STRAIGHT & LEVEL,DARK-HWY LIGHTED/ON,,,10/29/2020 8:13:30 AM,False,5224,Accepted,
27391280,0568000,LOUISVILLE METRO POLICE DEPT,Accepted,JEFFERSON,,200,CHESTNUT,ST,E,,,,,,,38.248282729,-85.751455697,0.080,10/29/2020 12:00:00 AM,0530,1,1,0,0,RAINING,WET,False,OTHER ROADWAY OR MID-BLOCK COLLISION,SINGLE VEHICLE,CURVE & LEVEL,DARK-HWY LIGHTED/ON,,,10/29/2020 8:13:35 AM,False,5122,Accepted,
27391281,0568000,LOUISVILLE METRO POLICE DEPT,Accepted,JEFFERSON,I 0065,,I65 S,,,,,,,,,38.144848237,-85.711120068,127.313,10/29/2020 12:00:00 AM,0423,3,3,0,0,RAINING,WET,False,1 VEHICLE ENTERING/LEAVING ENTRANCE,ANGLE,STRAIGHT & LEVEL,DARK-HWY LIGHTED/ON,,,10/29/2020 8:13:39 AM,False,5270,Accepted,
27395421,0568000,LOUISVILLE METRO POLICE DEPT,Accepted,JEFFERSON,,,BROADWAY,,W,,24TH,,,,,38.249383680,-85.791537953,0.179,10/29/2020 12:00:00 AM,2211,2,2,0,0,RAINING,WET,False,SIDESWIPE-SAME DIRECTION,SIDESWIPE-SAME DIRECTION,STRAIGHT & LEVEL,DARK-HWY LIGHTED/ON,,,10/30/2020 8:33:42 AM,False,5008,Accepted,
27397332,KSP0400,KY STATE POLICE POST 04,Accepted,JEFFERSON,,,BROOK,ST,S,,,,,,,38.245450254,-85.751739133,2.841,10/29/2020 12:00:00 AM,1026,2,2,0,0,CLOUDY,DRY,True,OTHER ROADWAY OR MID-BLOCK COLLISION,REAR END,STRAIGHT & LEVEL,DAYLIGHT,,,10/30/2020 3:32:16 PM,False,334,Accepted,
27406602,0568000,LOUISVILLE METRO POLICE DEPT,Accepted,JEFFERSON,I 0065,,I65 S,,,I 0065,I65 S EXIT127 OFF RAMP TO KY1065,,,,,38.143105180,-85.710239434,127.183,10/29/2020 12:00:00 AM,0532,3,3,0,2,RAINING,WET,False,OTHER INTERSECTION COLLISIONS,REAR END,STRAIGHT & LEVEL,DARK-HWY LIGHTED/ON,,,11/2/2020 1:07:01 PM,False,7720,Accepted,
27395419,0568000,LOUISVILLE METRO POLICE DEPT,Accepted,JEFFERSON,KY1703,2809,NEWBURG,RD,,,,,,,,38.207833346,-85.693723735,2.769,10/29/2020 12:00:00 AM,2248,1,1,0,2,RAINING,WET,False,OTHER ROADWAY OR MID-BLOCK COLLISION,SINGLE VEHICLE,CURVE & HILLCREST,DARK-HWY LIGHTED/ON,,,10/30/2020 8:33:35 AM,False,7101,Accepted,
27391277,0568000,LOUISVILLE METRO POLICE DEPT,Accepted,JEFFERSON,I 0265,,I265 E,,,,,,,,,38.118216606,-85.643056707,13.572,10/29/2020 12:00:00 AM,0308,2,2,0,0,RAINING,WET,False,COLLISION WITH NON-FIXED OBJECT ,SIDESWIPE-SAME DIRECTION,STRAIGHT & LEVEL,DARK-HWY LIGHTED/ON,,,10/29/2020 8:13:17 AM,True,5198,Accepted,
27391283,0568000,LOUISVILLE METRO POLICE DEPT,Accepted,JEFFERSON,I 0264,,,,,I 0264,I264 E EXIT9 OFF RAMP TO KY1865 N,,,,,38.187078091,-85.786728966,0.129,10/29/2020 12:00:00 AM,0508,2,2,0,1,RAINING,WET,True,HEAD-ON COLLISION,HEAD ON,STRAIGHT & GRADE,DARK-HWY LIGHTED/ON,,,10/29/2020 8:13:47 AM,False,7435,Accepted,
27393530,0560400,SHIVELY POLICE DEPARTMENT,Accepted,JEFFERSON,I 0264,4200,I264 W,,,,,,,,,38.185898193,-85.818492616,7.203,10/29/2020 12:00:00 AM,0744,2,2,0,0,RAINING,WET,False,SIDESWIPE COLLISION - SAME DIRECTION,SIDESWIPE-SAME DIRECTION,STRAIGHT & LEVEL,DARK-HWY LIGHTED/ON,,,10/29/2020 6:03:48 PM,False,7082,Accepted,
27395330,0568000,LOUISVILLE METRO POLICE DEPT,Accepted,JEFFERSON,US0150,,BROADWAY,,E,,FLOYD,,,,,38.245449422,-85.749688325,2.845,10/29/2020 12:00:00 AM,0759,2,1,0,0,RAINING,WET,False,COLLISION WITH BICYCLE IN INTERSECTION,SINGLE VEHICLE,STRAIGHT & LEVEL,DARK-HWY LIGHTED/ON,,,10/30/2020 8:28:49 AM,False,7863,Accepted,
27395337,0568000,LOUISVILLE METRO POLICE DEPT,Accepted,JEFFERSON,I 0065,,I65 N,,,,,I 0065,I65 N EXIT127 OFF RAMP TO KY1065,I 0065,I65 N EXIT125 ON RAMP,38.127275036,-85.701978911,126.007,10/29/2020 12:00:00 AM,1008,1,1,0,0,RAINING,WET,False,OTHER ROADWAY OR MID-BLOCK COLLISION,SINGLE VEHICLE,STRAIGHT & LEVEL,DAYLIGHT,,,10/30/2020 8:29:01 AM,False,2324,Accepted,
27395338,0568000,LOUISVILLE METRO POLICE DEPT,Accepted,JEFFERSON,KY2048,,CANNONS,LN,,,HYCLIFFE,,,,,38.241830604,-85.660789638,1.726,10/29/2020 12:00:00 AM,0846,2,2,0,2,RAINING,WET,False,OTHER INTERSECTION COLLISIONS,REAR END,STRAIGHT & LEVEL,DAYLIGHT,,,10/30/2020 8:29:05 AM,False,7632,Accepted,
27395346,0568000,LOUISVILLE METRO POLICE DEPT,Accepted,JEFFERSON,I 0065,,I65 S,,,,,,,,,38.178564254,-85.719907456,129.760,10/29/2020 12:00:00 AM,1009,1,1,0,1,RAINING,WET,False,COLLISION WITH FIXED OBJECT NON - INTERSECTION - FIRST EVENT COLLISION 09 - 32 EXCLUDING 16,SINGLE VEHICLE,STRAIGHT & LEVEL,DAYLIGHT,,,10/30/2020 8:29:39 AM,False,5146,Accepted,
27395347,0568000,LOUISVILLE METRO POLICE DEPT,Accepted,JEFFERSON,US0031W,,22ND,ST,S,,CONGRESS,,,,,38.257857731,-85.786628752,20.158,10/29/2020 12:00:00 AM,1631,2,2,0,1,RAINING,WET,True,ANGLE COLLISION - OTHER,ANGLE,STRAIGHT & LEVEL,DAYLIGHT,,,10/30/2020 8:29:43 AM,True,7937,Accepted,
27395354,0568000,LOUISVILLE METRO POLICE DEPT,Accepted,JEFFERSON,US0060A,,TAYLOR,BLVD,,,CENTRAL,,,,,38.206322545,-85.776197225,2.292,10/29/2020 12:00:00 AM,1428,4,4,0,0,RAINING,WET,False,ANGLE COLLISION - OTHER,ANGLE,STRAIGHT & LEVEL,DAYLIGHT,,,10/30/2020 8:30:15 AM,False,5052,Accepted,
27395355,0568000,LOUISVILLE METRO POLICE DEPT,Accepted,JEFFERSON,KY1934,,GREENBELT,HWY,,KY1230,LOWER RIVER,,,,,38.098263086,-85.892198306,1.048,10/29/2020 12:00:00 AM,1706,2,2,0,1,RAINING,WET,False,OTHER INTERSECTION COLLISIONS,REAR END,STRAIGHT & LEVEL,DAYLIGHT,,,10/30/2020 8:30:24 AM,False,7634,Accepted,
27395396,0568000,LOUISVILLE METRO POLICE DEPT,Accepted,JEFFERSON,,4825,ANDALUSIA,LN,,,,,,,,38.115641751,-85.853057463,0.393,10/29/2020 12:00:00 AM,0803,2,2,0,0,RAINING,WET,True,1 VEHICLE PARKED POSITION (NOT PARKING LOT/DRIVEWAY),ANGLE,CURVE & LEVEL,DAYLIGHT,,,10/30/2020 8:31:45 AM,False,7149,Accepted,
27395403,0568000,LOUISVILLE METRO POLICE DEPT,Accepted,JEFFERSON,US0031E,,BAXTER,AVE,,,PAYNE,,,,,38.246403628,-85.729059940,16.123,10/29/2020 12:00:00 AM,1813,3,3,0,0,RAINING,WET,False,OTHER INTERSECTION COLLISIONS,REAR END,STRAIGHT & LEVEL,DUSK,,,10/30/2020 8:32:37 AM,False,5020,Accepted,
27395404,0568000,LOUISVILLE METRO POLICE DEPT,Accepted,JEFFERSON,KY1931,,ST ANDREWS CHURCH,RD,,,ARNOLDTOWN,,,,,38.149429633,-85.824188312,4.127,10/29/2020 12:00:00 AM,1323,3,3,0,0,RAINING,WET,True,OTHER INTERSECTION COLLISIONS,REAR END,STRAIGHT & LEVEL,DAYLIGHT,,,10/30/2020 8:32:43 AM,False,7356,Accepted,
27395405,0568000,LOUISVILLE METRO POLICE DEPT,Accepted,JEFFERSON,,,MARY,ST,,,SWAN,,,,,38.234096403,-85.737229311,0.177,10/29/2020 12:00:00 AM,1212,2,2,0,0,RAINING,WET,False,SIDESWIPE-SAME DIRECTION,SIDESWIPE-SAME DIRECTION,CURVE & LEVEL,DAYLIGHT,,,10/30/2020 8:32:47 AM,False,2927,Accepted,
27395352,0568000,LOUISVILLE METRO POLICE DEPT,Accepted,JEFFERSON,US0150,,BROADWAY,,E,,,,,,,38.245334486,-85.748277920,2.926,10/29/2020 12:00:00 AM,1122,2,2,0,0,CLOUDY,WET,False,OTHER ROADWAY OR MID-BLOCK COLLISION,REAR END,STRAIGHT & LEVEL,DAYLIGHT,,,10/30/2020 8:30:00 AM,False,2764,Accepted,