IncidentID,AgencyORI,AgencyName,IncidentStatusDesc,County,RdwyNumber,Street,RoadwayName,StreetSfx,StreetDir,IntersectionRdwy,IntersectionRdwyName,BetweenStRdwy1,BetweenStRdwyName1,BetweenStRdwy2,BetweenStRdwyName2,Latitude,Longitude,Milepoint,CollisionDate,CollisionTime,UnitsInvolved,MotorVehiclesInvolved,NumberKilled,NumberInjured,Weather,RdwyConditionCode,HitandRun,DirAnalysisCode,MannerofCollision,RdwyCharacter,LightCondition,RampFromRdwyId,RampToRdwyId,AcceptedDate,IsSecondaryCollision,OwnerBadge,IncidentStatus,
27395353,0568000,LOUISVILLE METRO POLICE DEPT,Accepted,JEFFERSON,,,SMYRNA,PKWY,,,,KY2845,MANSLICK,I 0265,I265 W EXIT14 ON RAMP FROM  COOPER CHAPEL RD,38.120967636,-85.643346150,1.115,10/29/2020 12:00:00 AM,1705,2,2,0,0,RAINING,WATER (STANDING OR MOVING),False,OTHER ROADWAY OR MID-BLOCK COLLISION,REAR END,STRAIGHT & HILLCREST,DAYLIGHT,,,10/30/2020 8:30:07 AM,False,5336,Accepted,
27395360,0568000,LOUISVILLE METRO POLICE DEPT,Accepted,JEFFERSON,US0031W,,22ND,ST,S,,CHESTNUT,,,,,38.252249963,-85.787658315,19.769,10/29/2020 12:00:00 AM,1435,2,2,0,1,RAINING,WET,True,SIDESWIPE-SAME DIRECTION,SIDESWIPE-SAME DIRECTION,STRAIGHT & LEVEL,DAYLIGHT,,,10/30/2020 8:30:52 AM,False,5322,Accepted,
27395328,0568000,LOUISVILLE METRO POLICE DEPT,Accepted,JEFFERSON,I 0264,,I264 W,,,,,,,,,38.200741474,-85.696511077,14.089,10/29/2020 12:00:00 AM,0758,2,2,0,0,RAINING,WET,False,REAR END IN TRAFFIC LANES BOTH VEHICLES MOVING,REAR END,STRAIGHT & HILLCREST,DAYLIGHT,,,10/30/2020 8:28:45 AM,False,4903,Accepted,
27395335,0568000,LOUISVILLE METRO POLICE DEPT,Accepted,JEFFERSON,KY1865,,TAYLOR,BLVD,,,CARLISLE,,,,,38.194169364,-85.783111628,6.049,10/29/2020 12:00:00 AM,0726,2,1,0,1,RAINING,WATER (STANDING OR MOVING),False,COLLISION WITH PEDESTRIAN IN INTERSECTION,SINGLE VEHICLE,STRAIGHT & LEVEL,DARK-HWY LIGHTED/ON,,,10/30/2020 8:28:53 AM,False,2499,Accepted,
27395336,0568000,LOUISVILLE METRO POLICE DEPT,Accepted,JEFFERSON,,,RIVER,RD,,,ZORN,,,,,38.277328882,-85.699267441,2.932,10/29/2020 12:00:00 AM,0911,2,2,0,2,RAINING,WET,False,HEAD-ON COLLISION,HEAD ON,STRAIGHT & LEVEL,DAYLIGHT,,,10/30/2020 8:28:57 AM,False,7281,Accepted,
27395345,0568000,LOUISVILLE METRO POLICE DEPT,Accepted,JEFFERSON,KY0061,,PRESTON,HWY,,,PINECROFT,,,,,38.134434600,-85.684524127,3.665,10/29/2020 12:00:00 AM,1501,2,2,0,0,RAINING,WET,False,ANGLE COLLISION - OTHER,ANGLE,STRAIGHT & LEVEL,DAYLIGHT,,,10/30/2020 8:29:34 AM,False,2324,Accepted,
27409935,0568000,LOUISVILLE METRO POLICE DEPT,Accepted,JEFFERSON,,,GRASTON,AVE,,,BRIARGATE,,,,,38.172836010,-85.835200362,0.219,10/29/2020 12:00:00 AM,1955,2,2,0,0,RAINING,WET,True,REAR END - ONE VEHICLE TURNING LEFT,REAR END,STRAIGHT & LEVEL,DARK (UNKNOWN ROADWAY LIGHTING),,,11/3/2020 8:34:46 AM,False,5263,Accepted,
27524013,0568000,LOUISVILLE METRO POLICE DEPT,Accepted,JEFFERSON,US0031W,,DIXIE,HWY,,,CITATION,,,,,38.115341276,-85.860727191,9.259,10/29/2020 12:00:00 AM,2200,2,2,0,0,RAINING,WET,False,OPPOSITE DIRECTION - BOTH VEHICLES GOING STRAIGHT AHEAD,SIDESWIPE-OPPOSITE DIRECTION,STRAIGHT & LEVEL,DARK-HWY NOT LIGHTED,,,12/3/2020 8:08:32 AM,False,7115,Accepted,
27466071,0568000,LOUISVILLE METRO POLICE DEPT,Accepted,JEFFERSON,I 0264,,I264 W,,,I 0264,I264 W EXIT10 OFF RAMP TO KY1020,,,,,38.190243802,-85.759728879,10.528,10/29/2020 12:00:00 AM,0514,3,3,0,1,RAINING,WET,False,OTHER INTERSECTION COLLISIONS,REAR END,STRAIGHT & LEVEL,DARK-HWY LIGHTED/ON,,,11/17/2020 8:33:09 AM,False,5139,Accepted,
27686503,0568000,LOUISVILLE METRO POLICE DEPT,Accepted,JEFFERSON,,200,CHESTNUT,ST,W,,,,,,,38.248600551,-85.754629995,2.542,10/29/2020 12:00:00 AM,1630,2,2,0,0,CLOUDY,DRY,True,COLLISION IN PARKING LOT,BACKING,STRAIGHT & LEVEL,DAYLIGHT,,,1/19/2021 8:13:35 AM,False,7673,Accepted,
27616083,0568000,LOUISVILLE METRO POLICE DEPT,Accepted,JEFFERSON,KY1747,,HURSTBOURNE,PKWY,S,,WATTERSON,,,,,38.183556541,-85.606693481,8.526,10/28/2020 12:00:00 AM,2008,4,4,0,0,RAINING,WET,False,ANGLE COLLISION - OTHER,ANGLE,STRAIGHT & LEVEL,DARK-HWY LIGHTED/ON,,,12/30/2020 8:06:19 AM,False,5171,Accepted,
27419059,0568000,LOUISVILLE METRO POLICE DEPT,Accepted,JEFFERSON,,,34TH,ST,S,,KENTUCKY,,,,,38.244491076,-85.809380860,1.255,10/28/2020 12:00:00 AM,1945,2,2,0,0,CLEAR,DRY,False,ANGLE COLLISION - OTHER,ANGLE,STRAIGHT & LEVEL,DARK-HWY LIGHTED/ON,,,11/5/2020 9:33:07 AM,False,7481,Accepted,
27391268,0568000,LOUISVILLE METRO POLICE DEPT,Accepted,JEFFERSON,,5809,LORETTA,ST,,,,,,,,38.162608013,-85.709665218,0.247,10/28/2020 12:00:00 AM,2200,2,2,0,0,RAINING,WET,False,1 VEHICLE PARKED POSITION (NOT PARKING LOT/DRIVEWAY),SIDESWIPE-SAME DIRECTION,STRAIGHT & LEVEL,DARK (UNKNOWN ROADWAY LIGHTING),,,10/29/2020 8:12:35 AM,False,5174,Accepted,
27391269,0568000,LOUISVILLE METRO POLICE DEPT,Accepted,JEFFERSON,I 0071,,I71 S,,,,,,,,,38.295720357,-85.628262577,6.173,10/28/2020 12:00:00 AM,2100,3,3,0,0,CLOUDY,DRY,False,REAR END IN TRAFFIC LANES BOTH VEHICLES MOVING,REAR END,STRAIGHT & LEVEL,DARK-HWY LIGHTED/OFF,,,10/29/2020 8:12:41 AM,False,5004,Accepted,
27391276,0568000,LOUISVILLE METRO POLICE DEPT,Accepted,JEFFERSON,I 0071,,I71 S,,,,,I 0071,I71 TURN AROUND6,I 0071,I71 TURN AROUND8,38.301195552,-85.610453787,7.241,10/28/2020 12:00:00 AM,2208,2,2,0,0,RAINING,WET,True,SIDESWIPE COLLISION - SAME DIRECTION,SIDESWIPE-SAME DIRECTION,,DARK-HWY NOT LIGHTED,,,10/29/2020 8:13:13 AM,False,5228,Accepted,
27391258,0568000,LOUISVILLE METRO POLICE DEPT,Accepted,JEFFERSON,,421,26TH,ST,N,,,,,,,38.267900020,-85.791866600,0.508,10/28/2020 12:00:00 AM,1105,3,3,0,0,CLOUDY,DRY,False,1 VEHICLE PARKED POSITION (NOT PARKING LOT/DRIVEWAY),SIDESWIPE-SAME DIRECTION,STRAIGHT & LEVEL,DAYLIGHT,,,10/29/2020 8:11:26 AM,False,7345,Accepted,
27391259,0568000,LOUISVILLE METRO POLICE DEPT,Accepted,JEFFERSON,,,MUHAMMAD ALI,BLVD,W,,,,30TH,,32ND,38.256481707,-85.804819505,2.870,10/28/2020 12:00:00 AM,1132,2,2,0,0,CLOUDY,DRY,False,COLLISION WITH FIXED OBJECT NON - INTERSECTION - FIRST EVENT COLLISION 09 - 32 EXCLUDING 16,SIDESWIPE-SAME DIRECTION,STRAIGHT & LEVEL,DAYLIGHT,,,10/29/2020 8:11:32 AM,False,7323,Accepted,
27391260,0568000,LOUISVILLE METRO POLICE DEPT,Accepted,JEFFERSON,US0031E,,BARDSTOWN,RD,,,DUKER,,,,,38.230157072,-85.703691804,14.302,10/28/2020 12:00:00 AM,1556,2,2,0,3,CLOUDY,DRY,False,OPPOSING LEFT TURN,OPPOSING LEFT TURN,STRAIGHT & LEVEL,DAYLIGHT,,,10/29/2020 8:11:41 AM,False,2100,Accepted,
27391261,0568000,LOUISVILLE METRO POLICE DEPT,Accepted,JEFFERSON,US0031W,,DIXIE,HWY,,KY0907,VALLEY STATION,,,,,38.107661388,-85.866742284,8.632,10/28/2020 12:00:00 AM,0747,2,2,0,0,CLOUDY,DRY,False,ANGLE COLLISION - OTHER,ANGLE,STRAIGHT & LEVEL,DAYLIGHT,,,10/29/2020 8:11:48 AM,False,6877,Accepted,
27391267,0568000,LOUISVILLE METRO POLICE DEPT,Accepted,JEFFERSON,KY2052,,SHEPHERDSVILLE,RD,,KY1065,OUTER,,,,,38.138958466,-85.657640928,0.002,10/28/2020 12:00:00 AM,2100,2,2,0,1,RAINING,WATER (STANDING OR MOVING),False,SIDESWIPE-SAME DIRECTION,SIDESWIPE-SAME DIRECTION,STRAIGHT & HILLCREST,DARK-HWY LIGHTED/ON,,,10/29/2020 8:12:26 AM,False,5115,Accepted,
27391257,0568000,LOUISVILLE METRO POLICE DEPT,Accepted,JEFFERSON,,6501,VANDRE,AVE,,,,,,,,38.135388306,-85.641737736,0.021,10/28/2020 12:00:00 AM,1110,1,1,0,0,CLEAR,DRY,True,COLLISION IN PARKING LOT,SINGLE VEHICLE,STRAIGHT & LEVEL,DAYLIGHT,,,10/29/2020 8:11:21 AM,False,2017,Accepted,
27391266,0568000,LOUISVILLE METRO POLICE DEPT,Accepted,JEFFERSON,I 0064,,I64 E,,,,,,,,,38.260907964,-85.769827117,3.741,10/28/2020 12:00:00 AM,2119,1,1,0,1,RAINING,WET,False,OTHER ROADWAY OR MID-BLOCK COLLISION,SINGLE VEHICLE,CURVE & LEVEL,DARK-HWY LIGHTED/ON,,,10/29/2020 8:12:21 AM,False,7173,Accepted,
27391274,0568000,LOUISVILLE METRO POLICE DEPT,Accepted,JEFFERSON,,,VILLAGE,DR,,,,,SPRING,,DOROTHY,38.227822289,-85.693690744,0.217,10/28/2020 12:00:00 AM,2315,4,4,0,0,RAINING,WET,False,SIDESWIPE COLLISION - SAME DIRECTION,SIDESWIPE-SAME DIRECTION,STRAIGHT & GRADE,DARK-HWY LIGHTED/ON,,,10/29/2020 8:13:03 AM,False,2816,Accepted,
27392479,0561500,UNIV. OF LOUISVILLE POLICE,Accepted,JEFFERSON,US0060A,300,EASTERN,PKWY,,,,,,,,38.213644459,-85.761309129,3.463,10/28/2020 12:00:00 AM,1554,2,2,0,1,CLOUDY,DRY,False,OTHER ROADWAY OR MID-BLOCK COLLISION,REAR END,STRAIGHT & LEVEL,DAYLIGHT,,,10/29/2020 1:56:52 PM,False,5700,Accepted,
27392481,0561500,UNIV. OF LOUISVILLE POLICE,Accepted,JEFFERSON,,,FLOYD,ST,S,,,,,,,38.214537713,-85.755169823,2.837,10/28/2020 12:00:00 AM,1417,2,1,0,0,CLOUDY,DRY,False,COLLISION WITH PEDESTRIAN NON - INTERSECTION,SINGLE VEHICLE,STRAIGHT & LEVEL,DAYLIGHT,,,10/29/2020 1:57:03 PM,False,5676,Accepted,
27395327,0568000,LOUISVILLE METRO POLICE DEPT,Accepted,JEFFERSON,KY0841,,GENE SNYDER,FWY,,,,,,,,38.317410263,-85.593578118,35.406,10/28/2020 12:00:00 AM,1401,1,1,0,0,CLOUDY,DRY,False,OTHER ROADWAY OR MID-BLOCK COLLISION,SINGLE VEHICLE,STRAIGHT & LEVEL,DAYLIGHT,,,10/30/2020 8:28:42 AM,False,7751,Accepted,
27395410,0568000,LOUISVILLE METRO POLICE DEPT,Accepted,JEFFERSON,I 0071,,I71 S,,,,,,,,,38.292582510,-85.638968988,5.542,10/28/2020 12:00:00 AM,1924,5,5,0,0,CLOUDY,DRY,False,REAR END IN TRAFFIC LANES BOTH VEHICLES MOVING,REAR END,STRAIGHT & LEVEL,DARK-HWY LIGHTED/OFF,,,10/30/2020 8:33:15 AM,False,5004,Accepted,
27395386,0568000,LOUISVILLE METRO POLICE DEPT,Accepted,JEFFERSON,I 0265,,,,,,,,,,,38.296070111,-85.548035622,0.374,10/28/2020 12:00:00 AM,1803,1,1,0,0,RAINING,WET,False,COLLISION WITH FIXED OBJECT NOT IN GORE ,SINGLE VEHICLE,CURVE & GRADE,DAYLIGHT,I 0265,KY1447,10/30/2020 8:31:37 AM,False,7751,Accepted,
27391285,0568000,LOUISVILLE METRO POLICE DEPT,Accepted,JEFFERSON,,,SIX MILE,LN,,,LANDSIDE,,,,,38.198949507,-85.620868416,1.842,10/28/2020 12:00:00 AM,2135,2,2,0,0,CLOUDY,DRY,True,ANGLE COLLISION - OTHER,ANGLE,CURVE & LEVEL,DARK-HWY NOT LIGHTED,,,10/29/2020 8:13:56 AM,False,7851,Accepted,
27433168,0568000,LOUISVILLE METRO POLICE DEPT,Accepted,JEFFERSON,,,LARCHMONT,AVE,,,COLORADO,,,,,38.210233893,-85.780673194,0.374,10/28/2020 12:00:00 AM,2030,2,2,0,0,RAINING,WET,True,ANGLE COLLISION - OTHER,ANGLE,STRAIGHT & LEVEL,DARK-HWY LIGHTED/ON,,,11/9/2020 8:50:49 AM,False,7435,Accepted,
27395326,0568000,LOUISVILLE METRO POLICE DEPT,Accepted,JEFFERSON,I 0264,,,,,,,,,,,38.240369683,-85.622346252,0.006,10/28/2020 12:00:00 AM,1925,1,1,0,1,CLEAR,DRY,False,OTHER RAMP RELATED COLLISIONS NOT LISTED ABOVE,SINGLE VEHICLE,STRAIGHT & LEVEL,DARK-HWY LIGHTED/ON,I 0264,US0060,10/30/2020 8:28:37 AM,False,7633,Accepted,
27391271,0568000,LOUISVILLE METRO POLICE DEPT,Accepted,JEFFERSON,I 0071,,I71 S EXIT2 CROSSOVER  ZORN AVE,,,,,,,,,38.275308824,-85.697615841,0.007,10/28/2020 12:00:00 AM,1955,2,2,0,0,RAINING,WET,False,REAR END IN TRAFFIC LANES BOTH VEHICLES MOVING,REAR END,STRAIGHT & LEVEL,DARK-HWY LIGHTED/ON,,,10/29/2020 8:12:50 AM,False,5029,Accepted,
27391256,0568000,LOUISVILLE METRO POLICE DEPT,Accepted,JEFFERSON,US0031E,,BARDSTOWN,RD,,,ICHABOD,,,,,38.131518881,-85.578190838,4.174,10/28/2020 12:00:00 AM,0959,2,2,0,0,CLEAR,DRY,False,ANGLE COLLISION - OTHER,ANGLE,STRAIGHT & LEVEL,DAYLIGHT,,,10/29/2020 8:11:16 AM,False,2017,Accepted,
27391263,0568000,LOUISVILLE METRO POLICE DEPT,Accepted,JEFFERSON,,,GABRIEL,DR,,,,,,,,38.156899525,-85.854378296,0.245,10/28/2020 12:00:00 AM,1258,2,2,0,1,CLOUDY,DRY,False,1 VEHICLE ENTERING/LEAVING ENTRANCE,ANGLE,STRAIGHT & LEVEL,DAYLIGHT,,,10/29/2020 8:12:04 AM,False,7234,Accepted,
27391264,0568000,LOUISVILLE METRO POLICE DEPT,Accepted,JEFFERSON,,,MARCH,BLVD,,,NICHOLS MEADOW,,,,,38.191804015,-85.799490661,0.071,10/28/2020 12:00:00 AM,1315,2,2,0,0,CLEAR,DRY,True,REAR END - ONE VEHICLE TURNING RIGHT,REAR END,STRAIGHT & LEVEL,DAYLIGHT,,,10/29/2020 8:12:10 AM,False,7360,Accepted,
27386625,0568000,LOUISVILLE METRO POLICE DEPT,Accepted,JEFFERSON,I 0065,,,,,,,,,,,38.191668191,-85.729097375,1.206,10/28/2020 12:00:00 AM,0314,2,2,0,0,CLEAR,DRY,True,OTHER RAMP RELATED COLLISIONS NOT LISTED ABOVE,SIDESWIPE-SAME DIRECTION,CURVE & HILLCREST,DUSK,I 0065,I 0264,10/28/2020 8:16:37 AM,True,7291,Accepted,
27395406,0568000,LOUISVILLE METRO POLICE DEPT,Accepted,JEFFERSON,US0031W,9100,DIXIE,HWY,,,,,,,,38.121538242,-85.855488316,9.730,10/28/2020 12:00:00 AM,2146,2,2,0,1,RAINING,WET,False,HEAD-ON COLLISION,HEAD ON,STRAIGHT & LEVEL,DARK-HWY LIGHTED/ON,,,10/30/2020 8:32:53 AM,False,2217,Accepted,
27393529,0560400,SHIVELY POLICE DEPARTMENT,Accepted,JEFFERSON,US0031W,4724,DIXIE,HWY,,,,,,,,38.174329475,-85.823447676,13.833,10/28/2020 12:00:00 AM,0115,1,1,0,0,CLEAR,DRY,False,COLLISION IN PARKING LOT,SINGLE VEHICLE,STRAIGHT & LEVEL,DARK (UNKNOWN ROADWAY LIGHTING),,,10/29/2020 6:03:43 PM,False,7102,Accepted,
27391273,0568000,LOUISVILLE METRO POLICE DEPT,Accepted,JEFFERSON,KY1727,,TERRY,RD,,KY1934,CANE RUN,,,,,38.178018833,-85.861881131,4.051,10/28/2020 12:00:00 AM,2338,2,2,0,0,RAINING,WET,False,OPPOSING LEFT TURN,OPPOSING LEFT TURN,STRAIGHT & LEVEL,DARK-HWY NOT LIGHTED,,,10/29/2020 8:12:59 AM,False,7115,Accepted,
27391262,0568000,LOUISVILLE METRO POLICE DEPT,Accepted,JEFFERSON,KY0061,,PRESTON,HWY,,,GILMORE,,,,,38.174646920,-85.712735907,6.880,10/28/2020 12:00:00 AM,1040,2,2,0,3,CLOUDY,DRY,False,OTHER INTERSECTION COLLISIONS,REAR END,STRAIGHT & LEVEL,DAYLIGHT,,,10/29/2020 8:11:58 AM,False,5146,Accepted,
27406645,0568000,LOUISVILLE METRO POLICE DEPT,Accepted,JEFFERSON,KY3084,,OLD HENRY,RD,,,,,,,,38.268395501,-85.505364579,0.895,10/28/2020 12:00:00 AM,0600,2,2,0,0,CLEAR,DRY,True,REAR END IN TRAFFIC LANES BOTH VEHICLES MOVING,REAR END,STRAIGHT & LEVEL,DARK-HWY LIGHTED/ON,,,11/2/2020 1:09:18 PM,False,7475,Accepted,
27386626,0568000,LOUISVILLE METRO POLICE DEPT,Accepted,JEFFERSON,,,26TH,ST,S,,BROADWAY,,,,,38.249408887,-85.794879288,0.780,10/27/2020 12:00:00 AM,1911,2,2,0,0,CLEAR,DRY,False,ANGLE COLLISION - OTHER,ANGLE,STRAIGHT & LEVEL,DARK-HWY LIGHTED/ON,,,10/28/2020 8:16:42 AM,False,5158,Accepted,
27386624,0568000,LOUISVILLE METRO POLICE DEPT,Accepted,JEFFERSON,,,OAK,ST,W,,6TH,,,,,38.235319122,-85.763570317,0.451,10/27/2020 12:00:00 AM,2003,2,1,0,1,CLEAR,DRY,False,COLLISION WITH BICYCLE IN INTERSECTION,SINGLE VEHICLE,STRAIGHT & LEVEL,DARK-HWY LIGHTED/ON,,,10/28/2020 8:16:32 AM,False,5152,Accepted,
27386609,0568000,LOUISVILLE METRO POLICE DEPT,Accepted,JEFFERSON,,,WILSON,AVE,,,,,,,,38.234867526,-85.790110003,0.824,10/27/2020 12:00:00 AM,0917,2,2,0,0,CLOUDY,WET,False,1 VEHICLE PARKED POSITION (NOT PARKING LOT/DRIVEWAY),SIDESWIPE-SAME DIRECTION,STRAIGHT & LEVEL,DAYLIGHT,,,10/28/2020 8:15:19 AM,False,5179,Accepted,
27386610,0568000,LOUISVILLE METRO POLICE DEPT,Accepted,JEFFERSON,,,STONY BROOK,DR,,,,,KIRBY,,STARA,38.194304194,-85.592829969,1.792,10/27/2020 12:00:00 AM,0800,2,2,0,3,CLOUDY,DRY,False,HEAD-ON COLLISION,HEAD ON,STRAIGHT & HILLCREST,DAWN,,,10/28/2020 8:15:28 AM,False,7294,Accepted,
27386616,0568000,LOUISVILLE METRO POLICE DEPT,Accepted,JEFFERSON,,,LANTANA,DR,,,,,,,,38.113929579,-85.639496377,0.258,10/27/2020 12:00:00 AM,2204,1,1,0,0,CLEAR,DRY,False,COLLISION WITH ANIMAL NON INTERSECTION,SINGLE VEHICLE,STRAIGHT & LEVEL,DARK-HWY LIGHTED/OFF,,,10/28/2020 8:15:56 AM,False,5182,Accepted,
27386599,0568000,LOUISVILLE METRO POLICE DEPT,Accepted,JEFFERSON,KY1865,,NEW CUT,RD,,,,,,,,38.143639766,-85.774770780,2.517,10/27/2020 12:00:00 AM,1109,2,2,0,2,RAINING,WET,False,OTHER ROADWAY OR MID-BLOCK COLLISION,OPPOSING LEFT TURN,STRAIGHT & LEVEL,DAYLIGHT,,,10/28/2020 8:14:25 AM,False,5326,Accepted,
27386601,0568000,LOUISVILLE METRO POLICE DEPT,Accepted,JEFFERSON,KY1450,,BLUE LICK,RD,,,,,ATLAS,,WHISPERING BROOK,38.104480157,-85.693118282,1.328,10/27/2020 12:00:00 AM,1225,1,1,0,0,CLOUDY,DRY,False,RAN OFF ROADWAY (1 VEHICLE WITH/EARTH EMBANKMENT/DITCH),SINGLE VEHICLE,CURVE & LEVEL,DAYLIGHT,,,10/28/2020 8:14:33 AM,False,2308,Accepted,
27386602,0568000,LOUISVILLE METRO POLICE DEPT,Accepted,JEFFERSON,,,DENNY CRUM OVERPASS,,,,FLOYD,,,,,38.203124427,-85.757341110,0.377,10/27/2020 12:00:00 AM,1503,2,2,0,0,CLOUDY,DRY,False,OTHER INTERSECTION COLLISIONS,REAR END,STRAIGHT & GRADE,DAYLIGHT,,,10/28/2020 8:14:39 AM,False,7872,Accepted,
27391265,0568000,LOUISVILLE METRO POLICE DEPT,Accepted,JEFFERSON,,,BROWNSBORO,RD,,,,,,,,38.280536123,-85.633586989,0.009,10/27/2020 12:00:00 AM,0700,3,3,0,1,CLEAR,DRY,False,REAR END IN TRAFFIC LANES BOTH VEHICLES MOVING,REAR END,STRAIGHT & LEVEL,DARK-HWY LIGHTED/ON,,,10/29/2020 8:12:16 AM,False,2738,Accepted,
27381978,0568000,LOUISVILLE METRO POLICE DEPT,Accepted,JEFFERSON,US0031W,,DIXIE,HWY,,,,KY0044,KY44 TURN LANE,US0031W,DIXIE,38.024086812,-85.916325257,2.109,10/27/2020 12:00:00 AM,0342,2,2,0,0,CLEAR,DRY,False,REAR END IN TRAFFIC LANES BOTH VEHICLES MOVING,REAR END,STRAIGHT & HILLCREST,DARK-HWY NOT LIGHTED,,,10/27/2020 9:14:00 AM,False,2021,Accepted,
27386607,0568000,LOUISVILLE METRO POLICE DEPT,Accepted,JEFFERSON,KY0155,,TAYLORSVILLE,RD,,KY2048,DUTCHMANS,,,,,38.222161558,-85.658191607,15.107,10/27/2020 12:00:00 AM,0759,2,2,0,0,CLOUDY,WET,False,OPPOSING LEFT TURN,OPPOSING LEFT TURN,STRAIGHT & LEVEL,DAWN,,,10/28/2020 8:15:02 AM,False,5006,Accepted,
27381977,0568000,LOUISVILLE METRO POLICE DEPT,Accepted,JEFFERSON,,,ZORN,AVE,,,COUNTRY CLUB,,,,,38.270702144,-85.694084110,1.211,10/27/2020 12:00:00 AM,0014,2,2,0,1,RAINING,WET,False,ANGLE COLLISION - OTHER,ANGLE,STRAIGHT & LEVEL,DARK-HWY LIGHTED/ON,,,10/27/2020 9:13:49 AM,False,5117,Accepted,
27386595,0568000,LOUISVILLE METRO POLICE DEPT,Accepted,JEFFERSON,KY1747,,HURSTBOURNE,PKWY,S,,AMBROSSE,,,,,38.195912491,-85.603794844,9.388,10/27/2020 12:00:00 AM,1042,2,2,0,0,RAINING,WET,False,ANGLE COLLISION - ONE VEHICLE TURNING LEFT,ANGLE,STRAIGHT & LEVEL,DAYLIGHT,,,10/28/2020 8:14:10 AM,False,7739,Accepted,
27386597,0568000,LOUISVILLE METRO POLICE DEPT,Accepted,JEFFERSON,I 0265,,I265 E,,,I 0265,I265 E EXIT15 OFF RAMP TO KY864,,,,,38.123395354,-85.619422041,14.912,10/27/2020 12:00:00 AM,1134,1,1,0,0,CLOUDY,DRY,True,OTHER INTERSECTION COLLISIONS,SINGLE VEHICLE,STRAIGHT & LEVEL,DAYLIGHT,,,10/28/2020 8:14:14 AM,False,2017,Accepted,
27386598,0568000,LOUISVILLE METRO POLICE DEPT,Accepted,JEFFERSON,,,LEXINGTON,RD,,,,,,,,38.245589204,-85.701765707,1.905,10/27/2020 12:00:00 AM,1108,2,2,0,0,CLOUDY,WET,False,SIDESWIPE COLLISION - SAME DIRECTION,SIDESWIPE-SAME DIRECTION,STRAIGHT & LEVEL,DAYLIGHT,,,10/28/2020 8:14:20 AM,False,5112,Accepted,
27386603,0568000,LOUISVILLE METRO POLICE DEPT,Accepted,JEFFERSON,KY1447,,WESTPORT,RD,,,,,,,,38.298002765,-85.546875252,6.759,10/27/2020 12:00:00 AM,0955,3,3,0,2,CLOUDY,WET,False,1 VEHICLE ENTERING/LEAVING ENTRANCE,ANGLE,STRAIGHT & LEVEL,DAYLIGHT,,,10/28/2020 8:14:43 AM,False,2489,Accepted,
27386605,0568000,LOUISVILLE METRO POLICE DEPT,Accepted,JEFFERSON,,,ASHLAND,AVE,W,,,,,,,38.186654911,-85.783809581,0.992,10/27/2020 12:00:00 AM,1409,3,3,0,1,CLOUDY,DRY,False,1 VEHICLE ENTERING/LEAVING ENTRANCE,ANGLE,STRAIGHT & LEVEL,DAYLIGHT,,,10/28/2020 8:14:52 AM,False,7204,Accepted,
27406603,0568000,LOUISVILLE METRO POLICE DEPT,Accepted,JEFFERSON,US0150,,BROADWAY,,E,,BROOK,,,,,38.245662801,-85.751854958,2.723,10/27/2020 12:00:00 AM,1515,2,2,0,0,CLEAR,DRY,False,ANGLE COLLISION - OTHER,ANGLE,STRAIGHT & LEVEL,DAYLIGHT,,,11/2/2020 1:07:05 PM,False,2403,Accepted,
27388000,0561500,UNIV. OF LOUISVILLE POLICE,Accepted,JEFFERSON,,2126,FLOYD,ST,S,,,,,,,38.216712119,-85.755410442,2.768,10/27/2020 12:00:00 AM,1400,2,2,0,0,CLOUDY,DRY,True,COLLISION IN PARKING LOT,ANGLE,STRAIGHT & LEVEL,DAYLIGHT,,,10/28/2020 1:19:51 PM,False,5700,Accepted,
27386612,0568000,LOUISVILLE METRO POLICE DEPT,Accepted,JEFFERSON,KY3082,3115,BANK,ST,,,,,,,,38.272648332,-85.800231962,0.536,10/27/2020 12:00:00 AM,0008,1,1,0,1,CLEAR,DRY,False,COLLISION WITH FIXED OBJECT NON - INTERSECTION - FIRST EVENT COLLISION 09 - 32 EXCLUDING 16,SINGLE VEHICLE,CURVE & LEVEL,DARK-HWY LIGHTED/ON,,,10/28/2020 8:15:40 AM,False,7190,Accepted,
27386613,0568000,LOUISVILLE METRO POLICE DEPT,Accepted,JEFFERSON,US0031W,,DIXIE,HWY,,,TRENT,,,,,38.162074398,-85.831796189,12.875,10/27/2020 12:00:00 AM,1859,3,3,0,0,CLOUDY,DRY,False,OTHER INTERSECTION COLLISIONS,REAR END,STRAIGHT & LEVEL,DARK-HWY LIGHTED/ON,,,10/28/2020 8:15:44 AM,False,7072,Accepted,
27386614,0568000,LOUISVILLE METRO POLICE DEPT,Accepted,JEFFERSON,,1350,15TH,ST,S,,,,,,,38.228547411,-85.780059453,0.211,10/27/2020 12:00:00 AM,1612,1,1,0,0,CLEAR,DRY,True,COLLISION WITH FIXED OBJECT NON - INTERSECTION - FIRST EVENT COLLISION 09 - 32 EXCLUDING 16,SINGLE VEHICLE,STRAIGHT & LEVEL,DAYLIGHT,,,10/28/2020 8:15:48 AM,False,5114,Accepted,