IncidentID,AgencyORI,AgencyName,IncidentStatusDesc,County,RdwyNumber,Street,RoadwayName,StreetSfx,StreetDir,IntersectionRdwy,IntersectionRdwyName,BetweenStRdwy1,BetweenStRdwyName1,BetweenStRdwy2,BetweenStRdwyName2,Latitude,Longitude,Milepoint,CollisionDate,CollisionTime,UnitsInvolved,MotorVehiclesInvolved,NumberKilled,NumberInjured,Weather,RdwyConditionCode,HitandRun,DirAnalysisCode,MannerofCollision,RdwyCharacter,LightCondition,RampFromRdwyId,RampToRdwyId,AcceptedDate,IsSecondaryCollision,OwnerBadge,IncidentStatus,
27386615,0568000,LOUISVILLE METRO POLICE DEPT,Accepted,JEFFERSON,KY1020,,SOUTHERN,PKWY,,,KENTON,,,,,38.198168450,-85.766868282,8.956,10/27/2020 12:00:00 AM,1258,2,2,0,0,CLOUDY,WET,False,ANGLE COLLISION - OTHER,ANGLE,STRAIGHT & LEVEL,DAYLIGHT,,,10/28/2020 8:15:52 AM,False,7398,Accepted,
27386620,0568000,LOUISVILLE METRO POLICE DEPT,Accepted,JEFFERSON,I 0064,,I64 W,,,,,,,,,38.229982741,-85.599253441,13.734,10/27/2020 12:00:00 AM,1925,2,2,0,0,CLEAR,DRY,True,SIDESWIPE COLLISION - SAME DIRECTION,SIDESWIPE-SAME DIRECTION,,DARK-HWY LIGHTED/ON,,,10/28/2020 8:16:20 AM,False,7055,Accepted,
27386621,0568000,LOUISVILLE METRO POLICE DEPT,Accepted,JEFFERSON,,,HIKES,LN,,,KLONDIKE,,,,,38.211201239,-85.640689251,2.212,10/27/2020 12:00:00 AM,1911,2,2,0,1,CLEAR,DRY,False,OPPOSING LEFT TURN,OPPOSING LEFT TURN,STRAIGHT & LEVEL,DUSK,,,10/28/2020 8:16:23 AM,False,5288,Accepted,
27386611,0568000,LOUISVILLE METRO POLICE DEPT,Accepted,JEFFERSON,US0031W,,DIXIE,HWY,,,,,,,,38.062323384,-85.886638578,5.292,10/27/2020 12:00:00 AM,1633,2,2,0,0,CLOUDY,DRY,False,1 VEHICLE ENTERING/LEAVING ENTRANCE,ANGLE,STRAIGHT & LEVEL,DAYLIGHT,,,10/28/2020 8:15:36 AM,False,7234,Accepted,
27461461,0568000,LOUISVILLE METRO POLICE DEPT,Accepted,JEFFERSON,I 0064,,I64 E EXIT19 TRANSIT,,,,,,,,,38.235071120,-85.624965509,0.010,10/27/2020 12:00:00 AM,2239,2,1,0,1,CLEAR,DRY,False,SIDESWIPE COLLISION - SAME DIRECTION,SIDESWIPE-SAME DIRECTION,STRAIGHT & LEVEL,DARK-HWY LIGHTED/OFF,,,11/16/2020 9:38:05 AM,False,6777,Accepted,
27497941,0568000,LOUISVILLE METRO POLICE DEPT,Accepted,JEFFERSON,US0060A,3241,TAYLOR,BLVD,,,,,,,,38.204118488,-85.778962824,2.079,10/26/2020 12:00:00 AM,0218,2,2,0,0,CLEAR,DRY,False,1 VEHICLE PARKED POSITION (NOT PARKING LOT/DRIVEWAY),REAR END,STRAIGHT & LEVEL,DARK-HWY LIGHTED/ON,,,11/25/2020 10:13:15 AM,False,5163,Accepted,
27381974,0568000,LOUISVILLE METRO POLICE DEPT,Accepted,JEFFERSON,KY1020,,NATIONAL,TPKE,,KY1065,OUTER,,,,,38.126961155,-85.748981231,3.662,10/26/2020 12:00:00 AM,1940,2,2,0,0,CLEAR,DRY,False,ANGLE COLLISION - ONE VEHICLE TURNING LEFT,ANGLE,STRAIGHT & LEVEL,DARK-HWY LIGHTED/ON,,,10/27/2020 9:13:02 AM,False,5209,Accepted,
27381976,0568000,LOUISVILLE METRO POLICE DEPT,Accepted,JEFFERSON,,,12TH,ST,S,,OAK,,,,,38.236236584,-85.773617254,1.167,10/26/2020 12:00:00 AM,2300,2,2,0,0,CLOUDY,DRY,True,ANGLE COLLISION - OTHER,ANGLE,STRAIGHT & LEVEL,DARK-HWY LIGHTED/ON,,,10/27/2020 9:13:19 AM,False,5256,Accepted,
27381943,0568000,LOUISVILLE METRO POLICE DEPT,Accepted,JEFFERSON,,3100BLK,RIVER PARK,DR,,,,,,,,38.254316820,-85.805907660,1.154,10/26/2020 12:00:00 AM,1014,1,1,0,0,CLOUDY,DRY,False,OTHER ROADWAY OR MID-BLOCK COLLISION,SINGLE VEHICLE,STRAIGHT & LEVEL,DAYLIGHT,,,10/27/2020 9:10:23 AM,False,5300,Accepted,
27381950,0568000,LOUISVILLE METRO POLICE DEPT,Accepted,JEFFERSON,,4400 BLK,INDIAN,TRL,E,,,,,,,38.176647766,-85.679624888,1.667,10/26/2020 12:00:00 AM,1515,2,2,0,1,CLOUDY,DRY,False,1 VEHICLE ENTERING/LEAVING ENTRANCE,ANGLE,STRAIGHT & LEVEL,DAYLIGHT,,,10/27/2020 9:10:55 AM,False,7319,Accepted,
27381952,0568000,LOUISVILLE METRO POLICE DEPT,Accepted,JEFFERSON,US0060,,FRANKFORT,AVE,,,HILLCREST,,,,,38.254585048,-85.684281847,1.979,10/26/2020 12:00:00 AM,1730,2,2,0,0,CLEAR,DRY,False,OTHER INTERSECTION COLLISIONS,REAR END,STRAIGHT & LEVEL,DAYLIGHT,,,10/27/2020 9:11:06 AM,False,7043,Accepted,
27391275,0568000,LOUISVILLE METRO POLICE DEPT,Accepted,JEFFERSON,I 0071,,I71 N,,,,,,INDIAN HILLS,I 0264,I264 W,38.292851632,-85.653997383,4.557,10/26/2020 12:00:00 AM,0121,1,1,0,1,RAINING,WET,False,OTHER COLLISIONS ON SHOULDER,SINGLE VEHICLE,CURVE & LEVEL,DARK-HWY LIGHTED/ON,,,10/29/2020 8:13:08 AM,False,5228,Accepted,
27381966,0568000,LOUISVILLE METRO POLICE DEPT,Accepted,JEFFERSON,,,MARY,ST,,,,,SWAN,KY0864,LOGAN,38.234087694,-85.738461396,0.263,10/26/2020 12:00:00 AM,1600,2,2,0,0,CLOUDY,DRY,False,REAR END IN TRAFFIC LANES BOTH VEHICLES MOVING,REAR END,STRAIGHT & GRADE,DAYLIGHT,,,10/27/2020 9:11:53 AM,False,7689,Accepted,
27381968,0568000,LOUISVILLE METRO POLICE DEPT,Accepted,JEFFERSON,,5308,HAMES,TRCE,,,,,,,,38.167806548,-85.607849429,0.677,10/26/2020 12:00:00 AM,0821,3,3,0,1,CLOUDY,WET,False,COLLISION IN PARKING LOT,ANGLE,STRAIGHT & LEVEL,DAYLIGHT,,,10/27/2020 9:11:59 AM,False,7484,Accepted,
27386604,0568000,LOUISVILLE METRO POLICE DEPT,Accepted,JEFFERSON,KY1020,,2ND,ST,S,,HILL,,,,,38.225639010,-85.758605888,10.693,10/26/2020 12:00:00 AM,1140,2,2,0,0,CLOUDY,DRY,False,ANGLE COLLISION - OTHER,ANGLE,STRAIGHT & LEVEL,DAYLIGHT,,,10/28/2020 8:14:48 AM,False,5111,Accepted,
27377473,0568000,LOUISVILLE METRO POLICE DEPT,Accepted,JEFFERSON,I 0064,,,,,,,,,,,38.258779399,-85.754434154,0.223,10/26/2020 12:00:00 AM,0733,2,2,0,0,CLOUDY,DRY,False,OTHER RAMP RELATED COLLISIONS NOT LISTED ABOVE,ANGLE,STRAIGHT & LEVEL,DAYLIGHT,I 0064,N  3RD ST,10/26/2020 10:05:12 AM,False,4903,Accepted,
27378624,0568000,LOUISVILLE METRO POLICE DEPT,Accepted,JEFFERSON,KY1747,,FERN VALLEY,RD,,,,,,,,38.157814649,-85.689519091,2.347,10/26/2020 12:00:00 AM,0915,1,1,0,3,RAINING,WET,False,OTHER COLLISIONS ON SHOULDER,SINGLE VEHICLE,STRAIGHT & LEVEL,DAYLIGHT,,,10/26/2020 2:20:58 PM,True,6933,Accepted,
27377454,0568000,LOUISVILLE METRO POLICE DEPT,Accepted,JEFFERSON,I 0265,,I265 E,,,,,,,,,38.205820983,-85.507088925,24.309,10/26/2020 12:00:00 AM,0053,1,1,0,1,CLOUDY,WET,False,COLLISION WITH ANIMAL NON INTERSECTION,SINGLE VEHICLE,STRAIGHT & LEVEL,DARK-HWY NOT LIGHTED,,,10/26/2020 10:03:58 AM,False,5180,Accepted,
27461755,0568000,LOUISVILLE METRO POLICE DEPT,Accepted,JEFFERSON,,1400,BEECH,ST,,,,,,,,38.233583086,-85.805027873,0.339,10/26/2020 12:00:00 AM,1518,2,2,0,0,CLOUDY,DRY,False,1 VEHICLE PARKED POSITION (NOT PARKING LOT/DRIVEWAY),SIDESWIPE-SAME DIRECTION,STRAIGHT & LEVEL,DAYLIGHT,,,11/16/2020 10:22:05 AM,False,7991,Accepted,
27414503,0568000,LOUISVILLE METRO POLICE DEPT,Accepted,JEFFERSON,I 0065,,I65 S,,,,,,,,,38.242491430,-85.752823207,135.032,10/26/2020 12:00:00 AM,1833,2,2,0,0,CLEAR,DRY,False,SIDESWIPE COLLISION - SAME DIRECTION,SIDESWIPE-SAME DIRECTION,STRAIGHT & LEVEL,DUSK,,,11/4/2020 10:03:52 AM,False,5152,Accepted,
27381970,0568000,LOUISVILLE METRO POLICE DEPT,Accepted,JEFFERSON,KY1931,,ST ANDREWS CHURCH,RD,,,,,,,,38.153736542,-85.815657488,4.662,10/26/2020 12:00:00 AM,1241,2,2,0,0,CLOUDY,DRY,True,1 VEHICLE ENTERING/LEAVING ENTRANCE,ANGLE,STRAIGHT & LEVEL,DAYLIGHT,,,10/27/2020 9:12:24 AM,False,7234,Accepted,
27381971,0568000,LOUISVILLE METRO POLICE DEPT,Accepted,JEFFERSON,US0031E,,BARDSTOWN,RD,,,CEDAR CREEK,,,,,38.134147039,-85.579604651,4.373,10/26/2020 12:00:00 AM,2118,2,2,0,1,CLEAR,DRY,True,OTHER INTERSECTION COLLISIONS,REAR TO REAR,STRAIGHT & LEVEL,DARK-HWY NOT LIGHTED,,,10/27/2020 9:12:44 AM,False,7735,Accepted,
27381973,0568000,LOUISVILLE METRO POLICE DEPT,Accepted,JEFFERSON,US0031W,,DIXIE,HWY,,,,,SHIPLEY,,DEPOT,38.041895853,-85.904650534,3.552,10/26/2020 12:00:00 AM,2007,1,1,0,1,CLEAR,DRY,False,COLLISION WITH FIXED OBJECT NON - INTERSECTION - FIRST EVENT COLLISION 09 - 32 EXCLUDING 16,SINGLE VEHICLE,STRAIGHT & LEVEL,DUSK,,,10/27/2020 9:12:52 AM,True,2021,Accepted,
27386594,0568000,LOUISVILLE METRO POLICE DEPT,Accepted,JEFFERSON,,842,RIVER CREST,CT,,,,,,,,38.269525730,-85.701851840,0.023,10/26/2020 12:00:00 AM,1817,2,1,0,0,CLEAR,DRY,True,COLLISION IN PARKING LOT,SINGLE VEHICLE,STRAIGHT & LEVEL,DAYLIGHT,,,10/28/2020 8:14:05 AM,False,5240,Accepted,
27377460,0568000,LOUISVILLE METRO POLICE DEPT,Accepted,JEFFERSON,KY0907,9201,3RD ST,RD,,,,,,,,38.116462328,-85.819333865,2.979,10/26/2020 12:00:00 AM,0549,1,1,0,1,RAINING,WET,False,OTHER ROADWAY OR MID-BLOCK COLLISION,SINGLE VEHICLE,CURVE & HILLCREST,DARK-HWY LIGHTED/ON,,,10/26/2020 10:04:25 AM,False,7321,Accepted,
27381969,0568000,LOUISVILLE METRO POLICE DEPT,Accepted,JEFFERSON,KY1747,,HURSTBOURNE,PKWY,S,,,,VASSEL,KY1747,KY1747 CROSSOVER,38.159136464,-85.628886126,5.927,10/26/2020 12:00:00 AM,1758,2,2,0,1,CLOUDY,DRY,False,REAR END IN TRAFFIC LANES BOTH VEHICLES MOVING,REAR END,STRAIGHT & LEVEL,DAYLIGHT,,,10/27/2020 9:12:04 AM,False,7484,Accepted,
27377457,0568000,LOUISVILLE METRO POLICE DEPT,Accepted,JEFFERSON,KY0061,,PRESTON,HWY,,,,,,,,38.114191892,-85.676212236,2.146,10/26/2020 12:00:00 AM,0207,2,2,0,0,CLEAR,DRY,False,1 VEHICLE PARKED POSITION (NOT PARKING LOT/DRIVEWAY),REAR END,STRAIGHT & LEVEL,DARK-HWY NOT LIGHTED,,,10/26/2020 10:04:04 AM,False,7474,Accepted,
27381937,0568000,LOUISVILLE METRO POLICE DEPT,Accepted,JEFFERSON,,,SMYRNA,PKWY,,I 0265,I265 E EXIT14 ON RAMP FROM  COOPER CHAPEL RD,,,,,38.116975251,-85.643639453,1.446,10/26/2020 12:00:00 AM,0809,2,2,0,3,CLOUDY,DRY,False,ANGLE COLLISION - OTHER,ANGLE,STRAIGHT & LEVEL,DAYLIGHT,,,10/27/2020 9:09:09 AM,False,2017,Accepted,
27381938,0568000,LOUISVILLE METRO POLICE DEPT,Accepted,JEFFERSON,KY1065,,OUTER,LOOP,,,MINOR,,,,,38.136279893,-85.697092686,5.468,10/26/2020 12:00:00 AM,1258,2,2,0,0,CLOUDY,WET,True,ANGLE COLLISION - OTHER,ANGLE,STRAIGHT & LEVEL,DAYLIGHT,,,10/27/2020 9:09:35 AM,False,2017,Accepted,
27381939,0568000,LOUISVILLE METRO POLICE DEPT,Accepted,JEFFERSON,US0031E,,BAXTER,AVE,,KY0864,CHESTNUT,,,,,38.251197585,-85.732948253,16.540,10/26/2020 12:00:00 AM,1408,2,2,0,0,CLOUDY,DRY,False,ANGLE COLLISION - OTHER,ANGLE,STRAIGHT & LEVEL,DAYLIGHT,,,10/27/2020 9:09:54 AM,False,5108,Accepted,
27381944,0568000,LOUISVILLE METRO POLICE DEPT,Accepted,JEFFERSON,I 0065,,I65 S,,,,,,,,,38.119873840,-85.701925093,125.495,10/26/2020 12:00:00 AM,1507,2,2,0,0,CLOUDY,DRY,False,REAR END IN TRAFFIC LANES BOTH VEHICLES MOVING,REAR END,STRAIGHT & LEVEL,DAYLIGHT,,,10/27/2020 9:10:31 AM,False,2308,Accepted,
27381946,0568000,LOUISVILLE METRO POLICE DEPT,Accepted,JEFFERSON,,,WILSON,AVE,,,16TH,,,,,38.233445889,-85.780907963,0.260,10/26/2020 12:00:00 AM,1635,2,2,0,0,CLOUDY,DRY,False,ANGLE COLLISION - OTHER,ANGLE,STRAIGHT & LEVEL,DAYLIGHT,,,10/27/2020 9:10:36 AM,False,7091,Accepted,
27381947,0568000,LOUISVILLE METRO POLICE DEPT,Accepted,JEFFERSON,KY1747,,HURSTBOURNE,PKWY,S,KY6159,BLUEGRASS PKWY ACCESS,,,,,38.220185058,-85.581451658,11.634,10/26/2020 12:00:00 AM,0740,4,4,0,2,CLOUDY,WET,False,ANGLE COLLISION - OTHER,ANGLE,STRAIGHT & LEVEL,DAYLIGHT,,,10/27/2020 9:10:42 AM,False,7319,Accepted,
27391282,0568000,LOUISVILLE METRO POLICE DEPT,Accepted,JEFFERSON,KY1865,,TAYLOR,BLVD,,,STRADER,,,,,38.191113849,-85.783307544,5.839,10/26/2020 12:00:00 AM,0251,2,2,0,1,CLEAR,DRY,False,OTHER INTERSECTION COLLISIONS,REAR END,STRAIGHT & LEVEL,DARK-HWY LIGHTED/ON,,,10/29/2020 8:13:43 AM,False,7435,Accepted,
27386600,0568000,LOUISVILLE METRO POLICE DEPT,Accepted,JEFFERSON,US0150,,BROADWAY,,E,,,,BROOK,,FLOYD,38.245577060,-85.751218997,2.758,10/26/2020 12:00:00 AM,1430,1,1,0,0,CLOUDY,DRY,False,COLLISION WITH FIXED OBJECT NON - INTERSECTION - FIRST EVENT COLLISION 09 - 32 EXCLUDING 16,SINGLE VEHICLE,STRAIGHT & LEVEL,DAYLIGHT,,,10/28/2020 8:14:30 AM,False,2403,Accepted,
27390718,0560400,SHIVELY POLICE DEPARTMENT,Accepted,JEFFERSON,US0031W,,DIXIE,HWY,,,WATHEN,,,,,38.216375466,-85.795386418,17.150,10/26/2020 12:00:00 AM,1644,2,2,0,2,CLEAR,DRY,False,ANGLE COLLISION - OTHER,ANGLE,STRAIGHT & LEVEL,DAYLIGHT,,,10/29/2020 4:13:49 AM,False,7108,Accepted,
27390712,0560400,SHIVELY POLICE DEPARTMENT,Accepted,JEFFERSON,US0031W,,DIXIE,HWY,,,HARDESTY,,,,,38.216766897,-85.795092561,17.177,10/26/2020 12:00:00 AM,1708,2,2,0,0,CLOUDY,DRY,False,ANGLE COLLISION - ONE VEHICLE TURNING LEFT,ANGLE,STRAIGHT & LEVEL,DAYLIGHT,,,10/29/2020 4:13:27 AM,False,7128,Accepted,
27406605,0568000,LOUISVILLE METRO POLICE DEPT,Accepted,JEFFERSON,KY2049,,CRUMS,LN,,,MAE,,,,,38.196261973,-85.829876564,0.464,10/26/2020 12:00:00 AM,1800,2,2,0,0,CLEAR,DRY,True,OPPOSING LEFT TURN,OPPOSING LEFT TURN,STRAIGHT & HILLCREST,DAYLIGHT,,,11/2/2020 1:07:13 PM,True,5257,Accepted,
27406615,0568000,LOUISVILLE METRO POLICE DEPT,Accepted,JEFFERSON,KY0061,530,JACKSON,ST,S,,,,CHESTNUT,,MUHAMMAD ALI,38.248577580,-85.745008223,12.528,10/26/2020 12:00:00 AM,0723,2,2,0,0,CLEAR,DRY,True,COLLISION IN PARKING LOT,SIDESWIPE-OPPOSITE DIRECTION,STRAIGHT & GRADE,DAYLIGHT,,,11/2/2020 1:07:37 PM,False,5053,Accepted,
27391272,0568000,LOUISVILLE METRO POLICE DEPT,Accepted,JEFFERSON,,,43RD,ST,N,,,,,,,38.271374328,-85.816073052,0.013,10/25/2020 12:00:00 AM,1853,2,2,0,1,RAINING,WET,False,1 VEHICLE ENTERING/LEAVING ENTRANCE,ANGLE,STRAIGHT & LEVEL,DARK-HWY LIGHTED/ON,,,10/29/2020 8:12:55 AM,False,5216,Accepted,
27378612,0568000,LOUISVILLE METRO POLICE DEPT,Accepted,JEFFERSON,I 0264,,I264 W,,,,,,,,,38.186065398,-85.801781815,8.195,10/25/2020 12:00:00 AM,1406,3,3,0,0,CLOUDY,DRY,False,REAR END IN TRAFFIC LANES BOTH VEHICLES MOVING,REAR END,CURVE & LEVEL,DAYLIGHT,,,10/26/2020 2:19:30 PM,False,7402,Accepted,
27377449,0568000,LOUISVILLE METRO POLICE DEPT,Accepted,JEFFERSON,US0031W,,841,,,,,,,,,38.093653987,-85.874955123,0.018,10/25/2020 12:00:00 AM,1521,2,2,0,0,CLOUDY,DRY,False,OTHER ROADWAY OR MID-BLOCK COLLISION,REAR END,STRAIGHT & HILLCREST,DAYLIGHT,KY0841,US31W,10/26/2020 10:01:01 AM,False,7634,Accepted,
27377459,0568000,LOUISVILLE METRO POLICE DEPT,Accepted,JEFFERSON,KY1931,,MANSLICK,RD,,,LEDGEWOOD,,,,,38.163181281,-85.797736808,6.096,10/25/2020 12:00:00 AM,2333,2,2,0,2,CLEAR,DRY,False,ANGLE COLLISION - ONE VEHICLE TURNING LEFT,ANGLE,STRAIGHT & LEVEL,DARK-HWY LIGHTED/ON,,,10/26/2020 10:04:17 AM,False,5170,Accepted,
27377442,0568000,LOUISVILLE METRO POLICE DEPT,Accepted,JEFFERSON,,,28TH,ST,S,,HALE,,,,,38.239436658,-85.800056393,1.504,10/25/2020 12:00:00 AM,0232,2,2,0,0,CLEAR,DRY,True,COLLISION WITH PARKED VEHICLE,SIDESWIPE-OPPOSITE DIRECTION,STRAIGHT & LEVEL,DARK-HWY LIGHTED/ON,,,10/26/2020 9:59:48 AM,False,5229,Accepted,
27377452,0568000,LOUISVILLE METRO POLICE DEPT,Accepted,JEFFERSON,I 0264,,I264 E,,,,,,,,,38.186801111,-85.791543056,8.657,10/25/2020 12:00:00 AM,1406,2,2,0,0,CLOUDY,DRY,False,REAR END IN TRAFFIC LANES BOTH VEHICLES MOVING,REAR END,STRAIGHT & LEVEL,DAYLIGHT,,,10/26/2020 10:02:41 AM,False,7360,Accepted,
27438274,0568000,LOUISVILLE METRO POLICE DEPT,Accepted,JEFFERSON,I 0264,,I264 W,,,I 0065,I65 N,,,,,38.190552512,-85.733454338,11.882,10/25/2020 12:00:00 AM,1930,2,2,0,2,RAINING,WET,False,OTHER INTERSECTION COLLISIONS,REAR END,CURVE & GRADE,DARK-HWY NOT LIGHTED,,,11/10/2020 8:18:57 AM,False,5139,Accepted,
27438277,0568000,LOUISVILLE METRO POLICE DEPT,Accepted,JEFFERSON,US0060A,,TAYLOR,BLVD,,,SALE,,,,,38.197386694,-85.782860143,1.542,10/25/2020 12:00:00 AM,1524,2,2,0,0,CLOUDY,DRY,False,ANGLE COLLISION - OTHER,ANGLE,STRAIGHT & LEVEL,DAYLIGHT,,,11/10/2020 8:19:05 AM,False,5186,Accepted,
27377436,0568000,LOUISVILLE METRO POLICE DEPT,Accepted,JEFFERSON,,,WHISPERING HILLS,BLVD,,,WOODROW,,,,,38.146062584,-85.638133813,1.237,10/25/2020 12:00:00 AM,0110,2,2,0,0,CLOUDY,DRY,True,OTHER INTERSECTION COLLISIONS,REAR END,STRAIGHT & LEVEL,DARK-HWY NOT LIGHTED,,,10/26/2020 9:58:42 AM,False,7120,Accepted,
27377430,0568000,LOUISVILLE METRO POLICE DEPT,Accepted,JEFFERSON,I 0064,,,,,,,,,,,38.222515391,-85.507038367,0.162,10/25/2020 12:00:00 AM,0044,1,1,0,0,CLOUDY,WET,False,OTHER RAMP RELATED COLLISIONS NOT LISTED ABOVE,SINGLE VEHICLE,CURVE & GRADE,DARK-HWY NOT LIGHTED,I 0265,I 0064,10/26/2020 9:57:36 AM,False,5180,Accepted,
27377445,0568000,LOUISVILLE METRO POLICE DEPT,Accepted,JEFFERSON,,,MUHAMMAD ALI,BLVD,W,KY1020,2ND,,,,,38.250786895,-85.754298335,0.089,10/25/2020 12:00:00 AM,1230,2,2,0,0,CLEAR,DRY,False,ANGLE COLLISION - OTHER,ANGLE,STRAIGHT & LEVEL,DAYLIGHT,,,10/26/2020 10:00:10 AM,False,5324,Accepted,
27391286,0568000,LOUISVILLE METRO POLICE DEPT,Accepted,JEFFERSON,KY1865,5642,NEW CUT,RD,,,,,,,,38.112581793,-85.767894627,0.080,10/25/2020 12:00:00 AM,2231,2,2,0,1,RAINING,WET,False,1 VEHICLE ENTERING/LEAVING ENTRANCE,ANGLE,STRAIGHT & LEVEL,DARK-HWY LIGHTED/ON,,,10/29/2020 8:14:01 AM,False,5266,Accepted,
27391249,0568000,LOUISVILLE METRO POLICE DEPT,Accepted,JEFFERSON,,,JEANINE,DR,,,GLEN VALLEY,,,,,38.160647422,-85.688333321,0.208,10/24/2020 12:00:00 AM,1410,2,2,0,1,CLEAR,DRY,False,ANGLE COLLISION - OTHER,ANGLE,STRAIGHT & LEVEL,DAYLIGHT,,,10/29/2020 8:10:50 AM,False,5019,Accepted,
27406619,0568000,LOUISVILLE METRO POLICE DEPT,Accepted,JEFFERSON,KY0841,,GENE SNYDER,FWY,,,,,,,,38.098975002,-85.825331907,3.000,10/24/2020 12:00:00 AM,2004,5,5,1,5,CLOUDY,DRY,False,REAR END IN TRAFFIC LANES BOTH VEHICLES MOVING,REAR END,STRAIGHT & LEVEL,DARK-HWY NOT LIGHTED,,,11/2/2020 1:07:50 PM,True,2217,Accepted,
27377453,0568000,LOUISVILLE METRO POLICE DEPT,Accepted,JEFFERSON,KY0155,,TAYLORSVILLE,RD,,,,,,,,38.223071621,-85.684599761,16.534,10/24/2020 12:00:00 AM,2056,2,2,0,0,CLOUDY,DRY,False,1 VEHICLE ENTERING/LEAVING ENTRANCE,ANGLE,CURVE & HILLCREST,DARK-HWY LIGHTED/ON,,,10/26/2020 10:03:28 AM,False,7376,Accepted,
27377462,0568000,LOUISVILLE METRO POLICE DEPT,Accepted,JEFFERSON,KY0907,,3RD ST,RD,,,,,OLDE ENGLISH,,LAMBORNE,38.116496820,-85.812213400,3.369,10/24/2020 12:00:00 AM,2300,2,2,0,0,CLOUDY,WET,True,1 VEHICLE ENTERING/LEAVING ENTRANCE,ANGLE,CURVE & LEVEL,DARK-HWY LIGHTED/ON,,,10/26/2020 10:04:31 AM,False,5267,Accepted,
27377306,0568000,LOUISVILLE METRO POLICE DEPT,Accepted,JEFFERSON,,,CHESTNUT,ST,E,,HANCOCK,,,,,38.247360524,-85.743159106,0.535,10/24/2020 12:00:00 AM,1133,2,2,0,1,CLOUDY,DRY,False,ANGLE COLLISION - OTHER,ANGLE,STRAIGHT & LEVEL,DAYLIGHT,,,10/26/2020 9:49:18 AM,False,5324,Accepted,
27377295,0568000,LOUISVILLE METRO POLICE DEPT,Accepted,JEFFERSON,US0031W,1900,MAIN,ST,W,,,,,,,38.259388451,-85.781695599,20.553,10/24/2020 12:00:00 AM,0341,4,4,0,2,CLOUDY,DRY,False,1 VEHICLE PARKED POSITION (NOT PARKING LOT/DRIVEWAY),REAR END,STRAIGHT & LEVEL,OTHER,,,10/26/2020 9:46:38 AM,False,7173,Accepted,
27377338,0568000,LOUISVILLE METRO POLICE DEPT,Accepted,JEFFERSON,KY1065,,OUTER,LOOP,,,LONE OAK,,,,,38.137314240,-85.691015365,5.810,10/24/2020 12:00:00 AM,1425,2,2,0,1,CLEAR,DRY,False,OTHER INTERSECTION COLLISIONS,REAR END,STRAIGHT & LEVEL,DAYLIGHT,,,10/26/2020 9:52:00 AM,False,5309,Accepted,
27377344,0568000,LOUISVILLE METRO POLICE DEPT,Accepted,JEFFERSON,KY1065,,OUTER,LOOP,,,,,VAUGHN MILL,,ROCHELLE,38.137400575,-85.629288592,9.204,10/24/2020 12:00:00 AM,1524,2,1,0,1,CLOUDY,DRY,False,COLLISION WITH PEDESTRIAN NON - INTERSECTION,SINGLE VEHICLE,STRAIGHT & LEVEL,DAYLIGHT,,,10/26/2020 9:52:25 AM,False,7397,Accepted,
27377380,0568000,LOUISVILLE METRO POLICE DEPT,Accepted,JEFFERSON,KY2054,,ALGONQUIN,PKWY,,,23RD,,,,,38.223524983,-85.797628018,1.362,10/24/2020 12:00:00 AM,1540,2,2,0,1,CLOUDY,DRY,False,ANGLE COLLISION - OTHER,ANGLE,STRAIGHT & LEVEL,DAYLIGHT,,,10/26/2020 9:54:43 AM,False,7437,Accepted,
27377389,0568000,LOUISVILLE METRO POLICE DEPT,Accepted,JEFFERSON,KY1932,,BRECKENRIDGE,LN,,,,,SIX MILE,,LANDSIDE,38.200410115,-85.623551756,1.339,10/24/2020 12:00:00 AM,0102,2,2,0,1,CLOUDY,DRY,False,OTHER ROADWAY OR MID-BLOCK COLLISION,OPPOSING LEFT TURN,STRAIGHT & LEVEL,DARK-HWY NOT LIGHTED,,,10/26/2020 9:55:16 AM,False,7851,Accepted,
27377403,0568000,LOUISVILLE METRO POLICE DEPT,Accepted,JEFFERSON,,4201,NACHAND,LN,,,,,,,,38.182442023,-85.616045911,1.277,10/24/2020 12:00:00 AM,1257,1,1,0,0,CLOUDY,DRY,True,OTHER ROADWAY OR MID-BLOCK COLLISION,SINGLE VEHICLE,STRAIGHT & LEVEL,DAYLIGHT,,,10/26/2020 9:55:52 AM,False,7864,Accepted,
27377420,0568000,LOUISVILLE METRO POLICE DEPT,Accepted,JEFFERSON,KY1020,,2ND,ST,S,,BURNETT,,,,,38.226960520,-85.758410540,10.781,10/24/2020 12:00:00 AM,1106,4,4,0,1,CLOUDY,DRY,False,ANGLE COLLISION - OTHER,ANGLE,STRAIGHT & LEVEL,DAYLIGHT,,,10/26/2020 9:56:51 AM,False,7495,Accepted,
27377304,0568000,LOUISVILLE METRO POLICE DEPT,Accepted,JEFFERSON,,,FERN CREEK,RD,,,FERNDALE,,,,,38.155166960,-85.592055559,0.569,10/24/2020 12:00:00 AM,1013,2,2,0,0,CLOUDY,DRY,False,ANGLE COLLISION - OTHER,ANGLE,STRAIGHT & LEVEL,DAYLIGHT,,,10/26/2020 9:49:04 AM,False,7812,Accepted,