IncidentID,AgencyORI,AgencyName,IncidentStatusDesc,County,RdwyNumber,Street,RoadwayName,StreetSfx,StreetDir,IntersectionRdwy,IntersectionRdwyName,BetweenStRdwy1,BetweenStRdwyName1,BetweenStRdwy2,BetweenStRdwyName2,Latitude,Longitude,Milepoint,CollisionDate,CollisionTime,UnitsInvolved,MotorVehiclesInvolved,NumberKilled,NumberInjured,Weather,RdwyConditionCode,HitandRun,DirAnalysisCode,MannerofCollision,RdwyCharacter,LightCondition,RampFromRdwyId,RampToRdwyId,AcceptedDate,IsSecondaryCollision,OwnerBadge,IncidentStatus,
27377305,0568000,LOUISVILLE METRO POLICE DEPT,Accepted,JEFFERSON,I 0264,,I264 W,,,I 0264,I264 W EXIT20 OFF RAMP US60,,,,,38.253890776,-85.619470657,20.008,10/24/2020 12:00:00 AM,1045,2,2,0,0,CLOUDY,DRY,True,SIDESWIPE-SAME DIRECTION,SIDESWIPE-SAME DIRECTION,STRAIGHT & LEVEL,DAYLIGHT,,,10/26/2020 9:49:12 AM,False,2013,Accepted,
27377330,0568000,LOUISVILLE METRO POLICE DEPT,Accepted,JEFFERSON,KY2052,,SHEPHERDSVILLE,RD,,,BRISCOE,,,,,38.142489230,-85.659208199,0.255,10/24/2020 12:00:00 AM,1439,2,2,0,0,CLOUDY,DRY,False,ANGLE COLLISION - OTHER,ANGLE,STRAIGHT & LEVEL,DAYLIGHT,,,10/26/2020 9:51:11 AM,False,6337,Accepted,
27377428,0568000,LOUISVILLE METRO POLICE DEPT,Accepted,JEFFERSON,KY0061,,PRESTON,HWY,,I 0265,I265 W EXIT12 ON RAMP FROM KY61 N,,,,,38.108728960,-85.674606716,1.780,10/24/2020 12:00:00 AM,2355,2,2,0,0,RAINING,WET,False,ANGLE COLLISION - OTHER,ANGLE,STRAIGHT & LEVEL,DARK-HWY LIGHTED/ON,,,10/26/2020 9:57:12 AM,False,7016,Accepted,
27377429,0568000,LOUISVILLE METRO POLICE DEPT,Accepted,JEFFERSON,I 0064,,I64 E,,,,,,,,,38.222762178,-85.509500252,18.761,10/24/2020 12:00:00 AM,2241,1,1,0,0,RAINING,WET,False,COLLISION WITH ANIMAL NON INTERSECTION,SINGLE VEHICLE,STRAIGHT & LEVEL,DARK-HWY NOT LIGHTED,,,10/26/2020 9:57:21 AM,False,5180,Accepted,
27414451,0568000,LOUISVILLE METRO POLICE DEPT,Accepted,JEFFERSON,KY0864,,POPLAR LEVEL,RD,,,INDIAN,,,,,38.171548744,-85.685000354,9.215,10/24/2020 12:00:00 AM,2037,3,3,1,1,CLEAR,DRY,False,OTHER INTERSECTION COLLISIONS,REAR END,STRAIGHT & LEVEL,DARK-HWY NOT LIGHTED,,,11/4/2020 10:00:26 AM,False,6886,Accepted,
27377407,0568000,LOUISVILLE METRO POLICE DEPT,Accepted,JEFFERSON,KY1865,,TAYLOR,BLVD,,,,,,,,38.186619811,-85.783806481,5.528,10/24/2020 12:00:00 AM,1231,2,2,0,0,CLOUDY,DRY,False,SIDESWIPE COLLISION - SAME DIRECTION,SIDESWIPE-SAME DIRECTION,STRAIGHT & LEVEL,DAYLIGHT,,,10/26/2020 9:56:27 AM,False,7667,Accepted,
27377416,0568000,LOUISVILLE METRO POLICE DEPT,Accepted,JEFFERSON,,,ALFORD,AVE,,,29TH,,,,,38.265462554,-85.798599254,0.301,10/24/2020 12:00:00 AM,1844,2,2,0,1,CLEAR,DRY,False,ANGLE COLLISION - OTHER,ANGLE,STRAIGHT & LEVEL,DUSK,,,10/26/2020 9:56:40 AM,False,5105,Accepted,
27377444,0568000,LOUISVILLE METRO POLICE DEPT,Accepted,JEFFERSON,,,DRESDEN,AVE,,,,,5TH,,BELLEVUE,38.197626864,-85.772183286,0.582,10/24/2020 12:00:00 AM,1956,2,2,0,0,CLEAR,DRY,True,1 VEHICLE PARKED POSITION (NOT PARKING LOT/DRIVEWAY),ANGLE,STRAIGHT & LEVEL,DARK-HWY LIGHTED/OFF,,,10/26/2020 9:59:56 AM,False,5267,Accepted,
27377317,0568000,LOUISVILLE METRO POLICE DEPT,Accepted,JEFFERSON,,,LEEMONT,DR,,,CEDARWOOD,,,,,38.082656483,-85.868673243,0.399,10/24/2020 12:00:00 AM,1355,2,2,0,0,CLOUDY,DRY,False,ANGLE COLLISION - OTHER,ANGLE,STRAIGHT & LEVEL,DAYLIGHT,,,10/26/2020 9:50:29 AM,False,7634,Accepted,
27377307,0568000,LOUISVILLE METRO POLICE DEPT,Accepted,JEFFERSON,KY1020,7016,SOUTHSIDE,DR,,,,,,,,38.155423306,-85.764821801,5.894,10/24/2020 12:00:00 AM,0910,2,2,0,1,CLOUDY,DRY,False,REAR END IN TRAFFIC LANES BOTH VEHICLES MOVING,REAR END,STRAIGHT & LEVEL,DAYLIGHT,,,10/26/2020 9:49:28 AM,False,5316,Accepted,
27377323,0568000,LOUISVILLE METRO POLICE DEPT,Accepted,JEFFERSON,I 0264,,I264 W,,,,,,,,,38.186872344,-85.789975677,8.898,10/24/2020 12:00:00 AM,1025,2,2,0,1,CLOUDY,DRY,False,1 VEHICLE ENTERING/LEAVING ENTRANCE,ANGLE,CURVE & LEVEL,DAYLIGHT,,,10/26/2020 9:50:46 AM,False,7360,Accepted,
27377426,0568000,LOUISVILLE METRO POLICE DEPT,Accepted,JEFFERSON,,326,ALGER,AVE,,,,,,,,38.166661473,-85.770559289,0.316,10/24/2020 12:00:00 AM,2153,4,4,0,1,CLOUDY,DRY,False,1 VEHICLE PARKED POSITION (NOT PARKING LOT/DRIVEWAY),HEAD ON,STRAIGHT & LEVEL,DARK-HWY LIGHTED/ON,,,10/26/2020 9:57:03 AM,False,7362,Accepted,
27377432,0568000,LOUISVILLE METRO POLICE DEPT,Accepted,JEFFERSON,US0031E,,BARDSTOWN,RD,,,,,,,,38.224513305,-85.693850147,13.636,10/24/2020 12:00:00 AM,2334,2,2,0,0,CLEAR,DRY,False,OTHER ROADWAY OR MID-BLOCK COLLISION,REAR END,CURVE & LEVEL,DARK-HWY LIGHTED/ON,,,10/26/2020 9:58:00 AM,False,2976,Accepted,
27377435,0568000,LOUISVILLE METRO POLICE DEPT,Accepted,JEFFERSON,US0150,,BROADWAY,,W,,13TH,,,,,38.247834171,-85.773245059,1.561,10/24/2020 12:00:00 AM,2141,2,2,0,1,CLEAR,DRY,False,HEAD-ON COLLISION,HEAD ON,STRAIGHT & LEVEL,DARK-HWY LIGHTED/ON,,,10/26/2020 9:58:22 AM,False,5275,Accepted,
27377343,0568000,LOUISVILLE METRO POLICE DEPT,Accepted,JEFFERSON,KY1020,,SOUTHSIDE,DR,,,HILLVIEW,,,,,38.152972039,-85.765436614,5.810,10/24/2020 12:00:00 AM,1446,2,2,0,0,CLOUDY,DRY,False,SIDESWIPE-SAME DIRECTION,SIDESWIPE-SAME DIRECTION,STRAIGHT & LEVEL,DAYLIGHT,,,10/26/2020 9:52:09 AM,False,5316,Accepted,
27377351,0568000,LOUISVILLE METRO POLICE DEPT,Accepted,JEFFERSON,KY0155,,TAYLORSVILLE,RD,,,HIKES,,,,,38.219742014,-85.625902626,13.330,10/24/2020 12:00:00 AM,1553,2,2,0,0,CLOUDY,DRY,False,ANGLE COLLISION - ONE VEHICLE TURNING LEFT,ANGLE,STRAIGHT & LEVEL,DAYLIGHT,,,10/26/2020 9:53:07 AM,False,7898,Accepted,
27391254,0568000,LOUISVILLE METRO POLICE DEPT,Accepted,JEFFERSON,US0031W,,DIXIE,HWY,,,PAGES,,,,,38.130209686,-85.847834391,10.497,10/24/2020 12:00:00 AM,1610,3,3,0,2,CLEAR,DRY,False,OTHER INTERSECTION COLLISIONS,REAR END,STRAIGHT & LEVEL,DAYLIGHT,,,10/29/2020 8:10:57 AM,False,7336,Accepted,
27395324,0568000,LOUISVILLE METRO POLICE DEPT,Accepted,JEFFERSON,,,PRICE,LN,,,MCNEELY LAKE,,,,,38.104068613,-85.641449144,0.444,10/24/2020 12:00:00 AM,1355,1,1,0,0,CLEAR,DRY,False,COLLISION WITH FIXED OBJECT IN INTERSECTION - FIRST EVENT COLLISION 09 - 32,SINGLE VEHICLE,STRAIGHT & LEVEL,DAYLIGHT,,,10/30/2020 8:28:31 AM,False,7989,Accepted,
27395423,0568000,LOUISVILLE METRO POLICE DEPT,Accepted,JEFFERSON,,,MARKET,ST,W,,30TH,,,,,38.260213996,-85.800784058,0.786,10/23/2020 12:00:00 AM,2215,3,3,0,0,CLEAR,DRY,False,COLLISION WITH PARKED VEHICLE,REAR END,STRAIGHT & LEVEL,DARK-HWY LIGHTED/ON,,,10/30/2020 8:33:46 AM,False,7487,Accepted,
27413032,0563600,STRATHMOOR VILLAGE PD,Accepted,JEFFERSON,,2160,STRATHMOOR,BLVD,,,,,ELEANOR,,BARDSTOWN,38.223043724,-85.678648512,,10/23/2020 12:00:00 AM,1820,2,1,0,0,RAINING,WET,False,1 VEHICLE PARKED POSITION (NOT PARKING LOT/DRIVEWAY),REAR TO REAR,STRAIGHT & LEVEL,DUSK,,,11/4/2020 3:02:03 AM,False,1401,Accepted,
27377358,0568000,LOUISVILLE METRO POLICE DEPT,Accepted,JEFFERSON,KY0864,,GOSS,AVE,,,TEXAS,,,,,38.225938660,-85.733365032,13.935,10/23/2020 12:00:00 AM,1540,2,2,0,2,CLEAR,DRY,False,OTHER INTERSECTION COLLISIONS,REAR END,STRAIGHT & LEVEL,DAYLIGHT,,,10/26/2020 9:53:27 AM,False,7116,Accepted,
27377377,0568000,LOUISVILLE METRO POLICE DEPT,Accepted,JEFFERSON,KY1020,1135,2ND,ST,S,,,,,,,38.236047970,-85.756797876,11.449,10/23/2020 12:00:00 AM,2219,3,3,0,1,CLEAR,DRY,False,1 VEHICLE PARKED POSITION (NOT PARKING LOT/DRIVEWAY),SIDESWIPE-SAME DIRECTION,STRAIGHT & LEVEL,DARK-HWY LIGHTED/ON,,,10/26/2020 9:54:17 AM,False,5127,Accepted,
27377243,0568000,LOUISVILLE METRO POLICE DEPT,Accepted,JEFFERSON,US0031E,,BARDSTOWN,RD,,I 0265,I265 E EXIT17 OFF RAMP TO US31E,,,,,38.139616977,-85.582194097,4.779,10/23/2020 12:00:00 AM,1201,2,2,0,2,CLEAR,DRY,False,OTHER INTERSECTION COLLISIONS,REAR END,STRAIGHT & LEVEL,DAYLIGHT,,,10/26/2020 9:39:11 AM,False,2017,Accepted,
27377250,0568000,LOUISVILLE METRO POLICE DEPT,Accepted,JEFFERSON,,,ELLISON,AVE,,,JULIA,,,,,38.232290873,-85.726484678,0.684,10/23/2020 12:00:00 AM,1518,1,1,0,0,CLEAR,DRY,False,COLLISION WITH FIXED OBJECT IN INTERSECTION - FIRST EVENT COLLISION 09 - 32,SINGLE VEHICLE,CURVE & LEVEL,DAYLIGHT,,,10/26/2020 9:40:51 AM,False,5186,Accepted,
27377251,0568000,LOUISVILLE METRO POLICE DEPT,Accepted,JEFFERSON,US0060,3400,FRANKFORT,AVE,,,,,,,,38.254026650,-85.670040098,2.758,10/23/2020 12:00:00 AM,1312,2,2,0,0,CLEAR,DRY,False,VEHICLE BACKING NON INTERSECTION,BACKING,STRAIGHT & LEVEL,DAYLIGHT,,,10/26/2020 9:41:00 AM,False,7632,Accepted,
27377260,0568000,LOUISVILLE METRO POLICE DEPT,Accepted,JEFFERSON,US0031E,,BARDSTOWN,RD,,I 0265,I265 E EXIT17 OFF RAMP TO US31E,,,,,38.139607951,-85.582342389,4.771,10/23/2020 12:00:00 AM,1710,2,2,0,0,CLOUDY,DRY,False,OTHER INTERSECTION COLLISIONS,REAR END,STRAIGHT & LEVEL,DAYLIGHT,,,10/26/2020 9:42:59 AM,False,6878,Accepted,
27377268,0568000,LOUISVILLE METRO POLICE DEPT,Accepted,JEFFERSON,,314,M,ST,,,,,,,,38.208878337,-85.764523893,0.427,10/23/2020 12:00:00 AM,1631,1,1,0,0,CLOUDY,DRY,False,COLLISION WITH FIXED OBJECT NON - INTERSECTION - FIRST EVENT COLLISION 09 - 32 EXCLUDING 16,SINGLE VEHICLE,STRAIGHT & LEVEL,DAYLIGHT,,,10/26/2020 9:43:32 AM,False,5052,Accepted,
27377275,0568000,LOUISVILLE METRO POLICE DEPT,Accepted,JEFFERSON,,4625,2ND,ST,S,,,,,,,38.185296812,-85.763873423,1.138,10/23/2020 12:00:00 AM,1345,2,2,0,0,CLEAR,DRY,False,1 VEHICLE PARKED POSITION (NOT PARKING LOT/DRIVEWAY),REAR END,STRAIGHT & LEVEL,DAYLIGHT,,,10/26/2020 9:45:06 AM,False,7471,Accepted,
27377298,0568000,LOUISVILLE METRO POLICE DEPT,Accepted,JEFFERSON,KY1020,10808,NATIONAL,TPKE,,,,,,,,38.094653404,-85.731657475,0.996,10/23/2020 12:00:00 AM,1730,1,1,0,0,RAINING,WET,False,COLLISION WITH FIXED OBJECT NON - INTERSECTION - FIRST EVENT COLLISION 09 - 32 EXCLUDING 16,SINGLE VEHICLE,STRAIGHT & LEVEL,DUSK,,,10/26/2020 9:47:00 AM,False,7263,Accepted,
27377231,0568000,LOUISVILLE METRO POLICE DEPT,Accepted,JEFFERSON,,,HANCOCK,ST,S,,CHESTNUT,,,,,38.247342150,-85.743165224,0.532,10/23/2020 12:00:00 AM,1010,2,2,0,2,CLEAR,DRY,False,SIDESWIPE-SAME DIRECTION,SIDESWIPE-SAME DIRECTION,STRAIGHT & LEVEL,DAYLIGHT,,,10/26/2020 9:37:06 AM,False,7266,Accepted,
27377240,0568000,LOUISVILLE METRO POLICE DEPT,Accepted,JEFFERSON,,5013,RUNIC,WAY,,,,,,,,38.168813494,-85.669349143,0.120,10/23/2020 12:00:00 AM,1157,1,1,0,0,CLOUDY,DRY,True,COLLISION WITH FIXED OBJECT NON - INTERSECTION - FIRST EVENT COLLISION 09 - 32 EXCLUDING 16,SINGLE VEHICLE,CURVE & LEVEL,DAYLIGHT,,,10/26/2020 9:38:51 AM,False,5303,Accepted,
27377248,0568000,LOUISVILLE METRO POLICE DEPT,Accepted,JEFFERSON,KY1020,6810,SOUTHSIDE,DR,,,,,,,,38.158899451,-85.764736176,6.141,10/23/2020 12:00:00 AM,1238,2,2,0,0,CLEAR,DRY,False,1 VEHICLE ENTERING/LEAVING ENTRANCE,ANGLE,STRAIGHT & LEVEL,DAYLIGHT,,,10/26/2020 9:40:24 AM,False,5316,Accepted,
27377249,0568000,LOUISVILLE METRO POLICE DEPT,Accepted,JEFFERSON,KY1020,7151,SOUTHSIDE,DR,,,,,,,,38.155056949,-85.764859484,5.868,10/23/2020 12:00:00 AM,1409,2,2,0,1,RAINING,WET,False,1 VEHICLE ENTERING/LEAVING ENTRANCE,ANGLE,CURVE & LEVEL,DAYLIGHT,,,10/26/2020 9:40:31 AM,False,5316,Accepted,
27377257,0568000,LOUISVILLE METRO POLICE DEPT,Accepted,JEFFERSON,,,SMYRNA,PKWY,,,,,MICHAEL RAY,,ROCHELLE,38.126765614,-85.642846950,0.773,10/23/2020 12:00:00 AM,1500,3,3,0,1,CLOUDY,DRY,False,REAR END IN TRAFFIC LANES BOTH VEHICLES MOVING,REAR END,STRAIGHT & LEVEL,DAYLIGHT,,,10/26/2020 9:42:42 AM,False,6937,Accepted,
27377266,0568000,LOUISVILLE METRO POLICE DEPT,Accepted,JEFFERSON,KY0061,,PRESTON,HWY,,,,,COOPER CHAPEL,,MAPLE SPRING,38.101781467,-85.671663460,1.272,10/23/2020 12:00:00 AM,1600,2,2,0,0,CLEAR,DRY,False,REAR END IN TRAFFIC LANES BOTH VEHICLES MOVING,REAR END,STRAIGHT & LEVEL,DAYLIGHT,,,10/26/2020 9:43:23 AM,False,7989,Accepted,
27377273,0568000,LOUISVILLE METRO POLICE DEPT,Accepted,JEFFERSON,KY0864,,POPLAR LEVEL,RD,,,,,,,,38.181581372,-85.696610796,10.169,10/23/2020 12:00:00 AM,1730,4,4,0,0,CLEAR,DRY,True,REAR END IN TRAFFIC LANES BOTH VEHICLES MOVING,REAR END,STRAIGHT & GRADE,DAYLIGHT,,,10/26/2020 9:44:00 AM,False,5130,Accepted,
27377274,0568000,LOUISVILLE METRO POLICE DEPT,Accepted,JEFFERSON,I 0064,,,,,,,,,,,38.259010044,-85.750273951,0.015,10/23/2020 12:00:00 AM,1645,2,2,0,0,CLOUDY,DRY,False,OTHER RAMP RELATED COLLISIONS NOT LISTED ABOVE,SIDESWIPE-SAME DIRECTION,STRAIGHT & LEVEL,DAYLIGHT,I 0064,N  3RD ST,10/26/2020 9:44:31 AM,False,7239,Accepted,
27377284,0568000,LOUISVILLE METRO POLICE DEPT,Accepted,JEFFERSON,US0031E,,BARDSTOWN,RD,,,,,DUKER,,MURRAY,38.230097539,-85.703623583,14.297,10/23/2020 12:00:00 AM,2110,4,4,0,0,CLOUDY,WET,False,OTHER ROADWAY OR MID-BLOCK COLLISION,REAR END,STRAIGHT & LEVEL,DARK-HWY LIGHTED/ON,,,10/26/2020 9:45:51 AM,False,2816,Accepted,
27377293,0568000,LOUISVILLE METRO POLICE DEPT,Accepted,JEFFERSON,KY3084,,OLD HENRY,RD,,,,,ENGLISH STATION,,ELITE,38.264125746,-85.514823234,0.301,10/23/2020 12:00:00 AM,1927,2,2,0,4,RAINING,WET,False,1 VEHICLE ENTERING/LEAVING ENTRANCE,ANGLE,CURVE & HILLCREST,DARK-HWY NOT LIGHTED,,,10/26/2020 9:46:26 AM,False,6927,Accepted,
27377365,0568000,LOUISVILLE METRO POLICE DEPT,Accepted,JEFFERSON,,,RAMMERS,AVE,,,,,,,,38.230214676,-85.730237211,0.287,10/23/2020 12:00:00 AM,0630,2,2,0,0,CLEAR,DRY,False,1 VEHICLE PARKED POSITION (NOT PARKING LOT/DRIVEWAY),ANGLE,STRAIGHT & LEVEL,DAWN,,,10/26/2020 9:53:53 AM,False,7116,Accepted,
27377393,0568000,LOUISVILLE METRO POLICE DEPT,Accepted,JEFFERSON,KY2251,,BARDSTOWN,RD,,,,,BRADFORD,,REYNOLDS,38.195719423,-85.653907475,0.654,10/23/2020 12:00:00 AM,1944,2,1,0,0,RAINING,WET,False,COLLISION WITH PEDESTRIAN NON - INTERSECTION,SINGLE VEHICLE,STRAIGHT & LEVEL,DARK-HWY NOT LIGHTED,,,10/26/2020 9:55:31 AM,False,7851,Accepted,
27377440,0568000,LOUISVILLE METRO POLICE DEPT,Accepted,JEFFERSON,,4811,3RD,ST,S,,,,,,,38.199527712,-85.765092107,0.074,10/23/2020 12:00:00 AM,2031,2,2,0,1,RAINING,WET,False,OTHER ROADWAY OR MID-BLOCK COLLISION,OPPOSING LEFT TURN,STRAIGHT & LEVEL,DARK-HWY LIGHTED/ON,,,10/26/2020 9:59:13 AM,False,5266,Accepted,
27378218,0561500,UNIV. OF LOUISVILLE POLICE,Accepted,JEFFERSON,,400,BLOOM,ST,W,,,,,,,38.222207738,-85.763526761,0.234,10/23/2020 12:00:00 AM,1514,3,3,0,0,CLOUDY,DRY,True,1 VEHICLE ENTERING OR LEAVING PARKED POSITION (NOT PARKING LOT),ANGLE,STRAIGHT & LEVEL,DAYLIGHT,,,10/26/2020 1:11:07 PM,False,5700,Accepted,
27368007,0568000,LOUISVILLE METRO POLICE DEPT,Accepted,JEFFERSON,KY1065,,OUTER,LOOP,,KY0864,FEGENBUSH,,,,,38.138590007,-85.615663964,10.007,10/23/2020 12:00:00 AM,0020,1,1,0,2,CLEAR,DRY,False,COLLISION WITH FIXED OBJECT IN INTERSECTION - FIRST EVENT COLLISION 09 - 32,SINGLE VEHICLE,CURVE & LEVEL,DARK-HWY LIGHTED/ON,,,10/23/2020 8:27:25 AM,False,7735,Accepted,
27377242,0568000,LOUISVILLE METRO POLICE DEPT,Accepted,JEFFERSON,KY1065,,OUTER,LOOP,,,,,,,,38.137735401,-85.670600838,6.939,10/23/2020 12:00:00 AM,1418,2,2,0,1,RAINING,WET,False,REAR END IN TRAFFIC LANES BOTH VEHICLES MOVING,REAR END,STRAIGHT & LEVEL,DAYLIGHT,,,10/26/2020 9:39:01 AM,False,4693,Accepted,
27377256,0568000,LOUISVILLE METRO POLICE DEPT,Accepted,JEFFERSON,,,SHEPHERDSVILLE,RD,,KY2845,MANSLICK,,,,,38.119415521,-85.668835756,1.505,10/23/2020 12:00:00 AM,1440,2,2,0,1,CLOUDY,WET,False,ANGLE COLLISION - ONE VEHICLE TURNING LEFT,ANGLE,STRAIGHT & LEVEL,DAYLIGHT,,,10/26/2020 9:41:57 AM,False,7914,Accepted,
27377252,0568000,LOUISVILLE METRO POLICE DEPT,Accepted,JEFFERSON,,,NORTON HEALTHCARE,BLVD,,,VON ALLMEN,,,,,38.312010508,-85.571329486,0.100,10/23/2020 12:00:00 AM,0944,2,2,0,0,CLEAR,DRY,False,ANGLE COLLISION - OTHER,ANGLE,STRAIGHT & GRADE,DAYLIGHT,,,10/26/2020 9:41:16 AM,False,7313,Accepted,
27377263,0568000,LOUISVILLE METRO POLICE DEPT,Accepted,JEFFERSON,I 0064,,I64 W,,,,,I 0064,I64 W EXIT3 OFF RAMP TO US31W,I 0064,I64 W EXIT4 ON RAMP FROM US31W,38.260445005,-85.768635316,3.669,10/23/2020 12:00:00 AM,1736,2,2,0,0,CLOUDY,DRY,False,REAR END IN TRAFFIC LANES BOTH VEHICLES MOVING,REAR END,STRAIGHT & LEVEL,DAYLIGHT,,,10/26/2020 9:43:08 AM,False,7266,Accepted,
27377286,0568000,LOUISVILLE METRO POLICE DEPT,Accepted,JEFFERSON,,,HILL,ST,W,,,KY1020,2ND,KY1020,3RD,38.225766924,-85.759463642,0.139,10/23/2020 12:00:00 AM,2200,2,2,0,1,CLOUDY,WET,False,OTHER ROADWAY OR MID-BLOCK COLLISION,REAR END,STRAIGHT & LEVEL,DARK-HWY LIGHTED/ON,,,10/26/2020 9:46:07 AM,False,5267,Accepted,
27377297,0568000,LOUISVILLE METRO POLICE DEPT,Accepted,JEFFERSON,I 0264,,I264 E,,,I 0071,I264 E EXIT23 RAMP TO I64 E,,,,,38.285818823,-85.642872069,22.646,10/23/2020 12:00:00 AM,1931,2,2,0,0,RAINING,WET,False,SIDESWIPE-SAME DIRECTION,SIDESWIPE-SAME DIRECTION,STRAIGHT & LEVEL,DARK-HWY LIGHTED/ON,,,10/26/2020 9:46:47 AM,False,7159,Accepted,
27377437,0568000,LOUISVILLE METRO POLICE DEPT,Accepted,JEFFERSON,,,SUMMIT PLAZA,DR,,KY0022,BROWNSBORO,,,,,38.306949762,-85.575382109,,10/23/2020 12:00:00 AM,2359,2,2,0,0,CLOUDY,DRY,True,SIDESWIPE-SAME DIRECTION,SIDESWIPE-SAME DIRECTION,CURVE & LEVEL,DARK-HWY LIGHTED/ON,,,10/26/2020 9:58:58 AM,False,5228,Accepted,
27377311,0568000,LOUISVILLE METRO POLICE DEPT,Accepted,JEFFERSON,KY0061,,PRESTON,HWY,,,,,,,,38.175587646,-85.713873019,6.969,10/23/2020 12:00:00 AM,1745,2,2,0,1,CLOUDY,DRY,True,1 VEHICLE ENTERING/LEAVING ENTRANCE,ANGLE,STRAIGHT & GRADE,DAYLIGHT,,,10/26/2020 9:50:05 AM,False,5130,Accepted,
27377237,0568000,LOUISVILLE METRO POLICE DEPT,Accepted,JEFFERSON,KY0061,,PRESTON,HWY,,KY2053,MT WASHINGTON,,,,,38.092845223,-85.669059219,0.648,10/23/2020 12:00:00 AM,0807,2,2,0,0,CLOUDY,DRY,False,ANGLE COLLISION - OTHER,ANGLE,STRAIGHT & LEVEL,DAYLIGHT,,,10/26/2020 9:38:03 AM,False,4693,Accepted,
27377244,0568000,LOUISVILLE METRO POLICE DEPT,Accepted,JEFFERSON,US0031E,,BARDSTOWN,RD,,,HIDDEN VALLEY FARM,,,,,38.086637435,-85.555736288,0.770,10/23/2020 12:00:00 AM,1357,2,2,0,1,CLEAR,DRY,False,ANGLE COLLISION - ONE VEHICLE TURNING LEFT,ANGLE,STRAIGHT & LEVEL,DAYLIGHT,,,10/26/2020 9:39:29 AM,False,2017,Accepted,
27377229,0568000,LOUISVILLE METRO POLICE DEPT,Accepted,JEFFERSON,I 0065,,I65 S,,,,,,,,,38.095734818,-85.700906388,123.828,10/23/2020 12:00:00 AM,0943,2,2,0,0,CLOUDY,DRY,False,SIDESWIPE COLLISION - SAME DIRECTION,SIDESWIPE-SAME DIRECTION,STRAIGHT & LEVEL,DAYLIGHT,,,10/26/2020 9:36:59 AM,False,4903,Accepted,
27377238,0568000,LOUISVILLE METRO POLICE DEPT,Accepted,JEFFERSON,US0060A,,TAYLOR,BLVD,,,ARCADE,,,,,38.202141258,-85.781517007,1.889,10/23/2020 12:00:00 AM,1231,2,2,0,0,CLEAR,DRY,False,ANGLE COLLISION - ONE VEHICLE TURNING LEFT,ANGLE,STRAIGHT & LEVEL,DAYLIGHT,,,10/26/2020 9:38:08 AM,False,2499,Accepted,
27377239,0568000,LOUISVILLE METRO POLICE DEPT,Accepted,JEFFERSON,,,NEWPORT,RD,,,APPLEGROVE,,,,,38.178378761,-85.642218980,0.183,10/23/2020 12:00:00 AM,1240,2,2,0,0,CLOUDY,DRY,False,ANGLE COLLISION - ONE VEHICLE TURNING LEFT,ANGLE,STRAIGHT & LEVEL,DAYLIGHT,,,10/26/2020 9:38:27 AM,False,7307,Accepted,
27377246,0568000,LOUISVILLE METRO POLICE DEPT,Accepted,JEFFERSON,,,CRITTENDEN,DR,,,,,,,,38.183821388,-85.754875834,1.142,10/23/2020 12:00:00 AM,1500,2,2,0,0,CLEAR,WET,False,SIDESWIPE COLLISION - OPPOSITE DIRECTION,SIDESWIPE-OPPOSITE DIRECTION,STRAIGHT & GRADE,DAYLIGHT,,,10/26/2020 9:40:11 AM,False,5130,Accepted,
27377247,0568000,LOUISVILLE METRO POLICE DEPT,Accepted,JEFFERSON,US0031E,,BARDSTOWN,RD,,,,,FAIRGROUND,,OLDHAM,38.163155496,-85.596288581,6.614,10/23/2020 12:00:00 AM,1452,2,2,0,1,CLOUDY,WET,True,OTHER ROADWAY OR MID-BLOCK COLLISION,OPPOSING LEFT TURN,STRAIGHT & LEVEL,DAYLIGHT,,,10/26/2020 9:40:17 AM,False,6337,Accepted,
27377204,0568000,LOUISVILLE METRO POLICE DEPT,Accepted,JEFFERSON,I 0264,,,,,,,,,,,38.211135803,-85.671303812,0.059,10/23/2020 12:00:00 AM,0736,2,2,0,0,CLEAR,DRY,False,OTHER RAMP RELATED COLLISIONS NOT LISTED ABOVE,ANGLE,STRAIGHT & LEVEL,DARK-HWY LIGHTED/ON,I 0264,US31E N,10/26/2020 9:35:07 AM,False,2228,Accepted,
27381942,0568000,LOUISVILLE METRO POLICE DEPT,Accepted,JEFFERSON,,2600BLK,BROADWAY,,W,,,,,,,38.249528786,-85.795698271,0.408,10/23/2020 12:00:00 AM,1800,2,2,0,1,CLEAR,DRY,True,1 VEHICLE ENTERING/LEAVING ENTRANCE,ANGLE,STRAIGHT & LEVEL,DAYLIGHT,,,10/27/2020 9:10:17 AM,False,5300,Accepted,
27386623,0568000,LOUISVILLE METRO POLICE DEPT,Accepted,JEFFERSON,,,PAGES,LN,W,,,US0031W,DIXIE,,KERRY,38.130192241,-85.848097303,0.014,10/23/2020 12:00:00 AM,0746,2,2,0,0,CLEAR,DRY,False,1 VEHICLE ENTERING/LEAVING ENTRANCE,ANGLE,STRAIGHT & LEVEL,DAWN,,,10/28/2020 8:16:28 AM,False,2721,Accepted,