IncidentID,AgencyORI,AgencyName,IncidentStatusDesc,County,RdwyNumber,Street,RoadwayName,StreetSfx,StreetDir,IntersectionRdwy,IntersectionRdwyName,BetweenStRdwy1,BetweenStRdwyName1,BetweenStRdwy2,BetweenStRdwyName2,Latitude,Longitude,Milepoint,CollisionDate,CollisionTime,UnitsInvolved,MotorVehiclesInvolved,NumberKilled,NumberInjured,Weather,RdwyConditionCode,HitandRun,DirAnalysisCode,MannerofCollision,RdwyCharacter,LightCondition,RampFromRdwyId,RampToRdwyId,AcceptedDate,IsSecondaryCollision,OwnerBadge,IncidentStatus,
27447177,0568000,LOUISVILLE METRO POLICE DEPT,Accepted,JEFFERSON,KY2054,,ALGONQUIN,PKWY,,,RUSSELL LEE,,,,,38.225470736,-85.818492804,0.215,10/23/2020 12:00:00 AM,1627,2,2,0,0,CLEAR,DRY,False,SIDESWIPE-SAME DIRECTION,SIDESWIPE-SAME DIRECTION,STRAIGHT & LEVEL,DAYLIGHT,,,11/12/2020 10:11:58 AM,False,2564,Accepted,
29759172,0568000,LOUISVILLE METRO POLICE DEPT,Accepted,JEFFERSON,US0150,,BROADWAY,,E,KY0864,SHELBY,,,,,38.244693177,-85.739486550,3.404,10/23/2020 12:00:00 AM,2301,1,1,0,0,CLEAR,DRY,False,COLLISION WITH FIXED OBJECT IN INTERSECTION - FIRST EVENT COLLISION 09 - 32,SINGLE VEHICLE,STRAIGHT & LEVEL,DARK-HWY LIGHTED/ON,,,3/1/2022 11:17:09 AM,False,5268,Accepted,
27433150,0568000,LOUISVILLE METRO POLICE DEPT,Accepted,JEFFERSON,KY1703,,NEWBURG,RD,,,INDIAN,,,,,38.184625516,-85.665251002,0.499,10/23/2020 12:00:00 AM,1947,3,3,0,0,RAINING,WET,False,OTHER INTERSECTION COLLISIONS,REAR END,STRAIGHT & LEVEL,DARK (UNKNOWN ROADWAY LIGHTING),,,11/9/2020 8:49:37 AM,False,7383,Accepted,
27423781,0568000,LOUISVILLE METRO POLICE DEPT,Accepted,JEFFERSON,KY1065,,OUTER,LOOP,,KY1020,NATIONAL,,,,,38.127057223,-85.748785498,2.526,10/22/2020 12:00:00 AM,1537,2,2,0,0,CLEAR,DRY,True,SIDESWIPE-SAME DIRECTION,SIDESWIPE-SAME DIRECTION,STRAIGHT & LEVEL,DAYLIGHT,,,11/6/2020 9:38:49 AM,False,7221,Accepted,
27451574,0568000,LOUISVILLE METRO POLICE DEPT,Accepted,JEFFERSON,,,HESS,LN,,,PLOVER,,,,,38.211633729,-85.721624621,0.920,10/22/2020 12:00:00 AM,1616,2,2,0,0,CLEAR,DRY,False,ANGLE COLLISION - OTHER,ANGLE,STRAIGHT & LEVEL,DAYLIGHT,,,11/13/2020 8:09:41 AM,False,7938,Accepted,
27378791,0560000,JEFFERSON COUNTY SHERIFF DEPT.,Accepted,JEFFERSON,KY1865,4170,TAYLOR,BLVD,,,,,,,,38.170295582,-85.781386485,4.377,10/22/2020 12:00:00 AM,1728,1,1,0,0,CLEAR,DRY,False,COLLISION IN PARKING LOT,SINGLE VEHICLE,STRAIGHT & LEVEL,DAYLIGHT,,,10/26/2020 3:05:37 PM,False,3714,Accepted,
27381940,0568000,LOUISVILLE METRO POLICE DEPT,Accepted,JEFFERSON,KY0061,,PRESTON,HWY,,,,,KRUPP PARK,,KREMER,38.170387011,-85.708267081,6.484,10/22/2020 12:00:00 AM,1550,2,2,0,3,CLEAR,DRY,False,1 VEHICLE ENTERING/LEAVING ENTRANCE,ANGLE,STRAIGHT & LEVEL,DAYLIGHT,,,10/27/2020 9:10:01 AM,False,7431,Accepted,
27381941,0568000,LOUISVILLE METRO POLICE DEPT,Accepted,JEFFERSON,,3000BLK,MUHAMMAD ALI,BLVD,W,,,,,,,38.256283356,-85.803291857,2.789,10/22/2020 12:00:00 AM,0839,1,1,0,0,CLEAR,DRY,False,OTHER ROADWAY OR MID-BLOCK COLLISION,SINGLE VEHICLE,STRAIGHT & GRADE,DAYLIGHT,,,10/27/2020 9:10:07 AM,False,5300,Accepted,
27368014,0568000,LOUISVILLE METRO POLICE DEPT,Accepted,JEFFERSON,,,CENTRAL,AVE,,,4TH,,,,,38.205173976,-85.765569892,0.441,10/22/2020 12:00:00 AM,2209,2,2,0,0,CLEAR,DRY,False,OPPOSING LEFT TURN,OPPOSING LEFT TURN,STRAIGHT & LEVEL,DARK-HWY LIGHTED/ON,,,10/23/2020 8:28:46 AM,False,5183,Accepted,
27368046,0568000,LOUISVILLE METRO POLICE DEPT,Accepted,JEFFERSON,,,ASHBY,LN,,US0031W,DIXIE,,,,,38.103269417,-85.870488925,0.050,10/22/2020 12:00:00 AM,1549,2,2,0,1,CLEAR,DRY,False,ANGLE COLLISION - OTHER,ANGLE,CURVE & LEVEL,DAYLIGHT,,,10/23/2020 8:35:30 AM,False,5323,Accepted,
27368004,0568000,LOUISVILLE METRO POLICE DEPT,Accepted,JEFFERSON,KY1020,,3RD,ST,S,,GUTHRIE,,,,,38.249843686,-85.756032280,12.370,10/22/2020 12:00:00 AM,2227,2,2,0,1,CLEAR,DRY,False,OPPOSITE DIRECTION - BOTH VEHICLES GOING STRAIGHT AHEAD,SIDESWIPE-OPPOSITE DIRECTION,STRAIGHT & LEVEL,DARK-HWY LIGHTED/ON,,,10/23/2020 8:26:48 AM,False,7823,Accepted,
27368011,0568000,LOUISVILLE METRO POLICE DEPT,Accepted,JEFFERSON,,,CENTRAL,AVE,,US0060A,TAYLOR,,,,,38.206330125,-85.776188740,1.027,10/22/2020 12:00:00 AM,2240,2,2,0,3,CLEAR,DRY,True,ANGLE COLLISION - OTHER,ANGLE,STRAIGHT & LEVEL,DARK-HWY LIGHTED/ON,,,10/23/2020 8:27:56 AM,False,5175,Accepted,
27368002,0568000,LOUISVILLE METRO POLICE DEPT,Accepted,JEFFERSON,KY1727,,TERRY,RD,,,GRANDEL,,,,,38.155662300,-85.868358889,2.365,10/22/2020 12:00:00 AM,1403,2,2,0,0,CLEAR,DRY,False,OTHER INTERSECTION COLLISIONS,REAR END,STRAIGHT & LEVEL,DAYLIGHT,,,10/23/2020 8:26:41 AM,False,7483,Accepted,
27368012,0568000,LOUISVILLE METRO POLICE DEPT,Accepted,JEFFERSON,,5401,DAHL,RD,,,,,NELINDA MAY,,SUSANNA,38.170568572,-85.698655680,0.126,10/22/2020 12:00:00 AM,0148,2,2,0,0,CLEAR,DRY,True,1 VEHICLE PARKED POSITION (NOT PARKING LOT/DRIVEWAY),HEAD ON,STRAIGHT & LEVEL,DARK-HWY LIGHTED/ON,,,10/23/2020 8:28:03 AM,False,5053,Accepted,
27368013,0568000,LOUISVILLE METRO POLICE DEPT,Accepted,JEFFERSON,KY0864,4326,POPLAR LEVEL,RD,,,,I 0264,I264 E EXIT14 OFF RAMP TO KY864 S,,BUNTON,38.193917514,-85.707201076,11.255,10/22/2020 12:00:00 AM,2208,6,6,0,0,CLEAR,DRY,False,COLLISION IN PARKING LOT,HEAD ON,STRAIGHT & GRADE,DARK-HWY LIGHTED/ON,,,10/23/2020 8:28:18 AM,False,5053,Accepted,
27368010,0568000,LOUISVILLE METRO POLICE DEPT,Accepted,JEFFERSON,KY1934,,GREENBELT,HWY,,,TRADE PORT,,,,,38.125508430,-85.893006291,2.887,10/22/2020 12:00:00 AM,2237,2,2,0,0,CLEAR,DRY,True,ANGLE COLLISION - OTHER,ANGLE,STRAIGHT & LEVEL,DARK-HWY LIGHTED/ON,,,10/23/2020 8:27:52 AM,False,5212,Accepted,
27545426,0568000,LOUISVILLE METRO POLICE DEPT,Accepted,JEFFERSON,,,VIRGINIA,AVE,,I 0264,I264 W EXIT3 ON RAMP FROM  VIRGINIA AVE,,,,,38.239785401,-85.815324638,1.056,10/22/2020 12:00:00 AM,1402,2,2,0,0,CLEAR,DRY,False,OTHER INTERSECTION COLLISIONS,REAR END,STRAIGHT & LEVEL,DAYLIGHT,,,12/9/2020 8:06:12 AM,False,5160,Accepted,
27363616,0568000,LOUISVILLE METRO POLICE DEPT,Accepted,JEFFERSON,KY0841,,GENE SNYDER,FWY,,,,,,,,38.094761082,-85.832476780,2.497,10/22/2020 12:00:00 AM,0222,1,1,0,2,FOG,DRY,False,COLLISION WITH ANIMAL NON INTERSECTION,SINGLE VEHICLE,STRAIGHT & LEVEL,DARK-HWY NOT LIGHTED,,,10/22/2020 8:53:09 AM,False,5293,Accepted,
27363634,0568000,LOUISVILLE METRO POLICE DEPT,Accepted,JEFFERSON,,,34TH,ST,S,,JEFFERSON,,,,,38.259975493,-85.807142636,0.156,10/22/2020 12:00:00 AM,0522,2,2,0,0,CLEAR,DRY,True,ANGLE COLLISION - OTHER,ANGLE,STRAIGHT & LEVEL,DARK-HWY LIGHTED/ON,,,10/22/2020 8:54:03 AM,False,5057,Accepted,
27363624,0568000,LOUISVILLE METRO POLICE DEPT,Accepted,JEFFERSON,KY0841,,GENE SNYDER,FWY,,KY0841,KY841 RAMP FROM KY1865,,,,,38.118905338,-85.784148214,5.654,10/22/2020 12:00:00 AM,0237,1,1,0,0,FOG,DRY,False,OTHER INTERSECTION COLLISIONS,SINGLE VEHICLE,STRAIGHT & LEVEL,DARK-HWY LIGHTED/ON,,,10/22/2020 8:53:45 AM,False,5059,Accepted,
27367869,0568000,LOUISVILLE METRO POLICE DEPT,Accepted,JEFFERSON,KY0061,,PRESTON,HWY,,,,,,,,38.109675769,-85.674758642,1.852,10/22/2020 12:00:00 AM,1340,2,2,0,0,CLEAR,DRY,False,REAR END IN TRAFFIC LANES BOTH VEHICLES MOVING,REAR END,STRAIGHT & LEVEL,DAYLIGHT,,,10/23/2020 8:24:54 AM,False,4693,Accepted,
27367870,0568000,LOUISVILLE METRO POLICE DEPT,Accepted,JEFFERSON,,441,29TH,ST,N,,CLEVELAND,,,,,38.269204521,-85.796517479,0.431,10/22/2020 12:00:00 AM,1249,2,2,0,1,CLEAR,DRY,False,COLLISION WITH PARKED VEHICLE,REAR END,STRAIGHT & LEVEL,DAYLIGHT,,,10/23/2020 8:25:10 AM,False,5332,Accepted,
27367994,0568000,LOUISVILLE METRO POLICE DEPT,Accepted,JEFFERSON,,208,ERIC,CT,,,,,,,,38.146819097,-85.689070888,0.044,10/22/2020 12:00:00 AM,1520,1,1,0,0,CLEAR,DRY,False,COLLISION IN PARKING LOT,SINGLE VEHICLE,STRAIGHT & LEVEL,DAYLIGHT,,,10/23/2020 8:25:52 AM,False,7354,Accepted,
27364855,0561500,UNIV. OF LOUISVILLE POLICE,Accepted,JEFFERSON,,121,CENTENNIAL,WALK,E,,,,,,,38.220724589,-85.758088808,,10/22/2020 12:00:00 AM,1027,1,1,0,0,,,True,COLLISION IN PARKING LOT,SINGLE VEHICLE,STRAIGHT & LEVEL,,,,10/22/2020 2:20:07 PM,False,5654,Accepted,
27365638,0561000,JEFFERSONTOWN POLICE DEPT,Accepted,JEFFERSON,,,TUCKER STATION,RD,,,LAKEFRONT,,,,,38.216558726,-85.531071459,2.258,10/22/2020 12:00:00 AM,1333,2,2,0,1,CLEAR,DRY,False,ANGLE COLLISION - OTHER,ANGLE,STRAIGHT & LEVEL,DAYLIGHT,,,10/22/2020 4:56:59 PM,False,8278,Accepted,
27367855,0568000,LOUISVILLE METRO POLICE DEPT,Accepted,JEFFERSON,US0031W,541,DR W J HODGE,ST,,,,,,,,38.252586946,-85.785902504,19.899,10/22/2020 12:00:00 AM,0646,2,2,0,0,CLEAR,DRY,False,1 VEHICLE PARKED POSITION (NOT PARKING LOT/DRIVEWAY),SIDESWIPE-SAME DIRECTION,STRAIGHT & LEVEL,DAWN,,,10/23/2020 8:21:46 AM,False,5300,Accepted,
27367862,0568000,LOUISVILLE METRO POLICE DEPT,Accepted,JEFFERSON,KY1934,,GREENBELT,HWY,,,JOHNSONTOWN,,,,,38.116446347,-85.894837459,2.302,10/22/2020 12:00:00 AM,0940,2,2,0,0,CLEAR,DRY,False,ANGLE COLLISION - OTHER,ANGLE,STRAIGHT & LEVEL,DAYLIGHT,,,10/23/2020 8:24:08 AM,False,7073,Accepted,
27368015,0568000,LOUISVILLE METRO POLICE DEPT,Accepted,JEFFERSON,,,LENTZ,AVE,,,CAMDEN,,,,,38.192755037,-85.785951428,0.248,10/22/2020 12:00:00 AM,2234,2,2,0,1,CLEAR,DRY,True,ANGLE COLLISION - OTHER,ANGLE,STRAIGHT & LEVEL,DARK-HWY LIGHTED/ON,,,10/23/2020 8:28:55 AM,False,5287,Accepted,
27367998,0568000,LOUISVILLE METRO POLICE DEPT,Accepted,JEFFERSON,,,RIVER PARK,DR,,I 0264,I264 E EXIT2 ON RAMP FROM  RIVER PARK DR,,,,,38.254365145,-85.806463030,1.123,10/22/2020 12:00:00 AM,1325,2,2,0,0,CLEAR,DRY,False,ANGLE COLLISION - OTHER,ANGLE,STRAIGHT & LEVEL,DAYLIGHT,,,10/23/2020 8:26:27 AM,False,5338,Accepted,
27368000,0568000,LOUISVILLE METRO POLICE DEPT,Accepted,JEFFERSON,US0031E,7951,BARDSTOWN,RD,,,,,,,,38.131022867,-85.577922651,4.138,10/22/2020 12:00:00 AM,1937,2,2,0,1,CLEAR,DRY,False,1 VEHICLE ENTERING/LEAVING ENTRANCE,ANGLE,STRAIGHT & LEVEL,DARK-HWY NOT LIGHTED,,,10/23/2020 8:26:37 AM,False,7735,Accepted,
27368008,0568000,LOUISVILLE METRO POLICE DEPT,Accepted,JEFFERSON,KY1447,,WESTPORT,RD,,I 0265,I265 N EXIT33 ON RAMP FROM KY1447,,,,,38.297763444,-85.547336192,6.768,10/22/2020 12:00:00 AM,1138,2,2,0,0,CLEAR,DRY,False,OTHER INTERSECTION COLLISIONS,REAR END,STRAIGHT & LEVEL,DAYLIGHT,,,10/23/2020 8:27:43 AM,False,7802,Accepted,
27368017,0568000,LOUISVILLE METRO POLICE DEPT,Accepted,JEFFERSON,KY2801,,SOUTHERN HEIGHTS,AVE,W,,3RD,,,,,38.189138954,-85.765353925,0.064,10/22/2020 12:00:00 AM,2306,2,2,0,0,CLEAR,DRY,False,ANGLE COLLISION - OTHER,ANGLE,STRAIGHT & LEVEL,DARK-HWY LIGHTED/ON,,,10/23/2020 8:29:01 AM,False,7963,Accepted,
27363631,0568000,LOUISVILLE METRO POLICE DEPT,Accepted,JEFFERSON,I 0064,,,,,,,,,,,38.248704292,-85.705108408,0.013,10/22/2020 12:00:00 AM,0234,1,1,0,1,CLEAR,DRY,False,COLLISION WITH FIXED OBJECT NOT IN GORE ,SINGLE VEHICLE,STRAIGHT & LEVEL,DARK-HWY LIGHTED/ON,I 0064,GRINSTEAD DR,10/22/2020 8:53:58 AM,False,7219,Accepted,
27363644,0568000,LOUISVILLE METRO POLICE DEPT,Accepted,JEFFERSON,,,CHAMBERLAIN,LN,,KY1447,WESTPORT,,,,,38.299626566,-85.541858468,2.131,10/22/2020 12:00:00 AM,0532,3,3,0,2,CLOUDY,DRY,False,OTHER INTERSECTION COLLISIONS,REAR END,STRAIGHT & LEVEL,DARK-HWY LIGHTED/ON,,,10/22/2020 8:54:50 AM,False,5155,Accepted,
27368042,0568000,LOUISVILLE METRO POLICE DEPT,Accepted,JEFFERSON,,,34TH,ST,S,,GREENWOOD,,,,,38.243153630,-85.809540904,1.343,10/22/2020 12:00:00 AM,1136,2,2,0,1,CLEAR,DRY,False,ANGLE COLLISION - OTHER,ANGLE,STRAIGHT & LEVEL,DAYLIGHT,,,10/23/2020 8:35:26 AM,False,7460,Accepted,
27381961,0568000,LOUISVILLE METRO POLICE DEPT,Accepted,JEFFERSON,KY1065,,OUTER,LOOP,,,MINOR,,,,,38.136266807,-85.697127138,5.468,10/22/2020 12:00:00 AM,1630,2,2,0,1,CLEAR,DRY,False,ANGLE COLLISION - OTHER,ANGLE,STRAIGHT & LEVEL,DAYLIGHT,,,10/27/2020 9:11:47 AM,False,7379,Accepted,
27406738,0568000,LOUISVILLE METRO POLICE DEPT,Accepted,JEFFERSON,,,DUTCHMANS,LN,,KY2048,CANNONS,,,,,38.226010268,-85.650536289,0.002,10/22/2020 12:00:00 AM,1300,2,2,0,1,CLEAR,DRY,False,ANGLE COLLISION - OTHER,ANGLE,STRAIGHT & LEVEL,DAYLIGHT,,,11/2/2020 1:14:41 PM,False,7793,Accepted,
27377476,0568000,LOUISVILLE METRO POLICE DEPT,Accepted,JEFFERSON,US0042,,BROWNSBORO,RD,,,MOCKINGBIRD VALLEY,,,,,38.263370705,-85.676279823,3.294,10/21/2020 12:00:00 AM,1036,2,2,0,1,CLEAR,DRY,False,ANGLE COLLISION - OTHER,ANGLE,STRAIGHT & LEVEL,DAYLIGHT,,,10/26/2020 10:05:23 AM,False,5317,Accepted,
27377302,0568000,LOUISVILLE METRO POLICE DEPT,Accepted,JEFFERSON,I 0265,,I265 E,,,,,,,,,38.112102276,-85.669618180,12.056,10/21/2020 12:00:00 AM,1728,3,3,0,0,CLOUDY,DRY,False,OTHER ROADWAY OR MID-BLOCK COLLISION,REAR END,STRAIGHT & LEVEL,DAYLIGHT,,,10/26/2020 9:48:23 AM,False,8278,Accepted,
27363579,0568000,LOUISVILLE METRO POLICE DEPT,Accepted,JEFFERSON,,,7TH,ST,S,,OAK,,,,,38.235452390,-85.765090147,1.257,10/21/2020 12:00:00 AM,1456,2,2,0,1,CLEAR,DRY,False,ANGLE COLLISION - ONE VEHICLE TURNING RIGHT,ANGLE,STRAIGHT & LEVEL,DAYLIGHT,,,10/22/2020 8:48:54 AM,False,7433,Accepted,
27363587,0568000,LOUISVILLE METRO POLICE DEPT,Accepted,JEFFERSON,KY0155,,TAYLORSVILLE,RD,,I 0265,I265 W EXIT23 ON RAMP FROM KY155,,,,,38.188456600,-85.510476206,6.148,10/21/2020 12:00:00 AM,1704,2,2,0,4,CLEAR,DRY,False,OPPOSING LEFT TURN,OPPOSING LEFT TURN,STRAIGHT & LEVEL,DAYLIGHT,,,10/22/2020 8:50:15 AM,False,7698,Accepted,
27363596,0568000,LOUISVILLE METRO POLICE DEPT,Accepted,JEFFERSON,US0031E,,BARDSTOWN,RD,,,WATTERSON,,,,,38.178981963,-85.622630396,8.412,10/21/2020 12:00:00 AM,1523,2,2,0,2,CLOUDY,DRY,False,OPPOSING LEFT TURN,OPPOSING LEFT TURN,STRAIGHT & LEVEL,DAYLIGHT,,,10/22/2020 8:51:12 AM,False,7294,Accepted,
27363589,0568000,LOUISVILLE METRO POLICE DEPT,Accepted,JEFFERSON,KY1450,11204,BLUE LICK,RD,,,,,,,,38.087631598,-85.699758551,0.104,10/21/2020 12:00:00 AM,1013,2,2,0,0,CLEAR,DRY,True,1 VEHICLE PARKED POSITION (NOT PARKING LOT/DRIVEWAY),ANGLE,CURVE & LEVEL,DAYLIGHT,,,10/22/2020 8:50:39 AM,False,2308,Accepted,
27363613,0568000,LOUISVILLE METRO POLICE DEPT,Accepted,JEFFERSON,,2610,WILSON,AVE,,,,,,,,38.234044541,-85.796782683,1.190,10/21/2020 12:00:00 AM,1945,2,2,0,0,CLEAR,DRY,False,1 VEHICLE ENTERING/LEAVING ENTRANCE,ANGLE,STRAIGHT & LEVEL,DARK-HWY LIGHTED/ON,,,10/22/2020 8:52:58 AM,False,7481,Accepted,
27363621,0568000,LOUISVILLE METRO POLICE DEPT,Accepted,JEFFERSON,US0031W,5138,DIXIE,HWY,,,,,,,,38.165780558,-85.829991003,13.126,10/21/2020 12:00:00 AM,1948,1,1,0,1,CLEAR,DRY,False,COLLISION IN PARKING LOT,SINGLE VEHICLE,STRAIGHT & LEVEL,OTHER,,,10/22/2020 8:53:29 AM,False,5059,Accepted,
27367857,0568000,LOUISVILLE METRO POLICE DEPT,Accepted,JEFFERSON,KY0155,2225,TAYLORSVILLE,RD,,,,US0031E,BARDSTOWN,,WALLACE,38.223371024,-85.683302456,16.461,10/21/2020 12:00:00 AM,1322,2,2,0,1,CLEAR,DRY,False,1 VEHICLE ENTERING/LEAVING ENTRANCE,ANGLE,STRAIGHT & GRADE,DAYLIGHT,,,10/23/2020 8:21:55 AM,False,7746,Accepted,
27367859,0568000,LOUISVILLE METRO POLICE DEPT,Accepted,JEFFERSON,KY1865,3900,TAYLOR,BLVD,,,,,,,,38.186644299,-85.783801119,5.530,10/21/2020 12:00:00 AM,1503,3,3,0,1,CLOUDY,DRY,True,1 VEHICLE ENTERING/LEAVING ENTRANCE,ANGLE,STRAIGHT & LEVEL,DAYLIGHT,,,10/23/2020 8:22:51 AM,False,6456,Accepted,
27363552,0568000,LOUISVILLE METRO POLICE DEPT,Accepted,JEFFERSON,I 0065,,,,,,,,,,,38.158575248,-85.721817166,0.415,10/21/2020 12:00:00 AM,0737,2,2,0,0,CLEAR,WET,False,OTHER RAMP RELATED COLLISIONS NOT LISTED ABOVE,REAR END,STRAIGHT & LEVEL,DAYLIGHT,I 0065,KY1631,10/22/2020 8:44:40 AM,False,4903,Accepted,
27363562,0568000,LOUISVILLE METRO POLICE DEPT,Accepted,JEFFERSON,,,34TH,ST,S,,RIVER PARK,,,,,38.254510050,-85.807589664,0.542,10/21/2020 12:00:00 AM,1041,2,2,0,1,CLEAR,DRY,True,ANGLE COLLISION - OTHER,ANGLE,STRAIGHT & LEVEL,DAYLIGHT,,,10/22/2020 8:46:19 AM,False,5338,Accepted,
27363581,0568000,LOUISVILLE METRO POLICE DEPT,Accepted,JEFFERSON,US0060,7621,SHELBYVILLE,RD,,,,,CHRISTIAN,,ARTERBURN,38.248960449,-85.607939203,6.157,10/21/2020 12:00:00 AM,1500,2,2,0,0,CLEAR,DRY,True,SIDESWIPE COLLISION - SAME DIRECTION,SIDESWIPE-SAME DIRECTION,STRAIGHT & LEVEL,DAYLIGHT,,,10/22/2020 8:49:30 AM,False,5304,Accepted,
27367995,0568000,LOUISVILLE METRO POLICE DEPT,Accepted,JEFFERSON,,1200BLK,4TH,ST,S,,,,,,,38.233909514,-85.760574014,1.582,10/21/2020 12:00:00 AM,1422,4,4,0,0,CLEAR,DRY,False,1 VEHICLE PARKED POSITION (NOT PARKING LOT/DRIVEWAY),SIDESWIPE-SAME DIRECTION,STRAIGHT & LEVEL,DAYLIGHT,,,10/23/2020 8:26:10 AM,False,5111,Accepted,
27367860,0568000,LOUISVILLE METRO POLICE DEPT,Accepted,JEFFERSON,US0150,,BROADWAY,,W,,,,ROY WILKINS,,10TH,38.247078449,-85.767545428,1.877,10/21/2020 12:00:00 AM,1400,2,2,0,0,CLEAR,DRY,False,1 VEHICLE PARKED POSITION (NOT PARKING LOT/DRIVEWAY),SIDESWIPE-SAME DIRECTION,STRAIGHT & LEVEL,DAYLIGHT,,,10/23/2020 8:23:20 AM,False,2403,Accepted,
27367863,0568000,LOUISVILLE METRO POLICE DEPT,Accepted,JEFFERSON,,2324,GREENWOOD,AVE,,,,,,,,38.241323561,-85.790824033,2.238,10/21/2020 12:00:00 AM,1158,3,3,0,0,CLEAR,DRY,False,1 VEHICLE PARKED POSITION (NOT PARKING LOT/DRIVEWAY),SIDESWIPE-SAME DIRECTION,STRAIGHT & LEVEL,DAYLIGHT,,,10/23/2020 8:24:14 AM,False,5312,Accepted,
27363582,0568000,LOUISVILLE METRO POLICE DEPT,Accepted,JEFFERSON,US0060,7621,SHELBYVILLE,RD,,,,,,,,38.248990273,-85.608097790,6.148,10/21/2020 12:00:00 AM,1500,2,2,0,0,CLEAR,DRY,True,REAR END IN TRAFFIC LANES BOTH VEHICLES MOVING,REAR END,STRAIGHT & LEVEL,DAYLIGHT,,,10/22/2020 8:49:37 AM,False,5304,Accepted,
27363583,0568000,LOUISVILLE METRO POLICE DEPT,Accepted,JEFFERSON,KY1447,,WESTPORT,RD,,,,,,,,38.299150784,-85.542538170,6.991,10/21/2020 12:00:00 AM,1157,3,3,0,3,CLEAR,DRY,False,REAR END IN TRAFFIC LANES BOTH VEHICLES MOVING,REAR END,STRAIGHT & LEVEL,DAYLIGHT,,,10/22/2020 8:49:42 AM,False,2489,Accepted,
27363590,0568000,LOUISVILLE METRO POLICE DEPT,Accepted,JEFFERSON,I 0264,,I264 E,,,,,I 0264,I264 E EXIT18 OFF RAMP TO KY1932,I 0264,I264 E EXIT17 ON RAMP FROM KY155,38.224411111,-85.644424274,17.396,10/21/2020 12:00:00 AM,1221,2,2,0,1,CLEAR,DRY,True,SIDESWIPE COLLISION - SAME DIRECTION,SIDESWIPE-SAME DIRECTION,STRAIGHT & LEVEL,DAYLIGHT,,,10/22/2020 8:50:46 AM,False,7482,Accepted,
27363591,0568000,LOUISVILLE METRO POLICE DEPT,Accepted,JEFFERSON,,2900,BROADWAY,,W,,,,,,,38.249668829,-85.800126277,0.630,10/21/2020 12:00:00 AM,1249,2,2,0,0,CLEAR,DRY,False,COLLISION IN PARKING LOT,ANGLE,STRAIGHT & LEVEL,DAYLIGHT,,,10/22/2020 8:51:01 AM,False,5300,Accepted,
27363607,0568000,LOUISVILLE METRO POLICE DEPT,Accepted,JEFFERSON,,8300,ST ANDREWS CHURCH,RD,,,,,,,,38.154227501,-85.811832481,0.158,10/21/2020 12:00:00 AM,1922,2,2,0,0,CLEAR,DRY,True,REAR END IN TRAFFIC LANES BOTH VEHICLES MOVING,REAR END,CURVE & LEVEL,DUSK,,,10/22/2020 8:52:27 AM,False,5298,Accepted,
27364763,0561500,UNIV. OF LOUISVILLE POLICE,Accepted,JEFFERSON,,430,CARDINAL,BLVD,W,,,,,,,38.220937323,-85.764163719,0.346,10/21/2020 12:00:00 AM,2137,1,1,0,0,CLEAR,DRY,False,COLLISION IN PARKING LOT,SINGLE VEHICLE,STRAIGHT & LEVEL,DARK-HWY LIGHTED/ON,,,10/22/2020 1:59:15 PM,False,5690,Accepted,
27363625,0568000,LOUISVILLE METRO POLICE DEPT,Accepted,JEFFERSON,KY0061,,PRESTON,HWY,,,CHATEAU,,,,,38.147486968,-85.691742111,4.632,10/21/2020 12:00:00 AM,2227,2,2,0,1,CLEAR,DRY,True,ANGLE COLLISION - OTHER,ANGLE,STRAIGHT & LEVEL,DARK-HWY LIGHTED/ON,,,10/22/2020 8:53:49 AM,False,5040,Accepted,
27363559,0568000,LOUISVILLE METRO POLICE DEPT,Accepted,JEFFERSON,KY1819,,BILLTOWN,RD,,,MICHAEL EDWARD,,,,,38.171496862,-85.572806621,7.546,10/21/2020 12:00:00 AM,0540,2,2,0,0,CLEAR,DRY,False,ANGLE COLLISION - OTHER,ANGLE,STRAIGHT & LEVEL,DARK-HWY NOT LIGHTED,,,10/22/2020 8:45:52 AM,False,2775,Accepted,
27363560,0568000,LOUISVILLE METRO POLICE DEPT,Accepted,JEFFERSON,,,HERMAN,ST,,,SHAWNEE,,,,,38.262576174,-85.824432854,0.960,10/21/2020 12:00:00 AM,0914,2,2,0,1,CLEAR,DRY,False,ANGLE COLLISION - OTHER,ANGLE,STRAIGHT & LEVEL,DAYLIGHT,,,10/22/2020 8:46:07 AM,False,5338,Accepted,
27363567,0568000,LOUISVILLE METRO POLICE DEPT,Accepted,JEFFERSON,,,GOLDSMITH,LN,,,,,,,,38.207968817,-85.669576079,1.007,10/21/2020 12:00:00 AM,0745,2,2,0,1,CLEAR,DRY,False,1 VEHICLE ENTERING/LEAVING ENTRANCE,ANGLE,STRAIGHT & LEVEL,DAWN,,,10/22/2020 8:47:13 AM,False,4693,Accepted,
27377279,0568000,LOUISVILLE METRO POLICE DEPT,Accepted,JEFFERSON,KY2052,5600,SHEPHERDSVILLE,RD,,,,,,,,38.166533025,-85.661153151,1.934,10/21/2020 12:00:00 AM,0305,1,1,0,0,CLEAR,DRY,False,COLLISION IN PARKING LOT,SINGLE VEHICLE,STRAIGHT & LEVEL,DARK-HWY LIGHTED/ON,,,10/26/2020 9:45:33 AM,False,7948,Accepted,
27377303,0568000,LOUISVILLE METRO POLICE DEPT,Accepted,JEFFERSON,I 0264,,I264 W,,,,,,,,,38.189728330,-85.779263770,9.456,10/21/2020 12:00:00 AM,1625,2,2,0,2,CLOUDY,DRY,False,REAR END IN TRAFFIC LANES BOTH VEHICLES MOVING,REAR END,CURVE & LEVEL,DAYLIGHT,,,10/26/2020 9:48:52 AM,False,8278,Accepted,