IncidentID,AgencyORI,AgencyName,IncidentStatusDesc,County,RdwyNumber,Street,RoadwayName,StreetSfx,StreetDir,IntersectionRdwy,IntersectionRdwyName,BetweenStRdwy1,BetweenStRdwyName1,BetweenStRdwy2,BetweenStRdwyName2,Latitude,Longitude,Milepoint,CollisionDate,CollisionTime,UnitsInvolved,MotorVehiclesInvolved,NumberKilled,NumberInjured,Weather,RdwyConditionCode,HitandRun,DirAnalysisCode,MannerofCollision,RdwyCharacter,LightCondition,RampFromRdwyId,RampToRdwyId,AcceptedDate,IsSecondaryCollision,OwnerBadge,IncidentStatus,
27377245,0568000,LOUISVILLE METRO POLICE DEPT,Accepted,JEFFERSON,,3913,BANK,ST,,,,,,,,38.271910237,-85.811318357,0.359,10/21/2020 12:00:00 AM,1413,1,1,0,0,CLEAR,DRY,False,COLLISION WITH FIXED OBJECT NON - INTERSECTION - FIRST EVENT COLLISION 09 - 32 EXCLUDING 16,SINGLE VEHICLE,STRAIGHT & LEVEL,DAYLIGHT,,,10/26/2020 9:39:57 AM,False,5190,Accepted,
27377288,0568000,LOUISVILLE METRO POLICE DEPT,Accepted,JEFFERSON,,,BLUEGRASS,AVE,,,HAZELWOOD,,,,,38.179433656,-85.788247481,0.581,10/21/2020 12:00:00 AM,0650,2,2,0,0,CLEAR,DRY,False,OPPOSING LEFT TURN,OPPOSING LEFT TURN,STRAIGHT & LEVEL,DAWN,,,10/26/2020 9:46:18 AM,False,5284,Accepted,
27367861,0568000,LOUISVILLE METRO POLICE DEPT,Accepted,JEFFERSON,I 0065,,I65 S,,,,,,,,,38.216463360,-85.752330389,133.200,10/21/2020 12:00:00 AM,1237,2,2,0,0,CLEAR,DRY,True,SIDESWIPE COLLISION - SAME DIRECTION,SIDESWIPE-SAME DIRECTION,STRAIGHT & GRADE,DAYLIGHT,,,10/23/2020 8:23:57 AM,False,8278,Accepted,
27367997,0568000,LOUISVILLE METRO POLICE DEPT,Accepted,JEFFERSON,,,4TH,ST,S,US0060A,WINKLER,,,,,38.210364436,-85.764690768,3.220,10/21/2020 12:00:00 AM,1703,2,2,0,3,CLEAR,DRY,False,OPPOSING LEFT TURN,OPPOSING LEFT TURN,STRAIGHT & LEVEL,DAYLIGHT,,,10/23/2020 8:26:21 AM,False,5111,Accepted,
27419035,0568000,LOUISVILLE METRO POLICE DEPT,Accepted,JEFFERSON,KY3064,,PORTLAND,AVE,,,24TH,,,,,38.270005605,-85.787147165,0.273,10/21/2020 12:00:00 AM,1242,2,2,0,1,CLEAR,DRY,True,REAR END - ONE VEHICLE TURNING LEFT,REAR END,STRAIGHT & LEVEL,DUSK,,,11/5/2020 9:31:30 AM,False,7405,Accepted,
27442733,0568000,LOUISVILLE METRO POLICE DEPT,Accepted,JEFFERSON,I 0264,,I264 W,,,,,I 0065,I264 W EXIT12 OFF RAMP TO,I 0264,I264 W EXIT14 ON RAMP FROM KY864,38.192371413,-85.713264232,12.995,10/21/2020 12:00:00 AM,1539,2,2,0,0,CLEAR,DRY,False,REAR END IN TRAFFIC LANES BOTH VEHICLES MOVING,REAR END,STRAIGHT & LEVEL,DAYLIGHT,,,11/11/2020 8:32:38 AM,False,7938,Accepted,
27381958,0568000,LOUISVILLE METRO POLICE DEPT,Accepted,JEFFERSON,,4200,BISHOP,LN,,,,,,,,38.191319403,-85.688759617,0.631,10/20/2020 12:00:00 AM,0205,2,1,1,0,RAINING,WET,False,COLLISION WITH PEDESTRIAN NON - INTERSECTION,SINGLE VEHICLE,STRAIGHT & LEVEL,DARK-HWY LIGHTED/ON,,,10/27/2020 9:11:25 AM,False,2217,Accepted,
27414496,0568000,LOUISVILLE METRO POLICE DEPT,Accepted,JEFFERSON,US0150,,BROADWAY,,W,,17TH,,,,,38.248793133,-85.779836195,1.183,10/20/2020 12:00:00 AM,1950,2,2,0,1,CLEAR,DRY,False,ANGLE COLLISION - OTHER,ANGLE,STRAIGHT & LEVEL,DARK-HWY LIGHTED/ON,,,11/4/2020 10:03:15 AM,False,5047,Accepted,
27363566,0568000,LOUISVILLE METRO POLICE DEPT,Accepted,JEFFERSON,,,RIVER,RD,,,RIVERSIDE,,,,,38.294016292,-85.674353729,1.604,10/20/2020 12:00:00 AM,1722,1,1,0,0,CLEAR,DRY,False,OTHER INTERSECTION COLLISIONS,SINGLE VEHICLE,STRAIGHT & LEVEL,DAYLIGHT,,,10/22/2020 8:47:00 AM,False,7313,Accepted,
27358905,0564400,INDIAN HILLS POLICE DEPARTMENT,Accepted,JEFFERSON,US0042,,BROWNSBORO,RD,,KY1932,CHENOWETH,,,,,38.265817491,-85.665859238,3.890,10/20/2020 12:00:00 AM,0746,2,2,0,0,OTHER,WET,False,OPPOSING LEFT TURN,OPPOSING LEFT TURN,STRAIGHT & LEVEL,DARK (UNKNOWN ROADWAY LIGHTING),,,10/21/2020 9:14:57 AM,False,4401,Accepted,
27363627,0568000,LOUISVILLE METRO POLICE DEPT,Accepted,JEFFERSON,US0031W,,DIXIE,HWY,,,,,BLANTON,,FLINTLOCK,38.158006224,-85.833821780,12.581,10/20/2020 12:00:00 AM,1645,2,2,0,0,CLOUDY,DRY,True,SIDESWIPE COLLISION - SAME DIRECTION,SIDESWIPE-SAME DIRECTION,STRAIGHT & LEVEL,DAYLIGHT,,,10/22/2020 8:53:54 AM,False,7181,Accepted,
27358812,0568000,LOUISVILLE METRO POLICE DEPT,Accepted,JEFFERSON,KY1631,,CRITTENDEN,DR,,,SIOUX,,,,,38.192271228,-85.750902956,0.302,10/20/2020 12:00:00 AM,1644,2,2,0,0,CLOUDY,DRY,True,ANGLE COLLISION - ONE VEHICLE TURNING LEFT,ANGLE,STRAIGHT & LEVEL,DAYLIGHT,,,10/21/2020 8:54:39 AM,False,5052,Accepted,
27358821,0568000,LOUISVILLE METRO POLICE DEPT,Accepted,JEFFERSON,KY0907,7742,3RD ST,RD,,,,,,,,38.133617458,-85.789896002,5.153,10/20/2020 12:00:00 AM,1726,1,1,0,0,CLOUDY,DRY,False,RAN OFF ROADWAY (1 VEHICLE WITH/EARTH EMBANKMENT/DITCH),SINGLE VEHICLE,STRAIGHT & LEVEL,DAYLIGHT,,,10/21/2020 8:54:58 AM,False,7234,Accepted,
27358838,0568000,LOUISVILLE METRO POLICE DEPT,Accepted,JEFFERSON,US0031W,,MAIN,ST,W,,16TH,,,,,38.258827795,-85.776376134,20.844,10/20/2020 12:00:00 AM,2000,2,2,0,3,CLEAR,DRY,False,ANGLE COLLISION - OTHER,ANGLE,STRAIGHT & LEVEL,DARK-HWY LIGHTED/ON,,,10/21/2020 8:55:21 AM,False,5275,Accepted,
27358844,0568000,LOUISVILLE METRO POLICE DEPT,Accepted,JEFFERSON,,,PAGES,LN,W,KY1727,TERRY,,,,,38.131101847,-85.874331330,1.432,10/20/2020 12:00:00 AM,2237,2,2,0,0,CLEAR,DRY,True,ANGLE COLLISION - OTHER,ANGLE,STRAIGHT & LEVEL,DARK-HWY LIGHTED/ON,,,10/21/2020 8:56:34 AM,False,5170,Accepted,
27359741,0561500,UNIV. OF LOUISVILLE POLICE,Accepted,JEFFERSON,KY1020,,3RD,ST,S,,IOWA,,,,,38.207410700,-85.763825341,9.692,10/20/2020 12:00:00 AM,1403,2,2,0,0,CLOUDY,WET,False,ANGLE COLLISION - OTHER,ANGLE,STRAIGHT & LEVEL,DAYLIGHT,,,10/21/2020 12:31:33 PM,False,5700,Accepted,
27363557,0568000,LOUISVILLE METRO POLICE DEPT,Accepted,JEFFERSON,US0150,,BROADWAY,,W,,16TH,,,,,38.248508085,-85.778242170,1.286,10/20/2020 12:00:00 AM,0938,2,1,0,0,RAINING,WET,True,COLLISION WITH PEDESTRIAN IN INTERSECTION,SINGLE VEHICLE,STRAIGHT & LEVEL,DAYLIGHT,,,10/22/2020 8:45:43 AM,False,7058,Accepted,
27353874,0568000,LOUISVILLE METRO POLICE DEPT,Accepted,JEFFERSON,,611,JEFFERSON,ST,E,,,,,,,38.252205544,-85.741797591,0.487,10/20/2020 12:00:00 AM,0003,1,1,0,0,RAINING,WET,False,COLLISION WITH FIXED OBJECT NON - INTERSECTION - FIRST EVENT COLLISION 09 - 32 EXCLUDING 16,SINGLE VEHICLE,STRAIGHT & LEVEL,DARK-HWY LIGHTED/ON,,,10/20/2020 8:14:46 AM,False,5122,Accepted,
27358785,0568000,LOUISVILLE METRO POLICE DEPT,Accepted,JEFFERSON,I 0265,,I265 S,,,,,,,,,38.311452018,-85.576059311,34.304,10/20/2020 12:00:00 AM,0910,1,1,0,0,RAINING,WET,False,COLLISION WITH FIXED OBJECT NON - INTERSECTION - FIRST EVENT COLLISION 09 - 32 EXCLUDING 16,SINGLE VEHICLE,STRAIGHT & LEVEL,DAYLIGHT,,,10/21/2020 8:48:35 AM,False,7615,Accepted,
27358786,0568000,LOUISVILLE METRO POLICE DEPT,Accepted,JEFFERSON,KY1747,3415,FERN VALLEY,RD,,,,,,,,38.156930502,-85.700911615,1.717,10/20/2020 12:00:00 AM,0926,2,2,0,1,RAINING,WET,False,1 VEHICLE ENTERING/LEAVING ENTRANCE,ANGLE,STRAIGHT & LEVEL,DAYLIGHT,,,10/21/2020 8:49:05 AM,False,2017,Accepted,
27358788,0568000,LOUISVILLE METRO POLICE DEPT,Accepted,JEFFERSON,US0060,,SHELBYVILLE,RD,,,WILDWOOD,,,,,38.246127206,-85.573039686,8.070,10/20/2020 12:00:00 AM,1000,4,4,0,1,RAINING,WET,False,OTHER INTERSECTION COLLISIONS,REAR END,STRAIGHT & LEVEL,DAYLIGHT,,,10/21/2020 8:49:40 AM,False,2013,Accepted,
27358796,0568000,LOUISVILLE METRO POLICE DEPT,Accepted,JEFFERSON,US0031E,,BARDSTOWN,RD,,,GRINSTEAD,,,,,38.238614803,-85.720931733,15.324,10/20/2020 12:00:00 AM,1023,3,3,0,1,RAINING,WET,False,SIDESWIPE-SAME DIRECTION,SIDESWIPE-SAME DIRECTION,STRAIGHT & LEVEL,DAWN,,,10/21/2020 8:52:01 AM,False,5020,Accepted,
27358802,0568000,LOUISVILLE METRO POLICE DEPT,Accepted,JEFFERSON,US0031E,,BARDSTOWN,RD,,,,,BROOKRIDGE VILLAGE,,CEDARLOOK,38.146525930,-85.585613613,5.293,10/20/2020 12:00:00 AM,1623,2,2,0,0,CLOUDY,DRY,False,REAR END IN TRAFFIC LANES BOTH VEHICLES MOVING,REAR END,STRAIGHT & GRADE,DAYLIGHT,,,10/21/2020 8:53:03 AM,False,5336,Accepted,
27358803,0568000,LOUISVILLE METRO POLICE DEPT,Accepted,JEFFERSON,,,SMYRNA,PKWY,,,,,,,,38.110997662,-85.646741841,1.904,10/20/2020 12:00:00 AM,0128,1,1,0,0,RAINING,WET,False,COLLISION WITH FIXED OBJECT NON - INTERSECTION - FIRST EVENT COLLISION 09 - 32 EXCLUDING 16,SINGLE VEHICLE,CURVE & LEVEL,DARK-HWY LIGHTED/ON,,,10/21/2020 8:53:32 AM,False,7474,Accepted,
27358804,0568000,LOUISVILLE METRO POLICE DEPT,Accepted,JEFFERSON,,,CHESTNUT,ST,W,,7TH,,,,,38.249541231,-85.763004900,2.081,10/20/2020 12:00:00 AM,1724,2,2,0,0,CLOUDY,DRY,True,SIDESWIPE-SAME DIRECTION,SIDESWIPE-SAME DIRECTION,STRAIGHT & LEVEL,DAYLIGHT,,,10/21/2020 8:53:46 AM,False,7229,Accepted,
27353880,0568000,LOUISVILLE METRO POLICE DEPT,Accepted,JEFFERSON,,,MARIGOLD,AVE,,,LOTUS,,,,,38.166720207,-85.717278053,0.506,10/20/2020 12:00:00 AM,0527,2,2,0,1,RAINING,WET,False,OTHER INTERSECTION COLLISIONS,REAR END,STRAIGHT & LEVEL,DARK-HWY LIGHTED/ON,,,10/20/2020 8:15:19 AM,False,5269,Accepted,
27353882,0568000,LOUISVILLE METRO POLICE DEPT,Accepted,JEFFERSON,I 0264,,I264 W,,,I 0264,I264 W EXIT16 ON RAMP FROM US31E N,,,,,38.212918289,-85.668161752,15.878,10/20/2020 12:00:00 AM,0300,2,2,0,0,RAINING,WET,False,OTHER INTERSECTION COLLISIONS,REAR END,STRAIGHT & HILLCREST,DARK-HWY LIGHTED/ON,,,10/20/2020 8:15:24 AM,False,7101,Accepted,
27353883,0568000,LOUISVILLE METRO POLICE DEPT,Accepted,JEFFERSON,I 0065,,I65 S EXIT132 OFF RAMP TO CRITTENDEN,DR,S,,,,,,,38.208151552,-85.752332678,0.033,10/20/2020 12:00:00 AM,0140,1,1,0,0,RAINING,WET,False,COLLISION WITH FIXED OBJECT NOT IN GORE ,SINGLE VEHICLE,CURVE & LEVEL,DARK-HWY LIGHTED/ON,I 0065,CRITTENDEN DR,10/20/2020 8:15:33 AM,False,7426,Accepted,
27358794,0568000,LOUISVILLE METRO POLICE DEPT,Accepted,JEFFERSON,KY1747,,FERN VALLEY,RD,,KY1747,KY1747 CROSSOVER,,,,,38.156107902,-85.657162833,4.117,10/20/2020 12:00:00 AM,0812,2,2,0,1,RAINING,WET,False,ANGLE COLLISION - OTHER,ANGLE,STRAIGHT & LEVEL,DAWN,,,10/21/2020 8:51:30 AM,False,4693,Accepted,
27353876,0568000,LOUISVILLE METRO POLICE DEPT,Accepted,JEFFERSON,I 0065,,I65 N,,,,,,,,,38.166129767,-85.720914011,128.897,10/20/2020 12:00:00 AM,0126,2,2,0,0,RAINING,WET,False,1 VEHICLE PARKED POSITION (NOT PARKING LOT/DRIVEWAY),ANGLE,STRAIGHT & LEVEL,DARK-HWY LIGHTED/ON,,,10/20/2020 8:14:59 AM,False,5318,Accepted,
27353887,0568000,LOUISVILLE METRO POLICE DEPT,Accepted,JEFFERSON,KY0907,,3RD ST,RD,,,,,ARNOLDTOWN,KY2055,MANSLICK,38.124078760,-85.798061267,4.355,10/20/2020 12:00:00 AM,0516,2,2,0,2,RAINING,WET,False,SIDESWIPE COLLISION - OPPOSITE DIRECTION,SIDESWIPE-OPPOSITE DIRECTION,CURVE & LEVEL,DARK-HWY NOT LIGHTED,,,10/20/2020 8:15:40 AM,False,7321,Accepted,
27358801,0568000,LOUISVILLE METRO POLICE DEPT,Accepted,JEFFERSON,I 0264,,I264 E,,,,,,,,,38.185770628,-85.804887726,7.928,10/20/2020 12:00:00 AM,1613,1,1,0,1,CLEAR,DRY,False,OTHER ROADWAY OR MID-BLOCK COLLISION,SINGLE VEHICLE,STRAIGHT & LEVEL,DAYLIGHT,,,10/21/2020 8:52:53 AM,False,7360,Accepted,
27358839,0568000,LOUISVILLE METRO POLICE DEPT,Accepted,JEFFERSON,,1320,DIXIE,HWY,,,,,WILSON,,WILSON,38.234196278,-85.788083178,1.070,10/20/2020 12:00:00 AM,2153,2,2,0,0,CLEAR,DRY,False,OTHER ROADWAY OR MID-BLOCK COLLISION,OPPOSING LEFT TURN,STRAIGHT & LEVEL,DARK (UNKNOWN ROADWAY LIGHTING),,,10/21/2020 8:55:46 AM,False,7995,Accepted,
27368041,0568000,LOUISVILLE METRO POLICE DEPT,Accepted,JEFFERSON,KY0841,,GENE SNYDER,FWY,,,,,,,,38.118489105,-85.765117445,6.703,10/20/2020 12:00:00 AM,1515,1,1,0,0,CLOUDY,DRY,True,OTHER COLLISIONS ON SHOULDER,SINGLE VEHICLE,STRAIGHT & LEVEL,DAYLIGHT,,,10/23/2020 8:35:22 AM,False,8278,Accepted,
27377335,0568000,LOUISVILLE METRO POLICE DEPT,Accepted,JEFFERSON,I 0264,,I264 E,,,,,,,,,38.188715443,-85.783503212,9.124,10/20/2020 12:00:00 AM,0953,2,2,0,1,RAINING,WET,False,REAR END IN TRAFFIC LANES BOTH VEHICLES MOVING,REAR END,STRAIGHT & LEVEL,DAYLIGHT,,,10/26/2020 9:51:53 AM,False,7334,Accepted,
27355599,0561000,JEFFERSONTOWN POLICE DEPT,Accepted,JEFFERSON,KY1747,,HURSTBOURNE,PKWY,S,I 0064,I64 E EXIT15 ON RAMP FROM KY1747 N,,,,,38.221086588,-85.580167578,11.726,10/20/2020 12:00:00 AM,1245,2,2,0,0,CLOUDY,WET,False,OTHER INTERSECTION COLLISIONS,REAR END,STRAIGHT & LEVEL,DAYLIGHT,,,10/20/2020 3:08:50 PM,False,8287,Accepted,
27358784,0568000,LOUISVILLE METRO POLICE DEPT,Accepted,JEFFERSON,KY0061,,PRESTON,HWY,,,BOERSTE,,,,,38.113919623,-85.676123485,2.119,10/20/2020 12:00:00 AM,0848,2,2,0,0,RAINING,WET,False,OTHER INTERSECTION COLLISIONS,REAR END,STRAIGHT & LEVEL,DAYLIGHT,,,10/21/2020 8:47:34 AM,False,7989,Accepted,
27358798,0568000,LOUISVILLE METRO POLICE DEPT,Accepted,JEFFERSON,US0150,,BROADWAY,,W,,19TH,,,,,38.249056240,-85.783169880,1.009,10/20/2020 12:00:00 AM,1208,2,1,0,1,CLOUDY,WET,True,COLLISION WITH PEDESTRIAN IN INTERSECTION,SINGLE VEHICLE,STRAIGHT & LEVEL,DAYLIGHT,,,10/21/2020 8:52:10 AM,False,7463,Accepted,
27358799,0568000,LOUISVILLE METRO POLICE DEPT,Accepted,JEFFERSON,I 0064,,I64 W,,,,,,,,,38.261558175,-85.726350877,6.000,10/20/2020 12:00:00 AM,1248,2,2,0,1,CLOUDY,WET,False,REAR END IN TRAFFIC LANES BOTH VEHICLES MOVING,REAR END,CURVE & GRADE,DAYLIGHT,,,10/21/2020 8:52:31 AM,False,8278,Accepted,
27358809,0568000,LOUISVILLE METRO POLICE DEPT,Accepted,JEFFERSON,US0042,3630,BROWNSBORO,RD,,,,,,,,38.265017756,-85.668885579,3.718,10/20/2020 12:00:00 AM,1215,1,1,0,1,CLOUDY,WET,False,OCCUPANT FELL FROM MOVING VEHICLE,SINGLE VEHICLE,STRAIGHT & LEVEL,DAYLIGHT,,,10/21/2020 8:54:16 AM,False,7632,Accepted,
27358817,0568000,LOUISVILLE METRO POLICE DEPT,Accepted,JEFFERSON,,,LOWER HUNTERS,TRCE,,,CADY,,,,,38.162063619,-85.856145333,1.271,10/20/2020 12:00:00 AM,1655,2,2,0,1,CLOUDY,DRY,False,OPPOSING LEFT TURN,OPPOSING LEFT TURN,STRAIGHT & LEVEL,DAYLIGHT,,,10/21/2020 8:54:51 AM,False,5329,Accepted,
27358826,0568000,LOUISVILLE METRO POLICE DEPT,Accepted,JEFFERSON,KY1703,,NEWBURG,RD,,,GARDINER,,,,,38.203181721,-85.690896146,2.396,10/20/2020 12:00:00 AM,0542,2,2,0,0,RAINING,WET,False,OTHER INTERSECTION COLLISIONS,REAR END,STRAIGHT & HILLCREST,DARK-HWY LIGHTED/ON,,,10/21/2020 8:55:03 AM,False,7101,Accepted,
27358833,0568000,LOUISVILLE METRO POLICE DEPT,Accepted,JEFFERSON,KY2251,,BARDSTOWN,RD,,,HIKES,,,,,38.199057180,-85.659927696,1.044,10/19/2020 12:00:00 AM,0648,2,2,0,0,CLEAR,DRY,False,OTHER INTERSECTION COLLISIONS,REAR END,STRAIGHT & LEVEL,DAWN,,,10/21/2020 8:55:13 AM,False,7492,Accepted,
27353867,0568000,LOUISVILLE METRO POLICE DEPT,Accepted,JEFFERSON,,,RAGGARD,RD,,,,,,,,38.174236476,-85.870953652,0.026,10/19/2020 12:00:00 AM,1440,2,2,0,1,CLOUDY,WET,False,COLLISION IN PARKING LOT,ANGLE,STRAIGHT & LEVEL,DAYLIGHT,,,10/20/2020 8:14:08 AM,False,7234,Accepted,
27358791,0568000,LOUISVILLE METRO POLICE DEPT,Accepted,JEFFERSON,KY0061,,PRESTON,HWY,,,,,,,,38.165164787,-85.702783118,6.017,10/19/2020 12:00:00 AM,1209,2,2,0,0,RAINING,WET,False,REAR END IN TRAFFIC LANES BOTH VEHICLES MOVING,REAR END,STRAIGHT & LEVEL,DAYLIGHT,,,10/21/2020 8:50:22 AM,False,4693,Accepted,
27358792,0568000,LOUISVILLE METRO POLICE DEPT,Accepted,JEFFERSON,KY0864,,FEGENBUSH,LN,,,,,,,,38.155254317,-85.636434549,6.093,10/19/2020 12:00:00 AM,1401,3,3,0,1,CLOUDY,WET,False,1 VEHICLE ENTERING/LEAVING ENTRANCE,ANGLE,CURVE & GRADE,DAYLIGHT,,,10/21/2020 8:50:41 AM,False,4693,Accepted,
27353845,0568000,LOUISVILLE METRO POLICE DEPT,Accepted,JEFFERSON,KY1447,,WESTPORT,RD,,,,,,,,38.280919337,-85.588967140,4.202,10/19/2020 12:00:00 AM,1325,4,4,0,3,RAINING,WET,False,SIDESWIPE COLLISION - OPPOSITE DIRECTION,SIDESWIPE-OPPOSITE DIRECTION,STRAIGHT & GRADE,DAYLIGHT,,,10/20/2020 8:12:41 AM,True,7615,Accepted,
27353846,0568000,LOUISVILLE METRO POLICE DEPT,Accepted,JEFFERSON,,4111,RALPH,AVE,,,LIKENS,,,,,38.210906821,-85.834901159,2.104,10/19/2020 12:00:00 AM,1437,1,1,0,0,RAINING,WET,False,COLLISION WITH FIXED OBJECT IN INTERSECTION - FIRST EVENT COLLISION 09 - 32,SINGLE VEHICLE,STRAIGHT & LEVEL,DAYLIGHT,,,10/20/2020 8:12:46 AM,False,5208,Accepted,
27349614,0568000,LOUISVILLE METRO POLICE DEPT,Accepted,JEFFERSON,KY1447,,WESTPORT,RD,,,,,,,,38.296785746,-85.551140958,6.511,10/19/2020 12:00:00 AM,0545,2,2,0,0,CLOUDY,WET,False,REAR END IN TRAFFIC LANES BOTH VEHICLES MOVING,REAR END,STRAIGHT & LEVEL,DARK-HWY LIGHTED/ON,,,10/19/2020 9:06:23 AM,False,7785,Accepted,
27349615,0568000,LOUISVILLE METRO POLICE DEPT,Accepted,JEFFERSON,,,CENTRAL,AVE,,US0060A,TAYLOR,,,,,38.206333439,-85.776203094,1.028,10/19/2020 12:00:00 AM,0027,2,2,0,2,RAINING,WET,False,ANGLE COLLISION - OTHER,ANGLE,STRAIGHT & LEVEL,DUSK,,,10/19/2020 9:06:28 AM,False,7291,Accepted,
27349616,0568000,LOUISVILLE METRO POLICE DEPT,Accepted,JEFFERSON,I 0264,,I264 W,,,,,,,,,38.190819737,-85.723250196,12.436,10/19/2020 12:00:00 AM,0230,1,1,0,0,RAINING,WET,False,OTHER COLLISIONS ON SHOULDER,SINGLE VEHICLE,STRAIGHT & LEVEL,DUSK,,,10/19/2020 9:06:33 AM,False,7291,Accepted,
27349617,0568000,LOUISVILLE METRO POLICE DEPT,Accepted,JEFFERSON,KY1932,,BRECKENRIDGE,LN,,,,,,CS1672G,CHURCHILL PARK,38.217108816,-85.627733625,2.608,10/19/2020 12:00:00 AM,0123,2,2,0,0,CLEAR,WET,False,SIDESWIPE COLLISION - SAME DIRECTION,SIDESWIPE-SAME DIRECTION,STRAIGHT & LEVEL,DARK-HWY LIGHTED/ON,,,10/19/2020 9:06:37 AM,False,5288,Accepted,
27377333,0568000,LOUISVILLE METRO POLICE DEPT,Accepted,JEFFERSON,,,AUBURNDALE,AVE,,,SOUTHERN,,,,,38.173593828,-85.776133984,,10/19/2020 12:00:00 AM,1848,2,2,0,0,CLOUDY,WET,False,ANGLE COLLISION - OTHER,ANGLE,STRAIGHT & LEVEL,DARK-HWY NOT LIGHTED,,,10/26/2020 9:51:40 AM,False,7334,Accepted,
27358807,0568000,LOUISVILLE METRO POLICE DEPT,Accepted,JEFFERSON,,,34TH,ST,S,,SOUTHERN,,,,,38.232351433,-85.811521006,2.096,10/19/2020 12:00:00 AM,1630,2,2,0,1,CLEAR,DRY,False,SIDESWIPE-SAME DIRECTION,SIDESWIPE-SAME DIRECTION,STRAIGHT & LEVEL,DAYLIGHT,,,10/21/2020 8:53:58 AM,False,5032,Accepted,
27359745,0561500,UNIV. OF LOUISVILLE POLICE,Accepted,JEFFERSON,,,CARDINAL,BLVD,W,,4TH,,,,,38.220755721,-85.762789907,0.274,10/19/2020 12:00:00 AM,2030,2,1,0,1,RAINING,WET,False,COLLISION WITH PEDESTRIAN IN INTERSECTION,SINGLE VEHICLE,STRAIGHT & LEVEL,DARK-HWY LIGHTED/ON,,,10/21/2020 12:31:41 PM,False,5700,Accepted,
27353851,0568000,LOUISVILLE METRO POLICE DEPT,Accepted,JEFFERSON,,,RAWLINGS,ST,,,,,ZIEGLER,KY0061,PRESTON,38.220630294,-85.748463949,0.013,10/19/2020 12:00:00 AM,1200,1,1,0,0,RAINING,WET,False,COLLISION WITH FIXED OBJECT NON - INTERSECTION - FIRST EVENT COLLISION 09 - 32 EXCLUDING 16,SINGLE VEHICLE,STRAIGHT & GRADE,DAYLIGHT,,,10/20/2020 8:13:02 AM,False,7257,Accepted,
27353852,0568000,LOUISVILLE METRO POLICE DEPT,Accepted,JEFFERSON,,9400,SMYRNA,PKWY,,,,,,,,38.111368899,-85.645517516,1.858,10/19/2020 12:00:00 AM,1634,2,2,0,1,CLOUDY,WET,True,REAR END IN TRAFFIC LANES BOTH VEHICLES MOVING,REAR END,STRAIGHT & LEVEL,DAYLIGHT,,,10/20/2020 8:13:06 AM,False,7799,Accepted,
27353859,0568000,LOUISVILLE METRO POLICE DEPT,Accepted,JEFFERSON,KY1230,,CANE RUN,RD,,,BOSSIER,,,,,38.175653844,-85.884505942,7.079,10/19/2020 12:00:00 AM,1514,2,2,0,0,CLOUDY,DRY,False,ANGLE COLLISION - ONE VEHICLE TURNING RIGHT,ANGLE,STRAIGHT & LEVEL,DAYLIGHT,,,10/20/2020 8:13:38 AM,False,7356,Accepted,
27353860,0568000,LOUISVILLE METRO POLICE DEPT,Accepted,JEFFERSON,,,PARK,BLVD,,,CRITTENDEN,,,,,38.192189229,-85.755108800,0.001,10/19/2020 12:00:00 AM,1338,2,2,0,0,RAINING,WET,False,ANGLE COLLISION - OTHER,ANGLE,STRAIGHT & LEVEL,DAYLIGHT,,,10/20/2020 8:13:42 AM,False,5052,Accepted,
27353861,0568000,LOUISVILLE METRO POLICE DEPT,Accepted,JEFFERSON,I 0065,,I65 N,,,,,I 0065,I65 N EXIT134B OFF RAMP TO  WOODBINE ST,I 0065,I65 N EXIT135 OFF RAMP TO  E SAINT CATHERINE ST,38.229129626,-85.751202878,134.087,10/19/2020 12:00:00 AM,1414,1,1,0,1,RAINING,WET,False,OTHER ROADWAY OR MID-BLOCK COLLISION,SINGLE VEHICLE,STRAIGHT & LEVEL,DAYLIGHT,,,10/20/2020 8:13:46 AM,False,5221,Accepted,
27353862,0568000,LOUISVILLE METRO POLICE DEPT,Accepted,JEFFERSON,,,5TH,ST,S,,,,HEYWOOD,,IOWA,38.206650773,-85.767015731,1.680,10/19/2020 12:00:00 AM,1632,2,2,0,0,CLOUDY,WET,False,1 VEHICLE PARKED POSITION (NOT PARKING LOT/DRIVEWAY),SIDESWIPE-SAME DIRECTION,STRAIGHT & LEVEL,DAYLIGHT,,,10/20/2020 8:13:50 AM,False,2499,Accepted,
27353868,0568000,LOUISVILLE METRO POLICE DEPT,Accepted,JEFFERSON,US0031W,,DIXIE,HWY,,,,,,,,38.094964561,-85.874496409,7.761,10/19/2020 12:00:00 AM,1557,2,2,0,0,CLOUDY,WET,True,REAR END IN TRAFFIC LANES BOTH VEHICLES MOVING,REAR END,STRAIGHT & LEVEL,DAYLIGHT,,,10/20/2020 8:14:12 AM,False,7234,Accepted,