IncidentID,AgencyORI,AgencyName,IncidentStatusDesc,County,RdwyNumber,Street,RoadwayName,StreetSfx,StreetDir,IntersectionRdwy,IntersectionRdwyName,BetweenStRdwy1,BetweenStRdwyName1,BetweenStRdwy2,BetweenStRdwyName2,Latitude,Longitude,Milepoint,CollisionDate,CollisionTime,UnitsInvolved,MotorVehiclesInvolved,NumberKilled,NumberInjured,Weather,RdwyConditionCode,HitandRun,DirAnalysisCode,MannerofCollision,RdwyCharacter,LightCondition,RampFromRdwyId,RampToRdwyId,AcceptedDate,IsSecondaryCollision,OwnerBadge,IncidentStatus,
27353853,0568000,LOUISVILLE METRO POLICE DEPT,Accepted,JEFFERSON,I 0264,,I264 E,,,,,,,,,38.273338430,-85.808990813,0.251,10/15/2020 12:00:00 AM,1418,1,1,0,0,RAINING,WET,False,COLLISION WITH FIXED OBJECT NON - INTERSECTION - FIRST EVENT COLLISION 09 - 32 EXCLUDING 16,SINGLE VEHICLE,CURVE & GRADE,DAYLIGHT,,,10/20/2020 8:13:12 AM,False,8278,Accepted,
27358842,0568000,LOUISVILLE METRO POLICE DEPT,Accepted,JEFFERSON,,924,BRENTWOOD,AVE,,,,,,,,38.194889087,-85.773917898,0.302,10/15/2020 12:00:00 AM,1943,2,2,0,0,CLOUDY,WET,True,1 VEHICLE PARKED POSITION (NOT PARKING LOT/DRIVEWAY),SIDESWIPE-SAME DIRECTION,STRAIGHT & LEVEL,DARK-HWY LIGHTED/OFF,,,10/21/2020 8:56:18 AM,False,7455,Accepted,
27339885,0568000,LOUISVILLE METRO POLICE DEPT,Accepted,JEFFERSON,KY0841,,GENE SNYDER,FWY,,,,KY0841,KY841 RAMP FROM  STONESTREET RD,US0031W,US31W RAMP FROM KY841,38.095641368,-85.831584844,2.578,10/15/2020 12:00:00 AM,0619,2,1,0,1,CLEAR,DRY,True,OTHER ROADWAY OR MID-BLOCK COLLISION,SINGLE VEHICLE,STRAIGHT & LEVEL,DARK-HWY LIGHTED/ON,,,10/16/2020 8:12:15 AM,False,7720,Accepted,
27339934,0568000,LOUISVILLE METRO POLICE DEPT,Accepted,JEFFERSON,I 0265,,I265 N,,,,,,,,,38.300205257,-85.552434288,32.817,10/15/2020 12:00:00 AM,1454,3,3,0,1,RAINING,WET,True,OTHER COLLISIONS ON SHOULDER,ANGLE,STRAIGHT & LEVEL,DAYLIGHT,,,10/16/2020 8:15:18 AM,False,7751,Accepted,
27339935,0568000,LOUISVILLE METRO POLICE DEPT,Accepted,JEFFERSON,I 0265,,,,,,,,,,,38.296387663,-85.547094457,0.420,10/15/2020 12:00:00 AM,1809,1,1,0,0,RAINING,WATER (STANDING OR MOVING),False,COLLISION WITH FIXED OBJECT NOT IN GORE ,SINGLE VEHICLE,CURVE & LEVEL,DAYLIGHT,I 0265,KY1447,10/16/2020 8:15:27 AM,False,7751,Accepted,
27339942,0568000,LOUISVILLE METRO POLICE DEPT,Accepted,JEFFERSON,,2200,DEARING,CT,,,,,,,,38.240449589,-85.719005860,0.089,10/15/2020 12:00:00 AM,0356,2,2,0,0,CLEAR,DRY,False,VEHICLE BACKING NON INTERSECTION,BACKING,STRAIGHT & HILLCREST,DARK-HWY LIGHTED/ON,,,10/16/2020 8:15:56 AM,False,2976,Accepted,
27339908,0568000,LOUISVILLE METRO POLICE DEPT,Accepted,JEFFERSON,KY1747,,HURSTBOURNE,PKWY,S,,,,STONY BROOK,KY1747,KY1747 CROSSOVER,38.174956222,-85.606420553,7.925,10/15/2020 12:00:00 AM,1656,2,2,0,0,RAINING,WET,False,REAR END IN TRAFFIC LANES BOTH VEHICLES MOVING,REAR END,CURVE & GRADE,DAYLIGHT,,,10/16/2020 8:13:46 AM,False,2321,Accepted,
27339917,0568000,LOUISVILLE METRO POLICE DEPT,Accepted,JEFFERSON,KY1142,,PALATKA,RD,,,MANSLICK,,,,,38.152932957,-85.791195784,0.627,10/15/2020 12:00:00 AM,1708,2,2,0,0,CLOUDY,WET,False,REAR END - ONE VEHICLE TURNING LEFT,REAR END,CURVE & LEVEL,DAYLIGHT,,,10/16/2020 8:14:12 AM,False,7356,Accepted,
27339918,0568000,LOUISVILLE METRO POLICE DEPT,Accepted,JEFFERSON,,2223,MAGAZINE,ST,,,,,,,,38.250989675,-85.788401072,1.167,10/15/2020 12:00:00 AM,1751,1,1,0,0,RAINING,WET,False,COLLISION IN PARKING LOT,SINGLE VEHICLE,STRAIGHT & LEVEL,DUSK,,,10/16/2020 8:14:16 AM,False,7463,Accepted,
27339925,0568000,LOUISVILLE METRO POLICE DEPT,Accepted,JEFFERSON,KY2054,,ALGONQUIN,PKWY,,,,,,,,38.211358894,-85.769633006,3.257,10/15/2020 12:00:00 AM,1520,2,2,0,0,RAINING,WET,True,SIDESWIPE COLLISION - OPPOSITE DIRECTION,SIDESWIPE-OPPOSITE DIRECTION,CURVE & LEVEL,DAYLIGHT,,,10/16/2020 8:14:35 AM,False,5052,Accepted,
27339926,0568000,LOUISVILLE METRO POLICE DEPT,Accepted,JEFFERSON,KY0155,,TAYLORSVILLE,RD,,I 0265,I265 W EXIT23 ON RAMP FROM KY155,,,,,38.188444626,-85.510472749,6.148,10/15/2020 12:00:00 AM,1031,2,2,0,1,RAINING,WET,False,HEAD-ON COLLISION,HEAD ON,STRAIGHT & LEVEL,DAYLIGHT,,,10/16/2020 8:14:38 AM,False,6337,Accepted,
27339900,0568000,LOUISVILLE METRO POLICE DEPT,Accepted,JEFFERSON,KY0155,,TAYLORSVILLE,RD,,,YORKSHIRE,,,,,38.220050536,-85.627977240,13.441,10/15/2020 12:00:00 AM,1541,2,2,0,0,RAINING,WET,False,ANGLE COLLISION - OTHER,ANGLE,STRAIGHT & LEVEL,DAYLIGHT,,,10/16/2020 8:13:25 AM,False,7307,Accepted,
27339902,0568000,LOUISVILLE METRO POLICE DEPT,Accepted,JEFFERSON,US0060A,,3RD,ST,S,US0060A,EASTERN,,,,,38.213730581,-85.762318469,3.407,10/15/2020 12:00:00 AM,1626,2,2,0,0,RAINING,WET,False,OTHER INTERSECTION COLLISIONS,REAR END,STRAIGHT & LEVEL,DAYLIGHT,,,10/16/2020 8:13:35 AM,False,2927,Accepted,
27339903,0568000,LOUISVILLE METRO POLICE DEPT,Accepted,JEFFERSON,US0031E,,BARDSTOWN,RD,,,,,,,,38.143129833,-85.583901215,5.094,10/15/2020 12:00:00 AM,1615,2,2,0,0,RAINING,WET,False,REAR END IN TRAFFIC LANES BOTH VEHICLES MOVING,REAR END,STRAIGHT & LEVEL,DAYLIGHT,,,10/16/2020 8:13:40 AM,False,2321,Accepted,
27339912,0568000,LOUISVILLE METRO POLICE DEPT,Accepted,JEFFERSON,KY1747,,HURSTBOURNE,PKWY,S,,,,STONY BROOK,KY1747,KY1747 CROSSOVER,38.177841245,-85.607375909,8.126,10/15/2020 12:00:00 AM,1656,2,2,0,0,RAINING,WET,False,REAR END IN TRAFFIC LANES BOTH VEHICLES MOVING,REAR END,CURVE & GRADE,DAYLIGHT,,,10/16/2020 8:13:50 AM,False,2321,Accepted,
27339920,0568000,LOUISVILLE METRO POLICE DEPT,Accepted,JEFFERSON,US0031W,,DIXIE,HWY,,KY1849,MOORMAN,,,,,38.085485431,-85.879732465,6.950,10/15/2020 12:00:00 AM,1707,2,2,0,0,RAINING,WET,False,ANGLE COLLISION - OTHER,ANGLE,STRAIGHT & LEVEL,DAYLIGHT,,,10/16/2020 8:14:22 AM,False,7634,Accepted,
27339927,0568000,LOUISVILLE METRO POLICE DEPT,Accepted,JEFFERSON,KY0155,,TAYLORSVILLE,RD,,,,I 0265,I265 E EXIT23 ON RAMP FROM KY155,I 0265,I265 W EXIT23 OFF RAMP TO KY155,38.188706461,-85.509859904,6.110,10/15/2020 12:00:00 AM,1754,3,3,0,0,CLOUDY,WET,False,OTHER ROADWAY OR MID-BLOCK COLLISION,REAR END,STRAIGHT & LEVEL,DAYLIGHT,,,10/16/2020 8:14:42 AM,False,6337,Accepted,
27339928,0568000,LOUISVILLE METRO POLICE DEPT,Accepted,JEFFERSON,I 0064,,I64 W,,,,,,,,,38.260139937,-85.741622417,5.195,10/15/2020 12:00:00 AM,1446,1,1,0,2,RAINING,WET,False,OTHER COLLISIONS ON SHOULDER,SINGLE VEHICLE,CURVE & LEVEL,DAYLIGHT,,,10/16/2020 8:14:46 AM,False,2217,Accepted,
27339936,0568000,LOUISVILLE METRO POLICE DEPT,Accepted,JEFFERSON,KY1450,,BLUE LICK,RD,,,,,PARK,,WHITEOAK PARK,38.117545906,-85.689518366,2.258,10/15/2020 12:00:00 AM,1839,2,2,0,0,CLEAR,WET,True,1 VEHICLE ENTERING/LEAVING ENTRANCE,ANGLE,STRAIGHT & LEVEL,DARK-HWY LIGHTED/ON,,,10/16/2020 8:15:34 AM,False,2321,Accepted,
27339943,0568000,LOUISVILLE METRO POLICE DEPT,Accepted,JEFFERSON,US0150,,BROADWAY,,W,KY1020,2ND,,,,,38.245843943,-85.755035737,2.559,10/15/2020 12:00:00 AM,1619,2,2,0,1,CLOUDY,WET,False,OTHER INTERSECTION COLLISIONS,REAR END,STRAIGHT & LEVEL,DAYLIGHT,,,10/16/2020 8:16:00 AM,False,5105,Accepted,
27339953,0568000,LOUISVILLE METRO POLICE DEPT,Accepted,JEFFERSON,,,FURMAN,BLVD,,,STANTON,,,,,38.214846693,-85.642242088,0.502,10/15/2020 12:00:00 AM,2255,2,2,0,0,CLOUDY,DRY,False,ANGLE COLLISION - OTHER,ANGLE,STRAIGHT & LEVEL,DARK-HWY NOT LIGHTED,,,10/16/2020 8:16:36 AM,False,7851,Accepted,
27349402,0568000,LOUISVILLE METRO POLICE DEPT,Accepted,JEFFERSON,KY1747,,HURSTBOURNE,PKWY,S,,,,,,,38.245514334,-85.576800138,13.442,10/15/2020 12:00:00 AM,1710,2,2,0,0,RAINING,WET,False,OTHER ROADWAY OR MID-BLOCK COLLISION,REAR END,STRAIGHT & LEVEL,DAYLIGHT,,,10/19/2020 9:00:08 AM,False,7207,Accepted,
27349647,0568000,LOUISVILLE METRO POLICE DEPT,Accepted,JEFFERSON,KY0864,,BEULAH CHURCH,RD,,,ADAMS RUN,,,,,38.116398214,-85.615452583,2.781,10/15/2020 12:00:00 AM,1921,2,2,0,0,RAINING,WET,False,OTHER INTERSECTION COLLISIONS,REAR END,STRAIGHT & LEVEL,DARK-HWY LIGHTED/OFF,,,10/19/2020 9:09:56 AM,False,7263,Accepted,
27358376,0560400,SHIVELY POLICE DEPARTMENT,Accepted,JEFFERSON,US0031W,,DIXIE,HWY,,KY2051,ROCKFORD,,,,,38.174754398,-85.823196506,13.813,10/15/2020 12:00:00 AM,1625,2,2,0,0,RAINING,WET,False,OTHER INTERSECTION COLLISIONS,REAR END,STRAIGHT & LEVEL,DAYLIGHT,,,10/21/2020 7:37:23 AM,False,7109,Accepted,
27351066,0568000,LOUISVILLE METRO POLICE DEPT,Accepted,JEFFERSON,,,HIKES,LN,,KY1932,BRECKENRIDGE,,,,,38.218150979,-85.628589316,3.029,10/15/2020 12:00:00 AM,1518,2,1,0,1,RAINING,WET,False,OTHER INTERSECTION COLLISIONS,REAR END,STRAIGHT & LEVEL,DAYLIGHT,,,10/19/2020 1:54:51 PM,True,5146,Accepted,
27417281,0560400,SHIVELY POLICE DEPARTMENT,Accepted,JEFFERSON,KY2051,,ROCKFORD,LN,,,,,TEANECK,,CLARION,38.180723308,-85.852814226,1.716,10/15/2020 12:00:00 AM,1703,3,3,0,1,RAINING,WET,False,HEAD-ON COLLISION,HEAD ON,CURVE & LEVEL,DAYLIGHT,,,11/4/2020 9:44:53 PM,False,7124,Accepted,
27743021,0568000,LOUISVILLE METRO POLICE DEPT,Accepted,JEFFERSON,I 0065,,I65 N,,,,,,,,,38.252044858,-85.746829639,135.857,10/15/2020 12:00:00 AM,0303,2,1,1,0,CLEAR,DRY,True,OTHER COLLISIONS ON SHOULDER,SINGLE VEHICLE,STRAIGHT & LEVEL,DARK-HWY LIGHTED/OFF,,,2/3/2021 8:27:04 AM,False,6886,Accepted,
27409925,0568000,LOUISVILLE METRO POLICE DEPT,Accepted,JEFFERSON,,,CENTRAL,AVE,,,LINDBERGH,,,,,38.212811231,-85.781127580,1.547,10/14/2020 12:00:00 AM,0903,2,2,0,0,CLEAR,DRY,False,ANGLE COLLISION - OTHER,ANGLE,STRAIGHT & LEVEL,DAWN,,,11/3/2020 8:33:49 AM,False,5330,Accepted,
27358846,0568000,LOUISVILLE METRO POLICE DEPT,Accepted,JEFFERSON,US0042,,STORY,AVE,,,ADAMS,,,,,38.257291050,-85.724968923,0.453,10/14/2020 12:00:00 AM,2231,2,2,0,2,CLEAR,DRY,False,SIDESWIPE-SAME DIRECTION,SIDESWIPE-SAME DIRECTION,STRAIGHT & LEVEL,DUSK,,,10/21/2020 8:57:05 AM,True,7904,Accepted,
27461782,0568000,LOUISVILLE METRO POLICE DEPT,Accepted,JEFFERSON,KY0907,,VALLEY STATION,RD,,,MILLERS,,,,,38.106002982,-85.851052944,0.894,10/14/2020 12:00:00 AM,1826,2,2,0,0,CLOUDY,DRY,False,ANGLE COLLISION - ONE VEHICLE TURNING LEFT,ANGLE,STRAIGHT & HILLCREST,DARK-HWY NOT LIGHTED,,,11/16/2020 10:23:56 AM,False,6318,Accepted,
27339950,0568000,LOUISVILLE METRO POLICE DEPT,Accepted,JEFFERSON,KY0061,,PRESTON,HWY,,I 0065,I264 W EXIT12 OFF RAMP TO,,,,,38.191495005,-85.727550758,8.288,10/14/2020 12:00:00 AM,2345,2,2,0,2,CLEAR,DRY,False,ANGLE COLLISION - OTHER,ANGLE,STRAIGHT & GRADE,DARK-HWY LIGHTED/ON,,,10/16/2020 8:16:24 AM,False,7419,Accepted,
27339895,0568000,LOUISVILLE METRO POLICE DEPT,Accepted,JEFFERSON,US0150,,BROADWAY,,W,,,,,,,38.245800303,-85.754579921,2.587,10/14/2020 12:00:00 AM,1336,1,1,0,0,CLEAR,DRY,False,COLLISION WITH FIXED OBJECT NON - INTERSECTION - FIRST EVENT COLLISION 09 - 32 EXCLUDING 16,SINGLE VEHICLE,STRAIGHT & LEVEL,DAYLIGHT,,,10/16/2020 8:13:01 AM,False,7852,Accepted,
27339892,0568000,LOUISVILLE METRO POLICE DEPT,Accepted,JEFFERSON,KY1450,9912,BLUE LICK,RD,,,,,,,,38.103160212,-85.693409317,1.235,10/14/2020 12:00:00 AM,1459,1,1,0,2,CLEAR,DRY,False,RAN OFF ROADWAY (1 VEHICLE WITH/EARTH EMBANKMENT/DITCH),SINGLE VEHICLE,CURVE & LEVEL,DAYLIGHT,,,10/16/2020 8:12:49 AM,False,7812,Accepted,
27339893,0568000,LOUISVILLE METRO POLICE DEPT,Accepted,JEFFERSON,KY1020,,2ND,ST,S,,,,,,,38.245350726,-85.755148757,12.072,10/14/2020 12:00:00 AM,1336,2,2,0,0,CLEAR,DRY,False,HEAD-ON COLLISION,HEAD ON,STRAIGHT & LEVEL,DAYLIGHT,,,10/16/2020 8:12:53 AM,False,7852,Accepted,
27335287,0568000,LOUISVILLE METRO POLICE DEPT,Accepted,JEFFERSON,,,GARLAND,AVE,,,38TH,,,,,38.246455093,-85.815272976,2.599,10/14/2020 12:00:00 AM,1056,2,2,0,2,CLEAR,DRY,False,SIDESWIPE-SAME DIRECTION,SIDESWIPE-SAME DIRECTION,STRAIGHT & LEVEL,DAYLIGHT,,,10/15/2020 8:08:55 AM,False,5161,Accepted,
27335291,0568000,LOUISVILLE METRO POLICE DEPT,Accepted,JEFFERSON,US0150,,BROADWAY,,E,KY0061,PRESTON,,,,,38.245283099,-85.747585514,2.965,10/14/2020 12:00:00 AM,1535,2,2,0,0,CLEAR,DRY,False,OTHER INTERSECTION COLLISIONS,REAR END,STRAIGHT & LEVEL,DAYLIGHT,,,10/15/2020 8:09:12 AM,False,7266,Accepted,
27353877,0568000,LOUISVILLE METRO POLICE DEPT,Accepted,JEFFERSON,KY1065,,OUTER,LOOP,,,ROBBS,,,,,38.137985125,-85.665225028,7.237,10/14/2020 12:00:00 AM,1857,3,3,0,0,CLEAR,DRY,False,ANGLE COLLISION - ONE VEHICLE TURNING LEFT,ANGLE,STRAIGHT & LEVEL,DAWN,,,10/20/2020 8:15:07 AM,False,5101,Accepted,
27335305,0568000,LOUISVILLE METRO POLICE DEPT,Accepted,JEFFERSON,,3059,AUTUMN LAKE,DR,,,,,,,,38.077772213,-85.876600989,0.561,10/14/2020 12:00:00 AM,2323,2,2,0,0,CLEAR,DRY,False,REAR END IN TRAFFIC LANES BOTH VEHICLES MOVING,REAR END,CURVE & LEVEL,DARK-HWY LIGHTED/OFF,,,10/15/2020 8:10:04 AM,False,7277,Accepted,
27335306,0568000,LOUISVILLE METRO POLICE DEPT,Accepted,JEFFERSON,US0031W,,DIXIE,HWY,,,JOHNSONTOWN,,,,,38.121153714,-85.855771007,9.743,10/14/2020 12:00:00 AM,2159,2,2,0,0,CLEAR,DRY,False,OTHER INTERSECTION COLLISIONS,REAR END,STRAIGHT & LEVEL,DARK-HWY LIGHTED/ON,,,10/15/2020 8:10:08 AM,False,5170,Accepted,
27335289,0568000,LOUISVILLE METRO POLICE DEPT,Accepted,JEFFERSON,,,ST CATHERINE,ST,W,KY1020,2ND,,,,,38.237054664,-85.756599923,0.090,10/14/2020 12:00:00 AM,1051,2,2,0,1,CLEAR,DRY,False,ANGLE COLLISION - OTHER,ANGLE,STRAIGHT & LEVEL,DAYLIGHT,,,10/15/2020 8:09:04 AM,False,5221,Accepted,
27335296,0568000,LOUISVILLE METRO POLICE DEPT,Accepted,JEFFERSON,KY1447,,WESTPORT,RD,,,,KY1747,HURSTBOURNE,,CREEKSIDE,38.287798416,-85.571789492,5.267,10/14/2020 12:00:00 AM,1257,2,2,0,1,CLOUDY,DRY,False,OTHER ROADWAY OR MID-BLOCK COLLISION,REAR END,STRAIGHT & LEVEL,DAYLIGHT,,,10/15/2020 8:09:35 AM,False,7751,Accepted,
27335298,0568000,LOUISVILLE METRO POLICE DEPT,Accepted,JEFFERSON,I 0264,,I264 W,,,I 0264,I264 W EXIT22 ON RAMP FROM US42,,,,,38.276314010,-85.632802452,21.775,10/14/2020 12:00:00 AM,,2,2,0,1,CLEAR,DRY,True,SIDESWIPE-SAME DIRECTION,SIDESWIPE-SAME DIRECTION,STRAIGHT & LEVEL,DAYLIGHT,,,10/15/2020 8:09:39 AM,False,7751,Accepted,
27339923,0568000,LOUISVILLE METRO POLICE DEPT,Accepted,JEFFERSON,,,BLUEGRASS,AVE,,,,,LONSDALE,,STOLTZ,38.179466949,-85.785712955,0.664,10/14/2020 12:00:00 AM,1646,3,3,0,0,CLEAR,DRY,False,REAR END IN TRAFFIC LANES BOTH VEHICLES MOVING,REAR END,STRAIGHT & LEVEL,DAYLIGHT,,,10/16/2020 8:14:27 AM,True,5315,Accepted,
27339880,0568000,LOUISVILLE METRO POLICE DEPT,Accepted,JEFFERSON,US0031W,7843,DIXIE,HWY,,,,,,,,38.141070978,-85.840585380,11.483,10/14/2020 12:00:00 AM,1125,2,2,0,1,CLEAR,DRY,True,OTHER ROADWAY OR MID-BLOCK COLLISION,OPPOSING LEFT TURN,STRAIGHT & LEVEL,DAYLIGHT,,,10/16/2020 8:11:51 AM,False,7336,Accepted,
27339888,0568000,LOUISVILLE METRO POLICE DEPT,Accepted,JEFFERSON,KY1065,,OUTER,LOOP,,,,KY6162,KY6162 TURN LANE,,AIR COMMERCE,38.136308084,-85.714032481,4.526,10/14/2020 12:00:00 AM,1740,2,2,0,2,CLEAR,DRY,False,OTHER ROADWAY OR MID-BLOCK COLLISION,REAR END,STRAIGHT & LEVEL,DAYLIGHT,,,10/16/2020 8:12:29 AM,False,2324,Accepted,
27335286,0568000,LOUISVILLE METRO POLICE DEPT,Accepted,JEFFERSON,KY0061,8685,PRESTON,HWY,,,,,,,,38.127128607,-85.680522259,3.117,10/14/2020 12:00:00 AM,1112,1,1,0,0,CLEAR,DRY,False,COLLISION IN PARKING LOT,SINGLE VEHICLE,STRAIGHT & LEVEL,DAYLIGHT,,,10/15/2020 8:08:52 AM,False,4693,Accepted,
27335295,0568000,LOUISVILLE METRO POLICE DEPT,Accepted,JEFFERSON,,,LANSING,AVE,W,KY1020,SOUTHERN,,,,,38.192502800,-85.766741110,0.083,10/14/2020 12:00:00 AM,1514,2,1,0,1,CLEAR,DRY,False,COLLISION WITH PEDESTRIAN IN INTERSECTION,SINGLE VEHICLE,STRAIGHT & LEVEL,DAYLIGHT,,,10/15/2020 8:09:30 AM,False,5052,Accepted,
27335284,0568000,LOUISVILLE METRO POLICE DEPT,Accepted,JEFFERSON,,,7TH,ST,S,,,,ORMSBY,,DUMESNIL,38.233400862,-85.765750831,1.111,10/14/2020 12:00:00 AM,1003,1,1,0,0,CLEAR,DRY,False,COLLISION WITH NON-FIXED OBJECT ,SINGLE VEHICLE,STRAIGHT & LEVEL,DAYLIGHT,,,10/15/2020 8:08:48 AM,False,7619,Accepted,
27335292,0568000,LOUISVILLE METRO POLICE DEPT,Accepted,JEFFERSON,US0150,,BROADWAY,,E,,1ST,,,,,38.245712979,-85.753361566,2.657,10/14/2020 12:00:00 AM,0948,2,1,0,1,CLEAR,DRY,False,COLLISION WITH BICYCLE IN INTERSECTION,SINGLE VEHICLE,STRAIGHT & LEVEL,DAYLIGHT,,,10/15/2020 8:09:17 AM,False,5324,Accepted,
27335293,0568000,LOUISVILLE METRO POLICE DEPT,Accepted,JEFFERSON,,,SUNSET,AVE,,,,,CECIL,,42ND,38.242410721,-85.822995016,0.391,10/14/2020 12:00:00 AM,0914,2,2,0,0,CLEAR,DRY,False,1 VEHICLE PARKED POSITION (NOT PARKING LOT/DRIVEWAY),SIDESWIPE-SAME DIRECTION,STRAIGHT & LEVEL,DAYLIGHT,,,10/15/2020 8:09:22 AM,False,7328,Accepted,
27335294,0568000,LOUISVILLE METRO POLICE DEPT,Accepted,JEFFERSON,,,CENTRAL STATION,BLVD,,,2ND,,,,,38.203432544,-85.763192240,,10/14/2020 12:00:00 AM,1021,2,2,0,0,CLEAR,DRY,False,ANGLE COLLISION - OTHER,ANGLE,STRAIGHT & LEVEL,DAYLIGHT,,,10/15/2020 8:09:26 AM,False,5052,Accepted,
27335300,0568000,LOUISVILLE METRO POLICE DEPT,Accepted,JEFFERSON,KY0155,2532,TAYLORSVILLE,RD,,,,,,,,38.223362787,-85.674934458,16.003,10/14/2020 12:00:00 AM,1407,3,3,0,0,CLEAR,DRY,False,VEHICLE BACKING NON INTERSECTION,BACKING,STRAIGHT & LEVEL,DAYLIGHT,,,10/15/2020 8:09:49 AM,False,7403,Accepted,
27335301,0568000,LOUISVILLE METRO POLICE DEPT,Accepted,JEFFERSON,,436,18TH,ST,S,,MUHAMMAD ALI,,,,,38.253691056,-85.780692886,0.381,10/14/2020 12:00:00 AM,1518,3,3,0,1,CLEAR,DRY,False,OTHER INTERSECTION COLLISIONS,REAR END,STRAIGHT & LEVEL,DAYLIGHT,,,10/15/2020 8:09:53 AM,True,5320,Accepted,
27339881,0568000,LOUISVILLE METRO POLICE DEPT,Accepted,JEFFERSON,KY1934,,GREENBELT,HWY,,,,,JOHNSONTOWN,KY1230,CANE RUN,38.120720747,-85.894531579,2.573,10/14/2020 12:00:00 AM,1642,2,2,0,1,CLEAR,DRY,False,1 VEHICLE ENTERING/LEAVING ENTRANCE,ANGLE,STRAIGHT & LEVEL,DAYLIGHT,,,10/16/2020 8:12:01 AM,False,7634,Accepted,
27339947,0568000,LOUISVILLE METRO POLICE DEPT,Accepted,JEFFERSON,KY0148,,TAYLORSVILLE,RD,,,,,,,,38.191403912,-85.475746202,0.058,10/14/2020 12:00:00 AM,1936,2,2,0,2,CLEAR,DRY,False,1 VEHICLE ENTERING/LEAVING ENTRANCE,ANGLE,STRAIGHT & LEVEL,DUSK,,,10/16/2020 8:16:13 AM,False,7376,Accepted,
27339948,0568000,LOUISVILLE METRO POLICE DEPT,Accepted,JEFFERSON,US0150,,BROADWAY,,E,,BROOK,,,,,38.245600715,-85.751697728,2.729,10/14/2020 12:00:00 AM,2240,2,2,0,2,CLEAR,DRY,False,OPPOSING LEFT TURN,OPPOSING LEFT TURN,STRAIGHT & LEVEL,DARK-HWY LIGHTED/ON,,,10/16/2020 8:16:16 AM,False,5268,Accepted,
27330042,0566900,LOUISVILLE AIRPORT POLICE,Accepted,JEFFERSON,,,FREEDOM,WAY,,I 0065,I65 W EXIT11 RAMP FROM  FREEDOM WAY N,,,,,38.190513130,-85.738246878,0.099,10/13/2020 12:00:00 AM,1430,1,1,0,0,CLEAR,DRY,True,COLLISION WITH FIXED OBJECT IN INTERSECTION - FIRST EVENT COLLISION 09 - 32,SINGLE VEHICLE,CURVE & GRADE,DAYLIGHT,,,10/14/2020 7:35:21 AM,False,5829,Accepted,
27330658,0568000,LOUISVILLE METRO POLICE DEPT,Accepted,JEFFERSON,,,HIKES,LN,,,NOBLITT,,,,,38.209777311,-85.642905055,2.059,10/13/2020 12:00:00 AM,0834,2,2,0,0,CLEAR,DRY,False,ANGLE COLLISION - OTHER,ANGLE,STRAIGHT & LEVEL,DAYLIGHT,,,10/14/2020 9:11:57 AM,False,4693,Accepted,
27330659,0568000,LOUISVILLE METRO POLICE DEPT,Accepted,JEFFERSON,KY0864,,POPLAR LEVEL,RD,,,GARDINER,,,,,38.192679946,-85.706014986,11.094,10/13/2020 12:00:00 AM,1001,2,2,0,1,CLEAR,DRY,False,ANGLE COLLISION - OTHER,ANGLE,STRAIGHT & LEVEL,DAYLIGHT,,,10/14/2020 9:12:01 AM,False,4693,Accepted,
27330660,0568000,LOUISVILLE METRO POLICE DEPT,Accepted,JEFFERSON,KY1703,,NEWBURG,RD,,,,,,,,38.178770932,-85.659518614,0.008,10/13/2020 12:00:00 AM,1022,2,2,0,0,CLEAR,DRY,False,REAR END IN TRAFFIC LANES BOTH VEHICLES MOVING,REAR END,STRAIGHT & LEVEL,DAYLIGHT,,,10/14/2020 9:12:05 AM,False,4693,Accepted,
27330666,0568000,LOUISVILLE METRO POLICE DEPT,Accepted,JEFFERSON,US0031W,,DIXIE,HWY,,,,,,,,38.142641826,-85.839923201,11.621,10/13/2020 12:00:00 AM,1450,2,2,0,0,CLEAR,DRY,False,REAR END IN TRAFFIC LANES BOTH VEHICLES MOVING,REAR END,STRAIGHT & LEVEL,DAYLIGHT,,,10/14/2020 9:12:36 AM,False,7234,Accepted,
27350084,0568000,LOUISVILLE METRO POLICE DEPT,Accepted,JEFFERSON,KY1450,,BLUE LICK,RD,,,WILLIAM G PENNY,,,,,38.133558111,-85.684566059,3.515,10/13/2020 12:00:00 AM,1159,2,2,0,1,CLEAR,DRY,False,ANGLE COLLISION - OTHER,ANGLE,STRAIGHT & LEVEL,DAYLIGHT,,,10/19/2020 10:24:26 AM,False,7269,Accepted,
27330679,0568000,LOUISVILLE METRO POLICE DEPT,Accepted,JEFFERSON,KY1865,,NEW CUT,RD,,,INVERNESS,,,,,38.164035448,-85.779820633,3.913,10/13/2020 12:00:00 AM,2258,2,2,0,0,CLEAR,DRY,False,HEAD-ON COLLISION,HEAD ON,STRAIGHT & LEVEL,DARK-HWY LIGHTED/ON,,,10/14/2020 9:13:28 AM,False,5293,Accepted,