IncidentID,AgencyORI,AgencyName,IncidentStatusDesc,County,RdwyNumber,Street,RoadwayName,StreetSfx,StreetDir,IntersectionRdwy,IntersectionRdwyName,BetweenStRdwy1,BetweenStRdwyName1,BetweenStRdwy2,BetweenStRdwyName2,Latitude,Longitude,Milepoint,CollisionDate,CollisionTime,UnitsInvolved,MotorVehiclesInvolved,NumberKilled,NumberInjured,Weather,RdwyConditionCode,HitandRun,DirAnalysisCode,MannerofCollision,RdwyCharacter,LightCondition,RampFromRdwyId,RampToRdwyId,AcceptedDate,IsSecondaryCollision,OwnerBadge,IncidentStatus,
27330680,0568000,LOUISVILLE METRO POLICE DEPT,Accepted,JEFFERSON,KY0061,,PRESTON,HWY,,KY1450,BLUE LICK,,,,,38.133778673,-85.684169991,3.618,10/13/2020 12:00:00 AM,2202,2,2,0,0,CLEAR,DRY,True,SIDESWIPE-SAME DIRECTION,SIDESWIPE-SAME DIRECTION,STRAIGHT & LEVEL,DARK-HWY LIGHTED/ON,,,10/14/2020 9:13:32 AM,False,5138,Accepted,
27330682,0568000,LOUISVILLE METRO POLICE DEPT,Accepted,JEFFERSON,,,MINOR,LN,,,HOLIDAY,,,,,38.126415255,-85.711966367,0.621,10/13/2020 12:00:00 AM,0032,1,1,0,1,CLEAR,DRY,False,NON-COLLISION OBJECT COLLISION,SINGLE VEHICLE,STRAIGHT & LEVEL,DARK-HWY LIGHTED/OFF,,,10/14/2020 9:13:35 AM,False,5040,Accepted,
27330672,0568000,LOUISVILLE METRO POLICE DEPT,Accepted,JEFFERSON,,,ZORN,AVE,,,RIVER,,,,,38.277616606,-85.698954301,1.765,10/13/2020 12:00:00 AM,1704,2,2,0,0,CLEAR,DRY,False,ANGLE COLLISION - OTHER,ANGLE,STRAIGHT & LEVEL,DAYLIGHT,,,10/14/2020 9:12:55 AM,False,5264,Accepted,
27330673,0568000,LOUISVILLE METRO POLICE DEPT,Accepted,JEFFERSON,US0031E,,BARDSTOWN,RD,,,DEL MARIA,,,,,38.170155300,-85.607014221,7.379,10/13/2020 12:00:00 AM,1701,2,2,0,0,CLEAR,DRY,False,OPPOSING LEFT TURN,OPPOSING LEFT TURN,STRAIGHT & LEVEL,DAYLIGHT,,,10/14/2020 9:12:59 AM,False,7739,Accepted,
27330657,0568000,LOUISVILLE METRO POLICE DEPT,Accepted,JEFFERSON,,,BROADWAY,,W,,45TH,,,,,38.250530968,-85.826988277,2.110,10/13/2020 12:00:00 AM,1144,2,2,0,1,CLEAR,DRY,False,ANGLE COLLISION - OTHER,ANGLE,STRAIGHT & LEVEL,DAYLIGHT,,,10/14/2020 9:11:52 AM,False,5338,Accepted,
27330662,0568000,LOUISVILLE METRO POLICE DEPT,Accepted,JEFFERSON,,,MUHAMMAD ALI,BLVD,W,,28TH,,,,,38.255531316,-85.797221914,2.455,10/13/2020 12:00:00 AM,1205,2,2,0,0,CLEAR,DRY,False,ANGLE COLLISION - OTHER,ANGLE,STRAIGHT & LEVEL,DAYLIGHT,,,10/14/2020 9:12:14 AM,False,5300,Accepted,
27325467,0568000,LOUISVILLE METRO POLICE DEPT,Accepted,JEFFERSON,,513,FLORENCE,AVE,W,,,,,,,38.191092274,-85.769593505,0.323,10/13/2020 12:00:00 AM,0140,2,2,0,0,CLEAR,DRY,False,1 VEHICLE PARKED POSITION (NOT PARKING LOT/DRIVEWAY),ANGLE,STRAIGHT & LEVEL,DARK-HWY LIGHTED/ON,,,10/13/2020 9:03:46 AM,False,5175,Accepted,
27337797,0560600,WEST BUECHEL POLICE DEPT.,Accepted,JEFFERSON,US0031E,3600 BLOCK,BUECHEL,BYP,,KY2251,BARDSTOWN,,,,,38.190780970,-85.644513167,9.907,10/13/2020 12:00:00 AM,1850,2,2,0,0,CLEAR,DRY,False,ANGLE COLLISION - OTHER,ANGLE,STRAIGHT & LEVEL,DAYLIGHT,,,10/15/2020 5:23:24 PM,False,1717,Accepted,
27330661,0568000,LOUISVILLE METRO POLICE DEPT,Accepted,JEFFERSON,,628,SAUNDERS,AVE,,,PAYNE,,,,,38.250342551,-85.703824800,0.126,10/13/2020 12:00:00 AM,1019,2,2,0,0,CLEAR,DRY,False,COLLISION WITH PARKED VEHICLE,HEAD ON,STRAIGHT & GRADE,DAYLIGHT,,,10/14/2020 9:12:10 AM,False,5264,Accepted,
27330667,0568000,LOUISVILLE METRO POLICE DEPT,Accepted,JEFFERSON,US0031W,,DIXIE,HWY,,,,,,,,38.157253047,-85.833974338,12.525,10/13/2020 12:00:00 AM,1551,2,2,0,0,CLEAR,DRY,True,HEAD-ON COLLISION,HEAD ON,STRAIGHT & LEVEL,DAYLIGHT,,,10/14/2020 9:12:40 AM,False,7234,Accepted,
27330668,0568000,LOUISVILLE METRO POLICE DEPT,Accepted,JEFFERSON,,,RONALD,CT,,KY1934,CANE RUN,,,,,38.202534901,-85.832923461,0.004,10/13/2020 12:00:00 AM,1609,2,1,0,1,CLEAR,DRY,False,COLLISION WITH BICYCLE IN INTERSECTION,SINGLE VEHICLE,STRAIGHT & LEVEL,DAYLIGHT,,,10/14/2020 9:12:43 AM,False,5280,Accepted,
27330669,0568000,LOUISVILLE METRO POLICE DEPT,Accepted,JEFFERSON,,,SHORT,ST,,,,,,,,38.263157617,-85.784743931,0.005,10/13/2020 12:00:00 AM,1435,2,2,0,0,CLEAR,DRY,False,1 VEHICLE PARKED POSITION (NOT PARKING LOT/DRIVEWAY),BACKING,STRAIGHT & LEVEL,DAYLIGHT,,,10/14/2020 9:12:48 AM,False,7288,Accepted,
27330675,0568000,LOUISVILLE METRO POLICE DEPT,Accepted,JEFFERSON,KY0907,,3RD ST,RD,,KY1065,OUTER,,,,,38.127648851,-85.794794944,4.665,10/13/2020 12:00:00 AM,1327,3,3,0,0,CLEAR,DRY,False,OTHER INTERSECTION COLLISIONS,REAR END,STRAIGHT & LEVEL,DAYLIGHT,,,10/14/2020 9:13:06 AM,False,7483,Accepted,
27330677,0568000,LOUISVILLE METRO POLICE DEPT,Accepted,JEFFERSON,US0031W,,DIXIE,HWY,,,MEYERS,,,,,38.164866687,-85.830292964,13.076,10/13/2020 12:00:00 AM,1927,4,4,0,4,CLEAR,DRY,False,HEAD-ON COLLISION,HEAD ON,STRAIGHT & LEVEL,DUSK,,,10/14/2020 9:13:16 AM,False,7980,Accepted,
27330678,0568000,LOUISVILLE METRO POLICE DEPT,Accepted,JEFFERSON,,,WOODRUFF,AVE,,,,,,,,38.184648839,-85.785122981,0.101,10/13/2020 12:00:00 AM,2223,2,2,0,0,CLEAR,DRY,True,1 VEHICLE PARKED POSITION (NOT PARKING LOT/DRIVEWAY),REAR END,STRAIGHT & LEVEL,DARK-HWY LIGHTED/ON,,,10/14/2020 9:13:23 AM,False,7032,Accepted,
27386608,0568000,LOUISVILLE METRO POLICE DEPT,Accepted,JEFFERSON,KY1065,,OUTER,LOOP,,,,,,,,38.126948369,-85.749240945,2.527,10/13/2020 12:00:00 AM,1824,2,2,0,2,CLEAR,DRY,False,1 VEHICLE ENTERING/LEAVING ENTRANCE,ANGLE,STRAIGHT & LEVEL,DAYLIGHT,,,10/28/2020 8:15:07 AM,False,7221,Accepted,
27349396,0568000,LOUISVILLE METRO POLICE DEPT,Accepted,JEFFERSON,,105,FENLEY,AVE,,,,,,,,38.254588962,-85.670899533,0.044,10/13/2020 12:00:00 AM,1845,1,1,0,0,CLEAR,DRY,False,COLLISION WITH FIXED OBJECT NON - INTERSECTION - FIRST EVENT COLLISION 09 - 32 EXCLUDING 16,SINGLE VEHICLE,STRAIGHT & GRADE,DARK-HWY LIGHTED/ON,,,10/19/2020 8:59:43 AM,False,5112,Accepted,
27349401,0568000,LOUISVILLE METRO POLICE DEPT,Accepted,JEFFERSON,KY2051,3400,LEES,LN,,,,,,,,38.185192208,-85.857690637,2.140,10/13/2020 12:00:00 AM,1030,2,2,0,0,CLEAR,DRY,False,OTHER ROADWAY OR MID-BLOCK COLLISION,OPPOSING LEFT TURN,STRAIGHT & LEVEL,DAYLIGHT,,,10/19/2020 9:00:03 AM,False,5257,Accepted,
27619130,0568000,LOUISVILLE METRO POLICE DEPT,Accepted,JEFFERSON,,,WILSON,AVE,,,,,,,,38.233608375,-85.782670344,0.404,10/13/2020 12:00:00 AM,1135,2,2,0,0,CLEAR,DRY,False,OTHER COLLISIONS ON SHOULDER,SIDESWIPE-OPPOSITE DIRECTION,STRAIGHT & LEVEL,DAYLIGHT,,,12/31/2020 7:06:12 AM,False,5179,Accepted,
27562900,0568000,LOUISVILLE METRO POLICE DEPT,Accepted,JEFFERSON,KY2055,,MANSLICK,RD,W,,PENILE,,,,,38.115480231,-85.784490597,3.090,10/13/2020 12:00:00 AM,1831,2,2,0,0,CLEAR,DRY,False,ANGLE COLLISION - OTHER,ANGLE,STRAIGHT & LEVEL,DAYLIGHT,,,12/14/2020 8:52:56 AM,False,7139,Accepted,
27423770,0568000,LOUISVILLE METRO POLICE DEPT,Accepted,JEFFERSON,KY1931,,ST ANDREWS CHURCH,RD,,,,,BLANTON,,ST ANTHONY CHURCH,38.150957005,-85.821133570,4.308,10/13/2020 12:00:00 AM,1513,2,2,0,0,CLEAR,DRY,False,SIDESWIPE COLLISION - SAME DIRECTION,SIDESWIPE-SAME DIRECTION,STRAIGHT & LEVEL,DAYLIGHT,,,11/6/2020 9:37:41 AM,False,7817,Accepted,
27423767,0568000,LOUISVILLE METRO POLICE DEPT,Accepted,JEFFERSON,KY1934,,GREENBELT,HWY,,,RIVERPORT,,,,,38.161187436,-85.881680552,5.501,10/13/2020 12:00:00 AM,0845,2,2,0,1,FOG,DRY,False,OTHER INTERSECTION COLLISIONS,REAR END,CURVE & LEVEL,DAWN,,,11/6/2020 9:37:35 AM,False,7817,Accepted,
27406709,0568000,LOUISVILLE METRO POLICE DEPT,Accepted,JEFFERSON,I 0071,,I71 S,,,,,,,,,38.308589427,-85.594630009,8.270,10/13/2020 12:00:00 AM,1949,2,2,0,0,CLEAR,DRY,False,SIDESWIPE COLLISION - SAME DIRECTION,SIDESWIPE-SAME DIRECTION,STRAIGHT & LEVEL,DUSK,,,11/2/2020 1:12:56 PM,False,5030,Accepted,
27409919,0568000,LOUISVILLE METRO POLICE DEPT,Accepted,JEFFERSON,,,CENTRAL,AVE,,,UTAH,,,,,38.209611305,-85.778786417,1.293,10/13/2020 12:00:00 AM,1543,2,2,0,0,CLEAR,DRY,False,ANGLE COLLISION - OTHER,ANGLE,STRAIGHT & LEVEL,DAYLIGHT,,,11/3/2020 8:33:10 AM,False,5123,Accepted,
27350975,0568000,LOUISVILLE METRO POLICE DEPT,Accepted,JEFFERSON,KY1931,,GREENWOOD,RD,,KY1934,GREENBELT,,,,,38.147003615,-85.886386743,0.525,10/12/2020 12:00:00 AM,2315,2,1,0,1,CLEAR,DRY,False,ANGLE COLLISION - OTHER,ANGLE,STRAIGHT & LEVEL,DARK-HWY LIGHTED/ON,,,10/19/2020 1:36:47 PM,False,7992,Accepted,
27423787,0568000,LOUISVILLE METRO POLICE DEPT,Accepted,JEFFERSON,US0150,,22ND,ST,N,,,,GARFIELD,,GRIFFITHS,38.263766779,-85.785376609,0.470,10/12/2020 12:00:00 AM,1842,1,1,0,0,RAINING,WET,False,COLLISION WITH FIXED OBJECT NON - INTERSECTION - FIRST EVENT COLLISION 09 - 32 EXCLUDING 16,SINGLE VEHICLE,CURVE & LEVEL,DARK-HWY LIGHTED/ON,,,11/6/2020 9:39:30 AM,False,5199,Accepted,
27349404,0568000,LOUISVILLE METRO POLICE DEPT,Accepted,JEFFERSON,,1934,CHESTNUT,ST,W,,,,,,,38.251741328,-85.782773221,0.995,10/12/2020 12:00:00 AM,1752,2,2,0,0,CLEAR,DRY,True,SIDESWIPE COLLISION - OPPOSITE DIRECTION,SIDESWIPE-OPPOSITE DIRECTION,STRAIGHT & LEVEL,DAYLIGHT,,,10/19/2020 9:00:17 AM,False,5300,Accepted,
27349503,0568000,LOUISVILLE METRO POLICE DEPT,Accepted,JEFFERSON,,,MANNER DALE,DR,,,HUNSINGER,,,,,38.202042941,-85.619958830,0.134,10/12/2020 12:00:00 AM,1628,2,2,0,0,CLOUDY,DRY,False,ANGLE COLLISION - OTHER,ANGLE,STRAIGHT & LEVEL,DAYLIGHT,,,10/19/2020 9:03:42 AM,False,7482,Accepted,
27330676,0568000,LOUISVILLE METRO POLICE DEPT,Accepted,JEFFERSON,,,CHAMBERLAIN,LN,,,SHENANDOAH,,,,,38.309313389,-85.560029281,3.403,10/12/2020 12:00:00 AM,2013,1,1,0,1,CLOUDY,DRY,False,NON-COLLISION OBJECT COLLISION,SINGLE VEHICLE,STRAIGHT & LEVEL,DARK-HWY LIGHTED/OFF,,,10/14/2020 9:13:11 AM,False,5155,Accepted,
27325460,0568000,LOUISVILLE METRO POLICE DEPT,Accepted,JEFFERSON,US0150,,BROADWAY,,W,KY1020,3RD,,,,,38.245961533,-85.756720460,2.475,10/12/2020 12:00:00 AM,1717,2,2,0,2,CLOUDY,WET,False,ANGLE COLLISION - OTHER,ANGLE,STRAIGHT & LEVEL,DAYLIGHT,,,10/13/2020 9:03:21 AM,False,7037,Accepted,
27325461,0568000,LOUISVILLE METRO POLICE DEPT,Accepted,JEFFERSON,US0150,,BROADWAY,,W,KY1020,3RD,,,,,38.245939732,-85.756644648,2.471,10/12/2020 12:00:00 AM,1735,2,2,0,0,RAINING,WET,False,COLLISION WITH PARKED VEHICLE,REAR END,STRAIGHT & LEVEL,DAYLIGHT,,,10/13/2020 9:03:28 AM,True,7037,Accepted,
27325469,0568000,LOUISVILLE METRO POLICE DEPT,Accepted,JEFFERSON,KY0907,7152,SOUTHSIDE,DR,,,ALVINA,,,,,38.150967923,-85.766904683,6.904,10/12/2020 12:00:00 AM,2334,3,3,0,1,CLOUDY,DRY,False,HEAD-ON COLLISION,HEAD ON,CURVE & LEVEL,DARK-HWY LIGHTED/ON,,,10/13/2020 9:03:55 AM,False,5293,Accepted,
27339901,0568000,LOUISVILLE METRO POLICE DEPT,Accepted,JEFFERSON,,,MARKET,ST,W,,,,,,,38.261628371,-85.813103949,1.462,10/12/2020 12:00:00 AM,1230,4,3,0,1,CLEAR,DRY,False,1 VEHICLE PARKED POSITION (NOT PARKING LOT/DRIVEWAY),ANGLE,STRAIGHT & LEVEL,DAYLIGHT,,,10/16/2020 8:13:31 AM,False,7628,Accepted,
27379404,0568000,LOUISVILLE METRO POLICE DEPT,Accepted,JEFFERSON,,,39TH,ST,S,,MARKET,,,,,38.261699109,-85.813523185,1.464,10/12/2020 12:00:00 AM,1230,2,1,0,0,CLEAR,DRY,False,SIDESWIPE-SAME DIRECTION,SIDESWIPE-SAME DIRECTION,STRAIGHT & LEVEL,DAYLIGHT,,,10/26/2020 5:13:01 PM,False,7772,Accepted,
27325468,0568000,LOUISVILLE METRO POLICE DEPT,Accepted,JEFFERSON,KY2055,,MANSLICK,RD,W,,MASON,,,,,38.109820665,-85.764356216,1.772,10/12/2020 12:00:00 AM,1956,2,2,0,0,CLEAR,DRY,False,ANGLE COLLISION - OTHER,ANGLE,STRAIGHT & LEVEL,DARK-HWY LIGHTED/ON,,,10/13/2020 9:03:50 AM,False,5220,Accepted,
27325466,0568000,LOUISVILLE METRO POLICE DEPT,Accepted,JEFFERSON,KY1020,2035,3RD,ST,S,,,,,,,38.218139347,-85.761459624,10.152,10/12/2020 12:00:00 AM,1825,1,1,0,0,CLEAR,DRY,False,COLLISION WITH FIXED OBJECT NON - INTERSECTION - FIRST EVENT COLLISION 09 - 32 EXCLUDING 16,SINGLE VEHICLE,STRAIGHT & LEVEL,DARK (UNKNOWN ROADWAY LIGHTING),,,10/13/2020 9:03:42 AM,False,5050,Accepted,
27325465,0568000,LOUISVILLE METRO POLICE DEPT,Accepted,JEFFERSON,,2829,CLARK RUN,RD,,,,,,,,38.175195855,-85.874766239,0.104,10/12/2020 12:00:00 AM,2308,2,2,0,0,CLOUDY,DRY,True,1 VEHICLE PARKED POSITION (NOT PARKING LOT/DRIVEWAY),REAR TO REAR,STRAIGHT & LEVEL,DARK-HWY LIGHTED/ON,,,10/13/2020 9:03:36 AM,False,5212,Accepted,
27325473,0568000,LOUISVILLE METRO POLICE DEPT,Accepted,JEFFERSON,KY0061,,PRESTON,ST,S,,OAK,,,,,38.234051940,-85.749490910,11.469,10/12/2020 12:00:00 AM,2209,3,3,0,0,CLEAR,DRY,False,COLLISION WITH PARKED VEHICLE,SIDESWIPE-SAME DIRECTION,CURVE & LEVEL,DARK-HWY LIGHTED/ON,,,10/13/2020 9:04:08 AM,False,5196,Accepted,
27325442,0568000,LOUISVILLE METRO POLICE DEPT,Accepted,JEFFERSON,I 0064,,I64 E EXIT19 TRANSIT,,,,,,,,,38.237079606,-85.623205526,0.160,10/12/2020 12:00:00 AM,1134,1,1,0,0,RAINING,WET,False,OTHER ROADWAY OR MID-BLOCK COLLISION,SINGLE VEHICLE,CURVE & GRADE,DAYLIGHT,,,10/13/2020 9:01:00 AM,False,8278,Accepted,
27325443,0568000,LOUISVILLE METRO POLICE DEPT,Accepted,JEFFERSON,US0031E,5338,BARDSTOWN,RD,,,,,,,,38.168536483,-85.604855638,7.219,10/12/2020 12:00:00 AM,1321,2,2,0,0,CLOUDY,DRY,False,1 VEHICLE PARKED POSITION (NOT PARKING LOT/DRIVEWAY),ANGLE,STRAIGHT & LEVEL,DAYLIGHT,,,10/13/2020 9:01:05 AM,False,7698,Accepted,
27325450,0568000,LOUISVILLE METRO POLICE DEPT,Accepted,JEFFERSON,US0031W,,DIXIE,HWY,,,STONESTREET,,,,,38.121139603,-85.855848974,9.739,10/12/2020 12:00:00 AM,1437,4,4,0,0,CLEAR,DRY,False,ANGLE COLLISION - OTHER,ANGLE,STRAIGHT & LEVEL,DAYLIGHT,,,10/13/2020 9:02:36 AM,False,7234,Accepted,
27325451,0568000,LOUISVILLE METRO POLICE DEPT,Accepted,JEFFERSON,,4239,RIVER PARK,DR,,,,,,,,38.256142362,-85.822325220,0.244,10/12/2020 12:00:00 AM,0850,1,1,0,0,CLEAR,DRY,True,COLLISION WITH FIXED OBJECT NON - INTERSECTION - FIRST EVENT COLLISION 09 - 32 EXCLUDING 16,SINGLE VEHICLE,STRAIGHT & LEVEL,DAYLIGHT,,,10/13/2020 9:02:40 AM,False,5000,Accepted,
27325458,0568000,LOUISVILLE METRO POLICE DEPT,Accepted,JEFFERSON,I 0064,,,,,,,,,,,38.257194022,-85.740872028,0.186,10/12/2020 12:00:00 AM,1927,2,2,0,0,CLEAR,DRY,False,OTHER RAMP RELATED COLLISIONS NOT LISTED ABOVE,ANGLE,CURVE & LEVEL,DARK-HWY LIGHTED/ON,I 0065,I 0064,10/13/2020 9:03:12 AM,True,5271,Accepted,
27325459,0568000,LOUISVILLE METRO POLICE DEPT,Accepted,JEFFERSON,US0060A,,TAYLOR,BLVD,,,,,,,,38.205616885,-85.777314959,2.213,10/12/2020 12:00:00 AM,1855,4,4,0,1,RAINING,WET,False,1 VEHICLE PARKED POSITION (NOT PARKING LOT/DRIVEWAY),REAR END,STRAIGHT & LEVEL,DAYLIGHT,,,10/13/2020 9:03:16 AM,False,7360,Accepted,
27320526,0568000,LOUISVILLE METRO POLICE DEPT,Accepted,JEFFERSON,US0031E,,MAIN,ST,E,,CAMPBELL,,,,,38.254170505,-85.733987325,16.821,10/12/2020 12:00:00 AM,0130,1,1,0,1,CLEAR,DRY,False,COLLISION WITH FIXED OBJECT IN INTERSECTION - FIRST EVENT COLLISION 09 - 32,SINGLE VEHICLE,STRAIGHT & LEVEL,DUSK,,,10/12/2020 9:09:54 AM,False,7904,Accepted,
27325440,0568000,LOUISVILLE METRO POLICE DEPT,Accepted,JEFFERSON,I 0264,,I264 E,,,,,,,,,38.192535635,-85.712370057,13.042,10/12/2020 12:00:00 AM,0858,2,2,0,0,CLOUDY,DRY,False,SIDESWIPE COLLISION - SAME DIRECTION,SIDESWIPE-SAME DIRECTION,STRAIGHT & LEVEL,DAYLIGHT,,,10/13/2020 9:00:48 AM,False,4903,Accepted,
27325448,0568000,LOUISVILLE METRO POLICE DEPT,Accepted,JEFFERSON,,,JEFFERSON TRACE,BLVD,,,POPLAR FOREST,,,,,38.154385047,-85.562655061,0.162,10/12/2020 12:00:00 AM,1536,2,2,0,0,CLEAR,DRY,False,ANGLE COLLISION - ONE VEHICLE TURNING RIGHT,ANGLE,STRAIGHT & LEVEL,DAYLIGHT,,,10/13/2020 9:02:03 AM,False,7698,Accepted,
27325457,0568000,LOUISVILLE METRO POLICE DEPT,Accepted,JEFFERSON,I 0071,,I71 N,,,,,,,,,38.308110750,-85.595051477,8.231,10/12/2020 12:00:00 AM,1915,2,2,0,0,CLEAR,WET,False,REAR END IN TRAFFIC LANES BOTH VEHICLES MOVING,REAR END,STRAIGHT & LEVEL,DAYLIGHT,,,10/13/2020 9:03:05 AM,False,5030,Accepted,
27330663,0568000,LOUISVILLE METRO POLICE DEPT,Accepted,JEFFERSON,US0150,,BROADWAY,,E,,,,FLOYD,KY0061,PRESTON,38.245408881,-85.748687314,2.902,10/12/2020 12:00:00 AM,1300,2,2,0,0,CLEAR,DRY,False,REAR END IN TRAFFIC LANES BOTH VEHICLES MOVING,REAR END,STRAIGHT & LEVEL,DAYLIGHT,,,10/14/2020 9:12:20 AM,False,2403,Accepted,
27330674,0568000,LOUISVILLE METRO POLICE DEPT,Accepted,JEFFERSON,,,RODMAN,ST,,,IOWA,,,,,38.208278882,-85.770080199,0.176,10/12/2020 12:00:00 AM,1824,2,2,0,2,RAINING,WET,True,ANGLE COLLISION - OTHER,ANGLE,STRAIGHT & LEVEL,DUSK,,,10/14/2020 9:13:03 AM,False,5201,Accepted,
27330665,0568000,LOUISVILLE METRO POLICE DEPT,Accepted,JEFFERSON,I 0065,,,,,,,,,,,38.178858471,-85.717321045,0.391,10/12/2020 12:00:00 AM,1600,2,2,0,0,CLEAR,DRY,False,OTHER RAMP RELATED COLLISIONS NOT LISTED ABOVE,REAR END,STRAIGHT & LEVEL,DAYLIGHT,I 0065,KY0061,10/14/2020 9:12:33 AM,False,8278,Accepted,
27320522,0568000,LOUISVILLE METRO POLICE DEPT,Accepted,JEFFERSON,KY1931,,MANSLICK,RD,,,LEDGEWOOD,,,,,38.163279596,-85.797832697,6.104,10/12/2020 12:00:00 AM,0008,2,2,0,4,CLOUDY,DRY,True,OPPOSITE DIRECTION - BOTH VEHICLES GOING STRAIGHT AHEAD,SIDESWIPE-OPPOSITE DIRECTION,STRAIGHT & LEVEL,DARK (UNKNOWN ROADWAY LIGHTING),,,10/12/2020 9:09:46 AM,False,7115,Accepted,
27320524,0568000,LOUISVILLE METRO POLICE DEPT,Accepted,JEFFERSON,KY0907,7642,3RD ST,RD,,,,,,,,38.135103322,-85.788179415,5.292,10/12/2020 12:00:00 AM,0221,1,1,0,1,CLEAR,DRY,False,COLLISION WITH FIXED OBJECT NON - INTERSECTION - FIRST EVENT COLLISION 09 - 32 EXCLUDING 16,SINGLE VEHICLE,STRAIGHT & LEVEL,DARK-HWY LIGHTED/OFF,,,10/12/2020 9:09:50 AM,False,7362,Accepted,
27325445,0568000,LOUISVILLE METRO POLICE DEPT,Accepted,JEFFERSON,,7215,WATSON,LN,,,,,,,,38.057644556,-85.893290139,0.177,10/12/2020 12:00:00 AM,1252,2,2,0,1,CLEAR,DRY,False,1 VEHICLE PARKED POSITION (NOT PARKING LOT/DRIVEWAY),ANGLE,STRAIGHT & LEVEL,DAYLIGHT,,,10/13/2020 9:01:34 AM,False,7234,Accepted,
27325447,0568000,LOUISVILLE METRO POLICE DEPT,Accepted,JEFFERSON,US0060,,SHELBYVILLE,RD,,,,KY0146,NEW LA GRANGE,I 0264,I264 E EXIT20A OFF RAMP TO US60 E,38.249486632,-85.615712353,5.746,10/12/2020 12:00:00 AM,1340,1,1,0,1,CLOUDY,DRY,False,COLLISION WITH FIXED OBJECT NON - INTERSECTION - FIRST EVENT COLLISION 09 - 32 EXCLUDING 16,SINGLE VEHICLE,STRAIGHT & LEVEL,DAYLIGHT,,,10/13/2020 9:01:53 AM,False,6406,Accepted,
27325454,0568000,LOUISVILLE METRO POLICE DEPT,Accepted,JEFFERSON,US0031W,,22ND,ST,S,,DUMESNIL,,,,,38.236464648,-85.790007993,18.675,10/12/2020 12:00:00 AM,1900,2,2,0,0,RAINING,WET,False,OTHER INTERSECTION COLLISIONS,REAR END,CURVE & LEVEL,DARK-HWY LIGHTED/OFF,,,10/13/2020 9:02:57 AM,False,5273,Accepted,
27325464,0568000,LOUISVILLE METRO POLICE DEPT,Accepted,JEFFERSON,KY1931,5302,GREENWOOD,RD,,,,,,,,38.144047490,-85.852154132,2.454,10/12/2020 12:00:00 AM,2059,2,2,0,0,CLOUDY,DRY,False,COLLISION IN PARKING LOT,ANGLE,STRAIGHT & LEVEL,DARK-HWY LIGHTED/ON,,,10/13/2020 9:03:32 AM,False,5212,Accepted,
27325470,0568000,LOUISVILLE METRO POLICE DEPT,Accepted,JEFFERSON,US0031W,,DIXIE,HWY,,US0031W,US31W RAMP TO KY1934,,,,,38.093542256,-85.875188686,7.594,10/12/2020 12:00:00 AM,1944,2,2,0,0,CLEAR,WET,False,OPPOSING LEFT TURN,OPPOSING LEFT TURN,STRAIGHT & LEVEL,DARK-HWY LIGHTED/ON,,,10/13/2020 9:03:59 AM,False,5211,Accepted,
27325472,0568000,LOUISVILLE METRO POLICE DEPT,Accepted,JEFFERSON,KY6304,,OLD PRESTON,HWY,,KY0061,PRESTON,,,,,38.096343170,-85.670481858,0.016,10/12/2020 12:00:00 AM,2120,2,2,0,1,CLEAR,DRY,True,ANGLE COLLISION - ONE VEHICLE TURNING LEFT,ANGLE,STRAIGHT & LEVEL,DARK-HWY LIGHTED/ON,,,10/13/2020 9:04:04 AM,False,7829,Accepted,
27325452,0568000,LOUISVILLE METRO POLICE DEPT,Accepted,JEFFERSON,,,MUHAMMAD ALI,BLVD,W,,,,,,,38.255957280,-85.800631583,2.631,10/12/2020 12:00:00 AM,1058,1,1,0,0,CLEAR,DRY,False,OTHER ROADWAY OR MID-BLOCK COLLISION,SINGLE VEHICLE,STRAIGHT & GRADE,DAYLIGHT,,,10/13/2020 9:02:48 AM,False,5300,Accepted,
27325453,0568000,LOUISVILLE METRO POLICE DEPT,Accepted,JEFFERSON,,915,EUCLID,AVE,,,,,,,,38.211461159,-85.772454000,0.105,10/12/2020 12:00:00 AM,1347,2,2,0,0,CLOUDY,DRY,False,1 VEHICLE PARKED POSITION (NOT PARKING LOT/DRIVEWAY),REAR END,STRAIGHT & LEVEL,DAYLIGHT,,,10/13/2020 9:02:52 AM,False,7422,Accepted,
27349399,0568000,LOUISVILLE METRO POLICE DEPT,Accepted,JEFFERSON,,,SOUTHERN,PKWY,,,BROOKLINE,,,,,38.176620254,-85.772349636,0.432,10/12/2020 12:00:00 AM,1743,2,2,0,4,CLOUDY,DRY,False,HEAD-ON COLLISION,HEAD ON,STRAIGHT & LEVEL,DUSK,,,10/19/2020 8:59:55 AM,False,7048,Accepted,
27320455,0568000,LOUISVILLE METRO POLICE DEPT,Accepted,JEFFERSON,KY1747,,FERN VALLEY,RD,,KY2052,SHEPHERDSVILLE,,,,,38.156201514,-85.659736865,3.968,10/11/2020 12:00:00 AM,0419,2,2,0,0,CLOUDY,DRY,True,COLLISION WITH FIXED OBJECT IN INTERSECTION - FIRST EVENT COLLISION 09 - 32,ANGLE,STRAIGHT & LEVEL,DARK-HWY NOT LIGHTED,,,10/12/2020 9:07:02 AM,False,7106,Accepted,
27320507,0568000,LOUISVILLE METRO POLICE DEPT,Accepted,JEFFERSON,KY0061,,PRESTON,HWY,,,GRADE,,,,,38.180159848,-85.718525178,7.358,10/11/2020 12:00:00 AM,0728,2,2,0,3,RAINING,WET,False,OPPOSING LEFT TURN,OPPOSING LEFT TURN,STRAIGHT & LEVEL,DAYLIGHT,,,10/12/2020 9:08:20 AM,False,5146,Accepted,