IncidentID,AgencyORI,AgencyName,IncidentStatusDesc,County,RdwyNumber,Street,RoadwayName,StreetSfx,StreetDir,IntersectionRdwy,IntersectionRdwyName,BetweenStRdwy1,BetweenStRdwyName1,BetweenStRdwy2,BetweenStRdwyName2,Latitude,Longitude,Milepoint,CollisionDate,CollisionTime,UnitsInvolved,MotorVehiclesInvolved,NumberKilled,NumberInjured,Weather,RdwyConditionCode,HitandRun,DirAnalysisCode,MannerofCollision,RdwyCharacter,LightCondition,RampFromRdwyId,RampToRdwyId,AcceptedDate,IsSecondaryCollision,OwnerBadge,IncidentStatus,
27323196,0560400,SHIVELY POLICE DEPARTMENT,Accepted,JEFFERSON,I 0264,,I264 W,,,,,,,,,38.188907975,-85.829763182,6.532,10/11/2020 12:00:00 AM,0131,2,2,0,0,CLEAR,DRY,False,SIDESWIPE COLLISION - SAME DIRECTION,SIDESWIPE-SAME DIRECTION,CURVE & LEVEL,DARK-HWY LIGHTED/ON,,,10/12/2020 6:41:12 PM,False,7130,Accepted,
27320533,0568000,LOUISVILLE METRO POLICE DEPT,Accepted,JEFFERSON,,,WOLF PEN BRANCH,RD,,,,,WOLF RIDGE,,SPRING FARM,38.324076051,-85.607496848,1.722,10/11/2020 12:00:00 AM,2145,1,1,0,0,CLEAR,DRY,False,COLLISION WITH FIXED OBJECT NON - INTERSECTION - FIRST EVENT COLLISION 09 - 32 EXCLUDING 16,SINGLE VEHICLE,STRAIGHT & GRADE,DARK-HWY LIGHTED/OFF,,,10/12/2020 9:10:25 AM,False,7159,Accepted,
27320517,0568000,LOUISVILLE METRO POLICE DEPT,Accepted,JEFFERSON,US0031W,,DR W J HODGE,ST,,,GARLAND,,,,,38.244080115,-85.787378059,19.276,10/11/2020 12:00:00 AM,1540,2,2,0,1,CLOUDY,DRY,False,ANGLE COLLISION - OTHER,ANGLE,STRAIGHT & LEVEL,DAYLIGHT,,,10/12/2020 9:09:17 AM,False,5151,Accepted,
27320505,0568000,LOUISVILLE METRO POLICE DEPT,Accepted,JEFFERSON,KY2054,,ALGONQUIN,PKWY,,US0031W,22ND,,,,,38.223359919,-85.795102787,1.503,10/11/2020 12:00:00 AM,1209,2,2,0,3,CLOUDY,DRY,False,ANGLE COLLISION - OTHER,ANGLE,STRAIGHT & LEVEL,DAYLIGHT,,,10/12/2020 9:08:02 AM,False,7381,Accepted,
27320514,0568000,LOUISVILLE METRO POLICE DEPT,Accepted,JEFFERSON,,5701,WATTERSON,TRL,S,,,,,,,38.157456884,-85.614804829,1.913,10/11/2020 12:00:00 AM,1411,1,1,0,0,CLEAR,DRY,False,COLLISION WITH FIXED OBJECT NON - INTERSECTION - FIRST EVENT COLLISION 09 - 32 EXCLUDING 16,SINGLE VEHICLE,CURVE & LEVEL,DAYLIGHT,,,10/12/2020 9:09:01 AM,False,5233,Accepted,
27320515,0568000,LOUISVILLE METRO POLICE DEPT,Accepted,JEFFERSON,,,SHADY VILLA,DR,,,JEANINE,,,,,38.162856473,-85.688133825,0.524,10/11/2020 12:00:00 AM,1640,2,2,0,0,CLEAR,DRY,False,ANGLE COLLISION - OTHER,ANGLE,STRAIGHT & GRADE,DAYLIGHT,,,10/12/2020 9:09:05 AM,False,5130,Accepted,
27339890,0568000,LOUISVILLE METRO POLICE DEPT,Accepted,JEFFERSON,I 0265,,I265 E,,,,,,,,,38.147136087,-85.543589932,19.522,10/11/2020 12:00:00 AM,0417,2,1,1,0,RAINING,DRY,True,COLLISION WITH PEDESTRIAN NON - INTERSECTION,SINGLE VEHICLE,CURVE & GRADE,DARK-HWY NOT LIGHTED,,,10/16/2020 8:12:41 AM,False,6886,Accepted,
27320502,0568000,LOUISVILLE METRO POLICE DEPT,Accepted,JEFFERSON,KY1531,,ROUTT,RD,,,,KY1819,BRUSH RUN,,OLD HEADY,38.130586813,-85.468512862,2.186,10/11/2020 12:00:00 AM,1022,1,1,0,1,CLOUDY,WET,False,RAN OFF ROADWAY (1 VEHICLE WITH/EARTH EMBANKMENT/DITCH),SINGLE VEHICLE,CURVE & GRADE,DAYLIGHT,,,10/12/2020 9:07:46 AM,False,6337,Accepted,
27320510,0568000,LOUISVILLE METRO POLICE DEPT,Accepted,JEFFERSON,,,BECKLEY CREEK,PKWY,,,,US0060,SHELBYVILLE,,BLUE HERON,38.231255080,-85.467125823,0.506,10/11/2020 12:00:00 AM,1039,2,2,0,0,CLOUDY,DRY,False,SIDESWIPE COLLISION - OPPOSITE DIRECTION,SIDESWIPE-OPPOSITE DIRECTION,CURVE & LEVEL,DAYLIGHT,,,10/12/2020 9:08:39 AM,False,7751,Accepted,
27320520,0568000,LOUISVILLE METRO POLICE DEPT,Accepted,JEFFERSON,KY1934,,CANE RUN,RD,,,,,,,,38.210363457,-85.823223052,10.275,10/11/2020 12:00:00 AM,2016,2,2,0,0,CLEAR,DRY,False,REAR END IN TRAFFIC LANES BOTH VEHICLES MOVING,REAR END,STRAIGHT & LEVEL,DARK-HWY LIGHTED/ON,,,10/12/2020 9:09:33 AM,False,7312,Accepted,
27320521,0568000,LOUISVILLE METRO POLICE DEPT,Accepted,JEFFERSON,I 0071,,I71 TURN AROUND8,,,,,,,,,38.310949037,-85.589699307,0.009,10/11/2020 12:00:00 AM,2050,1,1,0,0,CLOUDY,GRAVEL,False,COLLISION WITH FIXED OBJECT NON - INTERSECTION - FIRST EVENT COLLISION 09 - 32 EXCLUDING 16,SINGLE VEHICLE,CURVE & LEVEL,DARK-HWY LIGHTED/OFF,,,10/12/2020 9:09:41 AM,False,7571,Accepted,
27320527,0568000,LOUISVILLE METRO POLICE DEPT,Accepted,JEFFERSON,,3810,NORTHWESTERN,PKWY,,,,,,,,38.274289659,-85.810252567,1.799,10/11/2020 12:00:00 AM,0507,2,2,0,0,CLEAR,DRY,True,1 VEHICLE PARKED POSITION (NOT PARKING LOT/DRIVEWAY),SIDESWIPE-SAME DIRECTION,STRAIGHT & LEVEL,DARK-HWY LIGHTED/ON,,,10/12/2020 9:09:58 AM,False,5216,Accepted,
27320528,0568000,LOUISVILLE METRO POLICE DEPT,Accepted,JEFFERSON,,,JOHNSON,ST,N,US0042,STORY,,,,,38.254565259,-85.731182621,0.095,10/11/2020 12:00:00 AM,2308,3,3,0,1,CLEAR,DRY,False,COLLISION WITH PARKED VEHICLE,SIDESWIPE-SAME DIRECTION,STRAIGHT & LEVEL,DARK-HWY LIGHTED/ON,,,10/12/2020 9:10:03 AM,False,7386,Accepted,
27320529,0568000,LOUISVILLE METRO POLICE DEPT,Accepted,JEFFERSON,KY1932,,BRECKENRIDGE,LN,,,GREENWICH,,,,,38.193538923,-85.625515645,0.848,10/11/2020 12:00:00 AM,0800,2,2,0,1,CLEAR,DRY,False,ANGLE COLLISION - OTHER,ANGLE,STRAIGHT & LEVEL,DAYLIGHT,,,10/12/2020 9:10:07 AM,False,5178,Accepted,
27320535,0568000,LOUISVILLE METRO POLICE DEPT,Accepted,JEFFERSON,,,JEFFERSON,ST,W,,,,,,,38.254559576,-85.763632036,0.636,10/11/2020 12:00:00 AM,2006,2,2,0,1,CLEAR,DRY,False,1 VEHICLE ENTERING/LEAVING ENTRANCE,ANGLE,STRAIGHT & LEVEL,DARK-HWY LIGHTED/ON,,,10/12/2020 9:10:32 AM,False,5148,Accepted,
27320461,0568000,LOUISVILLE METRO POLICE DEPT,Accepted,JEFFERSON,,,CHEROKEE,RD,,,,KY2860,GRINSTEAD,,PATTERSON,38.238323706,-85.717997380,0.620,10/11/2020 12:00:00 AM,0822,6,6,0,0,CLOUDY,DRY,True,1 VEHICLE PARKED POSITION (NOT PARKING LOT/DRIVEWAY),SIDESWIPE-SAME DIRECTION,STRAIGHT & LEVEL,DAYLIGHT,,,10/12/2020 9:07:32 AM,False,7900,Accepted,
27320501,0568000,LOUISVILLE METRO POLICE DEPT,Accepted,JEFFERSON,,743,MCCAWLEY,RD,,,,,,,,38.144971140,-85.687691070,0.132,10/11/2020 12:00:00 AM,1030,2,2,0,0,CLOUDY,DRY,False,COLLISION IN PARKING LOT,REAR END,CURVE & LEVEL,DAYLIGHT,,,10/12/2020 9:07:41 AM,False,2547,Accepted,
27320453,0568000,LOUISVILLE METRO POLICE DEPT,Accepted,JEFFERSON,,1362,CYPRESS,ST,,,,,,,,38.234072418,-85.798084698,0.263,10/11/2020 12:00:00 AM,0124,2,2,0,0,CLEAR,DRY,False,1 VEHICLE PARKED POSITION (NOT PARKING LOT/DRIVEWAY),SIDESWIPE-OPPOSITE DIRECTION,STRAIGHT & LEVEL,DARK (UNKNOWN ROADWAY LIGHTING),,,10/12/2020 9:06:53 AM,False,5285,Accepted,
27320454,0568000,LOUISVILLE METRO POLICE DEPT,Accepted,JEFFERSON,,,CHESTNUT,ST,E,KY0061,PRESTON,,,,,38.247790459,-85.747224307,0.312,10/11/2020 12:00:00 AM,0040,2,2,0,1,CLEAR,DRY,False,ANGLE COLLISION - OTHER,ANGLE,STRAIGHT & LEVEL,DARK-HWY LIGHTED/ON,,,10/12/2020 9:06:58 AM,False,7386,Accepted,
27320503,0568000,LOUISVILLE METRO POLICE DEPT,Accepted,JEFFERSON,KY1865,,NEW CUT,RD,,,,,ORCHARD HILL,,KENWOOD,38.160288396,-85.778789213,3.683,10/11/2020 12:00:00 AM,1030,2,2,0,0,CLOUDY,DRY,False,SIDESWIPE COLLISION - SAME DIRECTION,SIDESWIPE-SAME DIRECTION,STRAIGHT & LEVEL,DAYLIGHT,,,10/12/2020 9:07:53 AM,False,7232,Accepted,
27320504,0568000,LOUISVILLE METRO POLICE DEPT,Accepted,JEFFERSON,KY1819,,BILLTOWN,RD,,,GELLHAUS,,,,,38.150573264,-85.549321390,5.525,10/11/2020 12:00:00 AM,0630,1,1,0,0,RAINING,WET,False,COLLISION WITH FIXED OBJECT IN INTERSECTION - FIRST EVENT COLLISION 09 - 32,SINGLE VEHICLE,STRAIGHT & LEVEL,DARK-HWY NOT LIGHTED,,,10/12/2020 9:07:57 AM,False,7356,Accepted,
27588737,0568000,LOUISVILLE METRO POLICE DEPT,Accepted,JEFFERSON,US0060A,,TAYLOR,BLVD,,,LONGFIELD,,,,,38.198591455,-85.782746740,1.620,10/11/2020 12:00:00 AM,0139,2,2,0,0,CLEAR,DRY,True,ANGLE COLLISION - ONE VEHICLE TURNING LEFT,ANGLE,STRAIGHT & LEVEL,DARK-HWY LIGHTED/ON,,,12/21/2020 8:44:29 AM,False,5163,Accepted,
27320509,0568000,LOUISVILLE METRO POLICE DEPT,Accepted,JEFFERSON,I 0264,,I264 E,,,,,,,I 0264,I264 E EXIT21 ON RAMP FROM KY1447,38.274074857,-85.630464608,21.592,10/10/2020 12:00:00 AM,1747,2,2,0,1,CLOUDY,DRY,False,REAR END IN TRAFFIC LANES BOTH VEHICLES MOVING,REAR END,STRAIGHT & LEVEL,DAYLIGHT,,,10/12/2020 9:08:33 AM,False,7751,Accepted,
27320436,0568000,LOUISVILLE METRO POLICE DEPT,Accepted,JEFFERSON,KY1934,,CANE RUN,RD,,,NEW LYNNVIEW,,,,,38.189170662,-85.850125606,8.192,10/10/2020 12:00:00 AM,0102,1,1,0,1,CLEAR,DRY,False,NON-COLLISION OBJECT COLLISION,SINGLE VEHICLE,STRAIGHT & LEVEL,DARK-HWY LIGHTED/ON,,,10/12/2020 9:05:01 AM,False,7312,Accepted,
27320513,0568000,LOUISVILLE METRO POLICE DEPT,Accepted,JEFFERSON,,,SPRINGDALE,RD,,,RUNNING SPRING,,,,,38.313941642,-85.589306119,1.068,10/10/2020 12:00:00 AM,2034,2,2,0,0,CLOUDY,DRY,False,ANGLE COLLISION - ONE VEHICLE TURNING LEFT,ANGLE,STRAIGHT & LEVEL,DARK (UNKNOWN ROADWAY LIGHTING),,,10/12/2020 9:08:57 AM,False,5228,Accepted,
27320459,0568000,LOUISVILLE METRO POLICE DEPT,Accepted,JEFFERSON,,,ORMSBY,AVE,W,,4TH,,,,,38.232954477,-85.760895986,0.263,10/10/2020 12:00:00 AM,1517,2,2,0,0,CLEAR,DRY,True,ANGLE COLLISION - OTHER,ANGLE,STRAIGHT & LEVEL,DAYLIGHT,,,10/12/2020 9:07:23 AM,False,7495,Accepted,
27320440,0568000,LOUISVILLE METRO POLICE DEPT,Accepted,JEFFERSON,,2111,WALLIE ANN,CT,,,,,,,,38.220700798,-85.790035485,0.031,10/10/2020 12:00:00 AM,,2,2,0,0,CLEAR,DRY,True,1 VEHICLE PARKED POSITION (NOT PARKING LOT/DRIVEWAY),SIDESWIPE-OPPOSITE DIRECTION,STRAIGHT & LEVEL,DARK-HWY LIGHTED/ON,,,10/12/2020 9:05:24 AM,False,7312,Accepted,
27320450,0568000,LOUISVILLE METRO POLICE DEPT,Accepted,JEFFERSON,,,SOUTHERN,PKWY,,,BROOKLINE,,,,,38.176622325,-85.772340763,0.432,10/10/2020 12:00:00 AM,1325,2,2,0,0,CLOUDY,DRY,False,REAR END - ONE VEHICLE TURNING LEFT,REAR END,STRAIGHT & LEVEL,DAYLIGHT,,,10/12/2020 9:06:27 AM,False,5299,Accepted,
27320456,0568000,LOUISVILLE METRO POLICE DEPT,Accepted,JEFFERSON,,,4TH,ST,S,,HILL,,,,,38.226019012,-85.761919474,2.131,10/10/2020 12:00:00 AM,1830,2,2,0,0,CLEAR,DRY,False,COLLISION WITH PARKED VEHICLE,SIDESWIPE-SAME DIRECTION,STRAIGHT & LEVEL,DARK-HWY LIGHTED/ON,,,10/12/2020 9:07:08 AM,False,5131,Accepted,
27320457,0568000,LOUISVILLE METRO POLICE DEPT,Accepted,JEFFERSON,,2110,ROCKFORD,LN,,,,,,,,38.183349416,-85.853999970,0.082,10/10/2020 12:00:00 AM,2038,2,2,0,1,CLEAR,DRY,False,1 VEHICLE ENTERING/LEAVING ENTRANCE,ANGLE,STRAIGHT & LEVEL,DARK-HWY LIGHTED/ON,,,10/12/2020 9:07:13 AM,False,5224,Accepted,
27320458,0568000,LOUISVILLE METRO POLICE DEPT,Accepted,JEFFERSON,I 0071,,I71 N,,,I 0071,I71 N EXIT2 OFF RAMP TO  ZORN AVE,,,,,38.274216480,-85.698263433,1.697,10/10/2020 12:00:00 AM,0628,1,1,0,0,CLOUDY,DRY,False,COLLISION WITH FIXED OBJECT IN INTERSECTION - FIRST EVENT COLLISION 09 - 32,SINGLE VEHICLE,STRAIGHT & LEVEL,DARK-HWY LIGHTED/ON,,,10/12/2020 9:07:18 AM,False,7304,Accepted,
27339897,0568000,LOUISVILLE METRO POLICE DEPT,Accepted,JEFFERSON,,,KENTUCKY,ST,E,KY0864,LOGAN,,,,,38.236266713,-85.739434439,0.854,10/10/2020 12:00:00 AM,1323,2,2,0,1,CLEAR,DRY,False,ANGLE COLLISION - OTHER,ANGLE,STRAIGHT & LEVEL,DAYLIGHT,,,10/16/2020 8:13:10 AM,False,7116,Accepted,
27320449,0568000,LOUISVILLE METRO POLICE DEPT,Accepted,JEFFERSON,KY0061,,PRESTON,ST,S,,KENTUCKY,,,,,38.237759856,-85.748833355,12.047,10/10/2020 12:00:00 AM,1322,2,2,0,1,CLOUDY,DRY,False,ANGLE COLLISION - OTHER,ANGLE,STRAIGHT & LEVEL,DAYLIGHT,,,10/12/2020 9:06:18 AM,False,5186,Accepted,
27320438,0568000,LOUISVILLE METRO POLICE DEPT,Accepted,JEFFERSON,I 0265,,I265 N,,,I 0265,I265 N EXIT27 OFF RAMP TO US60,,,,,38.236069293,-85.504268190,26.403,10/10/2020 12:00:00 AM,0120,1,1,0,0,CLEAR,DRY,False,COLLISION WITH ANIMAL IN INTERSECTION,SINGLE VEHICLE,STRAIGHT & LEVEL,DARK-HWY LIGHTED/ON,,,10/12/2020 9:05:15 AM,False,2013,Accepted,
27325438,0568000,LOUISVILLE METRO POLICE DEPT,Accepted,JEFFERSON,KY1020,,3RD,ST,S,KY1020,KENWOOD,,,,,38.178806261,-85.766715554,7.600,10/10/2020 12:00:00 AM,0511,1,1,1,0,CLEAR,DRY,False,COLLISION WITH FIXED OBJECT IN INTERSECTION - FIRST EVENT COLLISION 09 - 32,SINGLE VEHICLE,STRAIGHT & LEVEL,DARK-HWY NOT LIGHTED,,,10/13/2020 9:00:31 AM,False,6886,Accepted,
27339937,0568000,LOUISVILLE METRO POLICE DEPT,Accepted,JEFFERSON,,,HIKES,LN,,,KLONDIKE,,,,,38.211159089,-85.640699919,2.212,10/10/2020 12:00:00 AM,0421,2,2,0,0,CLEAR,DRY,False,OTHER INTERSECTION COLLISIONS,REAR END,STRAIGHT & LEVEL,DARK-HWY LIGHTED/OFF,,,10/16/2020 8:15:37 AM,False,7851,Accepted,
27339944,0568000,LOUISVILLE METRO POLICE DEPT,Accepted,JEFFERSON,US0060A,,TAYLOR,BLVD,,,LONGFIELD,,,,,38.198623174,-85.782720325,1.617,10/9/2020 12:00:00 AM,1939,2,2,0,1,CLEAR,DRY,False,REAR END - ONE VEHICLE TURNING LEFT,REAR END,STRAIGHT & LEVEL,DARK-HWY LIGHTED/ON,,,10/16/2020 8:16:04 AM,False,5163,Accepted,
27335288,0568000,LOUISVILLE METRO POLICE DEPT,Accepted,JEFFERSON,KY1865,,TAYLOR,BLVD,,,,,,,,38.180569459,-85.783418150,5.093,10/9/2020 12:00:00 AM,1230,2,2,0,0,CLEAR,DRY,False,OTHER ROADWAY OR MID-BLOCK COLLISION,OPPOSING LEFT TURN,STRAIGHT & LEVEL,DAYLIGHT,,,10/15/2020 8:09:00 AM,False,7471,Accepted,
27320433,0568000,LOUISVILLE METRO POLICE DEPT,Accepted,JEFFERSON,,205,DERBY,AVE,,,,,,,,38.189247859,-85.636650115,0.459,10/9/2020 12:00:00 AM,1913,1,1,0,0,CLEAR,DRY,False,COLLISION WITH FIXED OBJECT NON - INTERSECTION - FIRST EVENT COLLISION 09 - 32 EXCLUDING 16,SINGLE VEHICLE,STRAIGHT & LEVEL,DAYLIGHT,,,10/12/2020 9:04:46 AM,False,7864,Accepted,
27320406,0568000,LOUISVILLE METRO POLICE DEPT,Accepted,JEFFERSON,I 0264,,,,,,,,,,,38.201311113,-85.687757606,0.285,10/9/2020 12:00:00 AM,0808,2,2,0,0,CLOUDY,DRY,False,OTHER RAMP RELATED COLLISIONS NOT LISTED ABOVE,REAR END,CURVE & HILLCREST,DAYLIGHT,I 0264,KY1703,10/12/2020 9:03:28 AM,False,4693,Accepted,
27320423,0568000,LOUISVILLE METRO POLICE DEPT,Accepted,JEFFERSON,,,DIXIE,HWY,,KY2054,ALGONQUIN,,,,,38.223170527,-85.792512203,1.867,10/9/2020 12:00:00 AM,1055,2,2,0,2,CLEAR,DRY,False,ANGLE COLLISION - OTHER,ANGLE,STRAIGHT & LEVEL,DAYLIGHT,,,10/12/2020 9:03:46 AM,False,5311,Accepted,
27320424,0568000,LOUISVILLE METRO POLICE DEPT,Accepted,JEFFERSON,I 0265,,I265 W,,,,,,,,,38.197800941,-85.508156940,23.721,10/9/2020 12:00:00 AM,1520,2,2,0,0,CLEAR,DRY,False,REAR END IN TRAFFIC LANES BOTH VEHICLES MOVING,REAR END,STRAIGHT & HILLCREST,DAYLIGHT,,,10/12/2020 9:03:51 AM,False,6878,Accepted,
27320516,0568000,LOUISVILLE METRO POLICE DEPT,Accepted,JEFFERSON,US0031W,13916,DIXIE,HWY,,,,,WATSON,,LEWIS,38.055224739,-85.891620885,4.727,10/9/2020 12:00:00 AM,1450,2,2,0,0,CLOUDY,DRY,False,SIDESWIPE COLLISION - SAME DIRECTION,SIDESWIPE-SAME DIRECTION,STRAIGHT & LEVEL,DAYLIGHT,,,10/12/2020 9:09:10 AM,False,7336,Accepted,
27320430,0568000,LOUISVILLE METRO POLICE DEPT,Accepted,JEFFERSON,I 0264,,,,,,,,,,,38.236041540,-85.817584222,0.032,10/9/2020 12:00:00 AM,1442,2,2,0,0,CLEAR,DRY,True,OTHER RAMP RELATED COLLISIONS NOT LISTED ABOVE,REAR END,CURVE & GRADE,DAYLIGHT,I 0264,DUMESNIL ST,10/12/2020 9:04:28 AM,False,7328,Accepted,
27320441,0568000,LOUISVILLE METRO POLICE DEPT,Accepted,JEFFERSON,,,ST CATHERINE,ST,W,,,KY1020,2ND,,1ST,38.237058150,-85.756610770,0.090,10/9/2020 12:00:00 AM,2123,3,3,0,0,CLEAR,DRY,False,1 VEHICLE ENTERING/LEAVING ENTRANCE,ANGLE,STRAIGHT & LEVEL,DARK-HWY LIGHTED/ON,,,10/12/2020 9:05:28 AM,False,5267,Accepted,
27320442,0568000,LOUISVILLE METRO POLICE DEPT,Accepted,JEFFERSON,,,15TH,ST,S,,JEFFERSON,,,,,38.255848416,-85.775227379,2.114,10/9/2020 12:00:00 AM,1918,4,4,0,2,CLEAR,DRY,False,COLLISION WITH PARKED VEHICLE,REAR END,STRAIGHT & LEVEL,DAYLIGHT,,,10/12/2020 9:05:35 AM,False,5047,Accepted,
27320447,0568000,LOUISVILLE METRO POLICE DEPT,Accepted,JEFFERSON,I 0071,,I71 N,,,,,,,,,38.282955189,-85.684227148,2.747,10/9/2020 12:00:00 AM,1734,1,1,0,1,CLEAR,DRY,False,COLLISION WITH FIXED OBJECT NON - INTERSECTION - FIRST EVENT COLLISION 09 - 32 EXCLUDING 16,SINGLE VEHICLE,STRAIGHT & LEVEL,DAYLIGHT,,,10/12/2020 9:06:05 AM,False,7632,Accepted,
27320425,0568000,LOUISVILLE METRO POLICE DEPT,Accepted,JEFFERSON,I 0264,,I264 W,,,,,I 0264,I264 W EXIT11 ON RAMP FROM  CRITTENDEN DR,I 0264,I264 W EXIT10 OFF RAMP TO KY1020,38.190308360,-85.758925317,10.572,10/9/2020 12:00:00 AM,1521,3,3,0,0,CLEAR,DRY,False,OTHER ROADWAY OR MID-BLOCK COLLISION,REAR END,STRAIGHT & GRADE,DAYLIGHT,,,10/12/2020 9:03:57 AM,False,2499,Accepted,
27320431,0568000,LOUISVILLE METRO POLICE DEPT,Accepted,JEFFERSON,,4516,SWAKO,LN,,,,,KNIGHT,,BEACON HILL,38.175432081,-85.806624666,0.071,10/9/2020 12:00:00 AM,0857,2,2,0,0,CLEAR,DRY,True,1 VEHICLE PARKED POSITION (NOT PARKING LOT/DRIVEWAY),SIDESWIPE-OPPOSITE DIRECTION,STRAIGHT & LEVEL,DAYLIGHT,,,10/12/2020 9:04:34 AM,False,5315,Accepted,
27314547,0560400,SHIVELY POLICE DEPARTMENT,Accepted,JEFFERSON,I 0264,,I264 W,,,I 0264,I264 W EXIT8A OFF RAMP TO US31W N,,,,,38.185983726,-85.804756609,8.033,10/9/2020 12:00:00 AM,1651,2,2,0,0,CLEAR,DRY,False,SIDESWIPE-SAME DIRECTION,SIDESWIPE-SAME DIRECTION,STRAIGHT & LEVEL,DAYLIGHT,,,10/10/2020 7:02:59 AM,False,7124,Accepted,
27320437,0568000,LOUISVILLE METRO POLICE DEPT,Accepted,JEFFERSON,,,LOWER HUNTERS,TRCE,,,,,,,,38.162812696,-85.857524168,1.364,10/9/2020 12:00:00 AM,2319,1,1,0,1,CLEAR,DRY,False,COLLISION WITH FIXED OBJECT NON - INTERSECTION - FIRST EVENT COLLISION 09 - 32 EXCLUDING 16,SINGLE VEHICLE,STRAIGHT & LEVEL,DARK-HWY NOT LIGHTED,,,10/12/2020 9:05:10 AM,False,5170,Accepted,
27320443,0568000,LOUISVILLE METRO POLICE DEPT,Accepted,JEFFERSON,US0150,,BROADWAY,,W,,18TH,,,,,38.248961085,-85.781498738,1.097,10/9/2020 12:00:00 AM,2110,2,2,0,0,CLEAR,DRY,False,OTHER INTERSECTION COLLISIONS,REAR END,STRAIGHT & LEVEL,DARK-HWY LIGHTED/ON,,,10/12/2020 9:05:41 AM,False,5047,Accepted,
27320444,0568000,LOUISVILLE METRO POLICE DEPT,Accepted,JEFFERSON,I 0265,,I265 N,,,,,I 0071,I71 N,I 0071,I71 S,38.314695864,-85.581339856,34.689,10/9/2020 12:00:00 AM,1701,2,2,0,0,CLOUDY,DRY,False,OTHER ROADWAY OR MID-BLOCK COLLISION,REAR END,STRAIGHT & LEVEL,DAYLIGHT,,,10/12/2020 9:05:49 AM,False,7751,Accepted,
27320445,0568000,LOUISVILLE METRO POLICE DEPT,Accepted,JEFFERSON,,,RIVER,RD,,,,,WOLF PEN BRANCH,,ASHBOURNE,38.327034459,-85.633662473,4.992,10/9/2020 12:00:00 AM,1835,2,2,0,0,CLOUDY,DRY,False,REAR END IN TRAFFIC LANES BOTH VEHICLES MOVING,REAR END,CURVE & LEVEL,DAYLIGHT,,,10/12/2020 9:05:53 AM,False,7751,Accepted,
27320451,0568000,LOUISVILLE METRO POLICE DEPT,Accepted,JEFFERSON,KY1865,4107,TAYLOR,BLVD,,,,,,,,38.182829993,-85.783740977,5.297,10/9/2020 12:00:00 AM,1019,2,2,0,1,CLEAR,DRY,False,OTHER ROADWAY OR MID-BLOCK COLLISION,OPPOSING LEFT TURN,STRAIGHT & LEVEL,DAYLIGHT,,,10/12/2020 9:06:34 AM,False,5325,Accepted,
27310509,0568000,LOUISVILLE METRO POLICE DEPT,Accepted,JEFFERSON,US0031,,CLARK MEMORIAL,BRG,,,,,,,,38.267741493,-85.750698391,0.806,10/9/2020 12:00:00 AM,0315,2,2,0,0,CLEAR,DRY,False,OTHER ROADWAY OR MID-BLOCK COLLISION,REAR END,STRAIGHT & LEVEL,DARK-HWY NOT LIGHTED,,,10/9/2020 8:06:58 AM,False,7325,Accepted,
27320426,0568000,LOUISVILLE METRO POLICE DEPT,Accepted,JEFFERSON,KY1020,,NATIONAL,TPKE,,,,,,,,38.093520818,-85.726700125,0.710,10/9/2020 12:00:00 AM,1436,2,2,0,0,CLEAR,DRY,True,SIDESWIPE COLLISION - OPPOSITE DIRECTION,SIDESWIPE-OPPOSITE DIRECTION,CURVE & LEVEL,DAYLIGHT,,,10/12/2020 9:04:03 AM,False,7234,Accepted,
27320428,0568000,LOUISVILLE METRO POLICE DEPT,Accepted,JEFFERSON,I 0065,,,,,,,,,,,38.187937682,-85.728464285,0.353,10/9/2020 12:00:00 AM,1717,2,2,0,0,CLEAR,DRY,False,OTHER RAMP RELATED COLLISIONS NOT LISTED ABOVE,SIDESWIPE-SAME DIRECTION,CURVE & LEVEL,DAYLIGHT,I 0065,I 0065,10/12/2020 9:04:14 AM,False,2499,Accepted,
27320429,0568000,LOUISVILLE METRO POLICE DEPT,Accepted,JEFFERSON,I 0065,,,,,,,,,,,38.190723984,-85.730573192,0.453,10/9/2020 12:00:00 AM,1610,2,2,0,0,CLEAR,DRY,False,OTHER RAMP RELATED COLLISIONS NOT LISTED ABOVE,REAR END,STRAIGHT & LEVEL,DAYLIGHT,I 0065,I 0065,10/12/2020 9:04:20 AM,False,5052,Accepted,
27320409,0568000,LOUISVILLE METRO POLICE DEPT,Accepted,JEFFERSON,KY0864,,POPLAR LEVEL,RD,,,,,,,,38.213858334,-85.722841990,12.915,10/9/2020 12:00:00 AM,1129,2,2,0,0,CLOUDY,DRY,False,REAR END IN TRAFFIC LANES BOTH VEHICLES MOVING,REAR END,CURVE & LEVEL,DAYLIGHT,,,10/12/2020 9:03:35 AM,False,4693,Accepted,
27320434,0568000,LOUISVILLE METRO POLICE DEPT,Accepted,JEFFERSON,KY0146,,NEW LA GRANGE,RD,,,,,WASHBURN,,SUNDANCE,38.255030465,-85.610521446,0.547,10/9/2020 12:00:00 AM,2032,2,2,0,1,CLEAR,DRY,False,REAR END IN TRAFFIC LANES BOTH VEHICLES MOVING,REAR END,STRAIGHT & LEVEL,DARK-HWY LIGHTED/OFF,,,10/12/2020 9:04:50 AM,False,7096,Accepted,