IncidentID,AgencyORI,AgencyName,IncidentStatusDesc,County,RdwyNumber,Street,RoadwayName,StreetSfx,StreetDir,IntersectionRdwy,IntersectionRdwyName,BetweenStRdwy1,BetweenStRdwyName1,BetweenStRdwy2,BetweenStRdwyName2,Latitude,Longitude,Milepoint,CollisionDate,CollisionTime,UnitsInvolved,MotorVehiclesInvolved,NumberKilled,NumberInjured,Weather,RdwyConditionCode,HitandRun,DirAnalysisCode,MannerofCollision,RdwyCharacter,LightCondition,RampFromRdwyId,RampToRdwyId,AcceptedDate,IsSecondaryCollision,OwnerBadge,IncidentStatus,
27310507,0568000,LOUISVILLE METRO POLICE DEPT,Accepted,JEFFERSON,KY1450,,BLUE LICK,RD,,,,,,,,38.118546645,-85.689487040,2.327,10/9/2020 12:00:00 AM,0307,1,1,0,2,CLEAR,DRY,False,RAN OFF ROADWAY (1 VEHICLE WITH/EARTH EMBANKMENT/DITCH),SINGLE VEHICLE,STRAIGHT & LEVEL,DARK (UNKNOWN ROADWAY LIGHTING),,,10/9/2020 8:06:47 AM,False,5248,Accepted,
27377431,0568000,LOUISVILLE METRO POLICE DEPT,Accepted,JEFFERSON,KY1931,,MANSLICK,RD,,,CRUMS,,,,,38.189869378,-85.800999689,7.948,10/9/2020 12:00:00 AM,2300,2,2,0,1,CLEAR,DRY,False,OTHER INTERSECTION COLLISIONS,REAR END,STRAIGHT & HILLCREST,DARK-HWY LIGHTED/ON,,,10/26/2020 9:57:45 AM,False,5139,Accepted,
27379384,0568000,LOUISVILLE METRO POLICE DEPT,Accepted,JEFFERSON,KY0155,3950,TAYLORSVILLE,RD,,,,,MCMAHAN,,HIKES,38.219723295,-85.624981460,13.270,10/8/2020 12:00:00 AM,1106,4,1,0,0,CLEAR,DRY,False,COLLISION IN PARKING LOT,HEAD ON,CURVE & LEVEL,DAYLIGHT,,,10/26/2020 5:09:40 PM,False,5247,Accepted,
27475127,0568000,LOUISVILLE METRO POLICE DEPT,Accepted,JEFFERSON,,,FLOYD,ST,S,US0150,BROADWAY,,,,,38.245427395,-85.749645930,0.714,10/8/2020 12:00:00 AM,1456,2,2,0,0,CLEAR,DRY,False,OTHER INTERSECTION COLLISIONS,REAR END,STRAIGHT & LEVEL,DAYLIGHT,,,11/19/2020 8:09:39 AM,False,5108,Accepted,
27367835,0568000,LOUISVILLE METRO POLICE DEPT,Accepted,JEFFERSON,,,MUHAMMAD ALI,BLVD,E,KY0061,PRESTON,,,,,38.250017693,-85.746814079,0.721,10/8/2020 12:00:00 AM,0842,2,1,0,1,CLEAR,DRY,False,COLLISION WITH PEDESTRIAN IN INTERSECTION,SINGLE VEHICLE,STRAIGHT & LEVEL,DAYLIGHT,,,10/23/2020 8:16:34 AM,False,5108,Accepted,
27309457,0560300,ST. MATTHEWS POLICE DEPARTMENT,Accepted,JEFFERSON,US0060,5000,SHELBYVILLE,RD,,,,,,,,38.250338565,-85.623427800,5.312,10/8/2020 12:00:00 AM,1704,3,3,0,0,CLOUDY,DRY,False,1 VEHICLE ENTERING/LEAVING ENTRANCE,ANGLE,STRAIGHT & LEVEL,DAYLIGHT,,,10/8/2020 11:41:25 PM,False,9193,Accepted,
27310492,0568000,LOUISVILLE METRO POLICE DEPT,Accepted,JEFFERSON,,,16TH,ST,S,,MADISON,,,,,38.252212475,-85.777548336,0.408,10/8/2020 12:00:00 AM,1501,2,2,0,1,CLEAR,DRY,False,ANGLE COLLISION - OTHER,ANGLE,STRAIGHT & LEVEL,DAYLIGHT,,,10/9/2020 8:05:03 AM,False,5332,Accepted,
27310499,0568000,LOUISVILLE METRO POLICE DEPT,Accepted,JEFFERSON,KY0061,,PRESTON,ST,S,,LIBERTY,,,,,38.252741350,-85.746440141,12.764,10/8/2020 12:00:00 AM,1600,2,2,0,0,CLEAR,DRY,False,ANGLE COLLISION - OTHER,ANGLE,STRAIGHT & LEVEL,DAYLIGHT,,,10/9/2020 8:05:38 AM,True,2403,Accepted,
27306397,0568000,LOUISVILLE METRO POLICE DEPT,Accepted,JEFFERSON,KY0841,,GENE SNYDER,FWY,,,,,,,,38.317589035,-85.593075956,35.362,10/8/2020 12:00:00 AM,0541,1,1,0,0,CLEAR,DRY,False,COLLISION WITH ANIMAL NON INTERSECTION,SINGLE VEHICLE,STRAIGHT & LEVEL,DARK-HWY LIGHTED/ON,,,10/8/2020 8:25:25 AM,False,5155,Accepted,
27310508,0568000,LOUISVILLE METRO POLICE DEPT,Accepted,JEFFERSON,KY1747,,HURSTBOURNE,PKWY,S,US0060,SHELBYVILLE,,,,,38.246394080,-85.576790422,13.502,10/8/2020 12:00:00 AM,2150,2,2,0,0,CLEAR,DRY,False,OPPOSING LEFT TURN,OPPOSING LEFT TURN,STRAIGHT & LEVEL,DARK-HWY LIGHTED/ON,,,10/9/2020 8:06:53 AM,False,7475,Accepted,
27320404,0568000,LOUISVILLE METRO POLICE DEPT,Accepted,JEFFERSON,,4000,PARTHENIA,AVE,,,,,,,,38.186364837,-85.792977548,0.174,10/8/2020 12:00:00 AM,2055,2,2,0,0,CLEAR,DRY,False,1 VEHICLE PARKED POSITION (NOT PARKING LOT/DRIVEWAY),REAR END,STRAIGHT & LEVEL,DARK-HWY LIGHTED/ON,,,10/12/2020 9:03:22 AM,False,7040,Accepted,
27310501,0568000,LOUISVILLE METRO POLICE DEPT,Accepted,JEFFERSON,,,YOUNG,AVE,,,32ND,,,,,38.229981595,-85.808540005,0.129,10/8/2020 12:00:00 AM,1942,2,2,0,2,CLEAR,DRY,False,ANGLE COLLISION - OTHER,ANGLE,STRAIGHT & LEVEL,DARK-HWY LIGHTED/OFF,,,10/9/2020 8:05:52 AM,False,7181,Accepted,
27320435,0568000,LOUISVILLE METRO POLICE DEPT,Accepted,JEFFERSON,,2300,WOODFORD,PL,,,,,,,,38.228866936,-85.689333582,0.416,10/8/2020 12:00:00 AM,1245,2,1,0,0,CLEAR,DRY,False,COLLISION WITH PEDESTRIAN NON - INTERSECTION,SINGLE VEHICLE,STRAIGHT & LEVEL,DAYLIGHT,,,10/12/2020 9:04:57 AM,False,7960,Accepted,
27310506,0568000,LOUISVILLE METRO POLICE DEPT,Accepted,JEFFERSON,US0042,2915,BROWNSBORO,RD,,,,,,,,38.260170072,-85.687208987,2.662,10/8/2020 12:00:00 AM,1256,1,1,0,0,CLEAR,DRY,True,COLLISION WITH FIXED OBJECT NON - INTERSECTION - FIRST EVENT COLLISION 09 - 32 EXCLUDING 16,SINGLE VEHICLE,STRAIGHT & LEVEL,DARK-HWY LIGHTED/ON,,,10/9/2020 8:06:39 AM,False,5243,Accepted,
27310503,0568000,LOUISVILLE METRO POLICE DEPT,Accepted,JEFFERSON,US0031E,,BARDSTOWN,RD,,KY2860,GRINSTEAD,,,,,38.238434959,-85.721005236,15.421,10/8/2020 12:00:00 AM,2115,2,2,0,0,CLEAR,DRY,False,ANGLE COLLISION - OTHER,ANGLE,STRAIGHT & LEVEL,DARK-HWY LIGHTED/ON,,,10/9/2020 8:06:14 AM,False,7049,Accepted,
27313531,0561500,UNIV. OF LOUISVILLE POLICE,Accepted,JEFFERSON,,414,CHESTNUT,ST,E,,,,,,,38.247751994,-85.746099854,0.373,10/8/2020 12:00:00 AM,0800,2,2,0,0,CLEAR,DRY,True,COLLISION IN PARKING LOT,SIDESWIPE-OPPOSITE DIRECTION,STRAIGHT & LEVEL,DAYLIGHT,,,10/9/2020 10:11:42 PM,False,5627,Accepted,
27330671,0568000,LOUISVILLE METRO POLICE DEPT,Accepted,JEFFERSON,KY3064,,PORTLAND,AVE,,,,,,,,38.272850215,-85.794945717,0.740,10/8/2020 12:00:00 AM,1309,2,2,0,0,CLEAR,DRY,False,SIDESWIPE COLLISION - SAME DIRECTION,SIDESWIPE-SAME DIRECTION,STRAIGHT & LEVEL,DAYLIGHT,,,10/14/2020 9:12:52 AM,False,7288,Accepted,
27310498,0568000,LOUISVILLE METRO POLICE DEPT,Accepted,JEFFERSON,,,4TH,ST,S,,LEE,,,,,38.223398378,-85.762384221,2.314,10/8/2020 12:00:00 AM,1326,2,2,0,2,CLEAR,DRY,False,OPPOSING LEFT TURN,OPPOSING LEFT TURN,STRAIGHT & LEVEL,DAYLIGHT,,,10/9/2020 8:05:29 AM,False,5120,Accepted,
27310504,0568000,LOUISVILLE METRO POLICE DEPT,Accepted,JEFFERSON,US0031E,,BAXTER,AVE,,US0150,BROADWAY,,,,,38.243699476,-85.727034306,15.904,10/8/2020 12:00:00 AM,2157,2,2,0,1,CLEAR,DRY,False,OTHER INTERSECTION COLLISIONS,REAR END,STRAIGHT & LEVEL,DARK-HWY LIGHTED/ON,,,10/9/2020 8:06:19 AM,False,7049,Accepted,
27339954,0568000,LOUISVILLE METRO POLICE DEPT,Accepted,JEFFERSON,,,JEFFERSON,ST,W,,,,,,,38.257612010,-85.790458763,2.106,10/8/2020 12:00:00 AM,1725,2,2,0,4,CLEAR,DRY,False,OTHER ROADWAY OR MID-BLOCK COLLISION,OPPOSING LEFT TURN,STRAIGHT & LEVEL,DAYLIGHT,,,10/16/2020 8:16:40 AM,False,5300,Accepted,
27325444,0568000,LOUISVILLE METRO POLICE DEPT,Accepted,JEFFERSON,KY0061,,PRESTON,ST,S,US0150,BROADWAY,,,,,38.245346330,-85.747603415,12.251,10/8/2020 12:00:00 AM,1500,1,1,0,0,CLEAR,DRY,False,COLLISION WITH FIXED OBJECT IN INTERSECTION - FIRST EVENT COLLISION 09 - 32,SINGLE VEHICLE,STRAIGHT & LEVEL,DAYLIGHT,,,10/13/2020 9:01:19 AM,False,2403,Accepted,
27414034,KSP0400,KY STATE POLICE POST 04,Accepted,JEFFERSON,I 0064,,I64 W,,,,,,,,,38.261446086,-85.734930100,5.577,10/8/2020 12:00:00 AM,0905,2,2,0,0,CLEAR,DRY,False,REAR END IN TRAFFIC LANES BOTH VEHICLES MOVING,REAR END,CURVE & LEVEL,DAYLIGHT,,,11/4/2020 8:35:27 AM,False,688,Accepted,
27310487,0568000,LOUISVILLE METRO POLICE DEPT,Accepted,JEFFERSON,,,13TH,ST,S,,PATTON,,,,,38.222507413,-85.777858593,2.069,10/7/2020 12:00:00 AM,1810,3,3,0,0,CLEAR,DRY,False,OPPOSITE DIRECTION - BOTH VEHICLES GOING STRAIGHT AHEAD,SIDESWIPE-OPPOSITE DIRECTION,STRAIGHT & LEVEL,DAYLIGHT,,,10/9/2020 8:04:39 AM,True,2469,Accepted,
27306366,0568000,LOUISVILLE METRO POLICE DEPT,Accepted,JEFFERSON,,,BISHOP,LN,,,,,,,,38.185402152,-85.698636800,0.106,10/7/2020 12:00:00 AM,0908,2,2,0,1,CLEAR,DRY,False,1 VEHICLE ENTERING/LEAVING ENTRANCE,ANGLE,STRAIGHT & LEVEL,DAYLIGHT,,,10/8/2020 8:21:29 AM,False,4693,Accepted,
27320460,0568000,LOUISVILLE METRO POLICE DEPT,Accepted,JEFFERSON,,3822,OBOE,DR,,,,,,,,38.199232847,-85.844169295,0.511,10/7/2020 12:00:00 AM,0241,4,4,0,0,CLEAR,DRY,True,1 VEHICLE PARKED POSITION (NOT PARKING LOT/DRIVEWAY),HEAD ON,STRAIGHT & LEVEL,DARK-HWY LIGHTED/ON,,,10/12/2020 9:07:27 AM,False,7466,Accepted,
27310485,0568000,LOUISVILLE METRO POLICE DEPT,Accepted,JEFFERSON,,,SHAWNEE,DR,,,HERMAN,,,,,38.262532819,-85.824470339,0.143,10/7/2020 12:00:00 AM,1250,2,2,0,0,CLEAR,DRY,False,SIDESWIPE-SAME DIRECTION,SIDESWIPE-SAME DIRECTION,STRAIGHT & LEVEL,DAYLIGHT,,,10/9/2020 8:04:17 AM,False,5003,Accepted,
27301379,0568000,LOUISVILLE METRO POLICE DEPT,Accepted,JEFFERSON,,936,BARRET,AVE,,,,,,,,38.238681082,-85.729973708,0.771,10/7/2020 12:00:00 AM,0130,3,3,0,0,CLEAR,DRY,False,1 VEHICLE PARKED POSITION (NOT PARKING LOT/DRIVEWAY),REAR END,STRAIGHT & LEVEL,DARK-HWY LIGHTED/ON,,,10/7/2020 8:16:49 AM,False,5104,Accepted,
27306386,0568000,LOUISVILLE METRO POLICE DEPT,Accepted,JEFFERSON,,,BUECHEL BANK,RD,,,PROGRESS,,,,,38.178220079,-85.653054699,1.223,10/7/2020 12:00:00 AM,1523,1,1,0,1,CLEAR,DRY,False,COLLISION WITH FIXED OBJECT IN INTERSECTION - FIRST EVENT COLLISION 09 - 32,SINGLE VEHICLE,STRAIGHT & LEVEL,DAYLIGHT,,,10/8/2020 8:25:01 AM,False,7294,Accepted,
27306367,0568000,LOUISVILLE METRO POLICE DEPT,Accepted,JEFFERSON,KY1747,,HURSTBOURNE,PKWY,N,KY1447,WESTPORT,,,,,38.287575889,-85.572399098,17.035,10/7/2020 12:00:00 AM,1231,2,2,0,2,CLEAR,DRY,False,OTHER INTERSECTION COLLISIONS,REAR END,STRAIGHT & LEVEL,DAYLIGHT,,,10/8/2020 8:21:43 AM,False,6929,Accepted,
27306368,0568000,LOUISVILLE METRO POLICE DEPT,Accepted,JEFFERSON,US0060,,SHELBYVILLE,RD,,,,,WHITTINGTON,,CHIPPING,38.246892599,-85.582632474,7.548,10/7/2020 12:00:00 AM,1310,3,3,0,0,CLEAR,DRY,False,REAR END IN TRAFFIC LANES BOTH VEHICLES MOVING,REAR END,STRAIGHT & LEVEL,DAYLIGHT,,,10/8/2020 8:22:03 AM,False,6406,Accepted,
27306369,0568000,LOUISVILLE METRO POLICE DEPT,Accepted,JEFFERSON,I 0064,,I64 E,,,,,,,,,38.222888194,-85.512682471,18.591,10/7/2020 12:00:00 AM,1334,3,3,0,0,CLEAR,DRY,True,REAR END IN TRAFFIC LANES BOTH VEHICLES MOVING,REAR END,STRAIGHT & LEVEL,DAYLIGHT,,,10/8/2020 8:22:48 AM,False,2218,Accepted,
27301380,0568000,LOUISVILLE METRO POLICE DEPT,Accepted,JEFFERSON,,,LOWER HUNTERS,TRCE,,,TRIPLETT,,,,,38.163893068,-85.863219943,1.699,10/7/2020 12:00:00 AM,0035,1,1,0,0,CLEAR,DRY,False,COLLISION WITH ANIMAL IN INTERSECTION,SINGLE VEHICLE,CURVE & LEVEL,DARK-HWY LIGHTED/ON,,,10/7/2020 8:16:53 AM,False,5170,Accepted,
27306359,0568000,LOUISVILLE METRO POLICE DEPT,Accepted,JEFFERSON,KY1932,3317A,BRECKENRIDGE,LN,,,,,,,,38.203748053,-85.622471586,1.582,10/7/2020 12:00:00 AM,0656,1,1,0,1,CLEAR,DRY,False,COLLISION WITH FIXED OBJECT NON - INTERSECTION - FIRST EVENT COLLISION 09 - 32 EXCLUDING 16,SINGLE VEHICLE,CURVE & LEVEL,DARK (UNKNOWN ROADWAY LIGHTING),,,10/8/2020 8:20:15 AM,False,4693,Accepted,
27306398,0568000,LOUISVILLE METRO POLICE DEPT,Accepted,JEFFERSON,I 0065,,I65 S,,,,,,,,,38.199223222,-85.734287458,131.419,10/7/2020 12:00:00 AM,2021,2,2,0,2,CLEAR,DRY,False,SIDESWIPE COLLISION - SAME DIRECTION,SIDESWIPE-SAME DIRECTION,STRAIGHT & LEVEL,DUSK,,,10/8/2020 8:25:33 AM,False,7291,Accepted,
27306399,0568000,LOUISVILLE METRO POLICE DEPT,Accepted,JEFFERSON,KY1065,,OUTER,LOOP,,,,,,,,38.138316808,-85.681623565,6.339,10/7/2020 12:00:00 AM,1920,2,2,0,3,CLEAR,DRY,False,HEAD-ON COLLISION,HEAD ON,STRAIGHT & LEVEL,DAYLIGHT,,,10/8/2020 8:25:43 AM,False,5138,Accepted,
27306380,0568000,LOUISVILLE METRO POLICE DEPT,Accepted,JEFFERSON,,2529,ADRIENNE,WAY,,,,,,,,38.297248834,-85.494094179,0.096,10/7/2020 12:00:00 AM,1606,2,2,0,1,CLEAR,DRY,False,1 VEHICLE PARKED POSITION (NOT PARKING LOT/DRIVEWAY),REAR END,STRAIGHT & LEVEL,DAYLIGHT,,,10/8/2020 8:23:41 AM,False,7234,Accepted,
27306381,0568000,LOUISVILLE METRO POLICE DEPT,Accepted,JEFFERSON,US0060,,SHELBYVILLE,RD,,,,,,,,38.233719773,-85.456651899,14.660,10/7/2020 12:00:00 AM,1126,2,2,0,1,CLEAR,DRY,False,1 VEHICLE ENTERING/LEAVING ENTRANCE,ANGLE,CURVE & LEVEL,DAYLIGHT,,,10/8/2020 8:23:50 AM,False,7802,Accepted,
27306391,0568000,LOUISVILLE METRO POLICE DEPT,Accepted,JEFFERSON,US0031W,,DR W J HODGE,ST,,,HOWARD,,,,,38.245407634,-85.787310917,19.383,10/7/2020 12:00:00 AM,1359,2,2,0,4,CLEAR,DRY,False,ANGLE COLLISION - OTHER,ANGLE,STRAIGHT & LEVEL,DAYLIGHT,,,10/8/2020 8:25:11 AM,False,5282,Accepted,
27306371,0568000,LOUISVILLE METRO POLICE DEPT,Accepted,JEFFERSON,KY1865,,TAYLOR,BLVD,,,CAROL JEAN,,,,,38.170774744,-85.781535914,4.411,10/7/2020 12:00:00 AM,1328,3,3,0,0,CLEAR,DRY,False,OTHER INTERSECTION COLLISIONS,REAR END,STRAIGHT & LEVEL,DAYLIGHT,,,10/8/2020 8:23:15 AM,False,7978,Accepted,
27306364,0568000,LOUISVILLE METRO POLICE DEPT,Accepted,JEFFERSON,,,SHERWOOD,AVE,,,FERNWOOD,,,,,38.231219772,-85.709247967,0.123,10/7/2020 12:00:00 AM,0825,2,2,0,0,CLEAR,DRY,False,COLLISION WITH PARKED VEHICLE,SIDESWIPE-SAME DIRECTION,STRAIGHT & LEVEL,DAYLIGHT,,,10/8/2020 8:20:46 AM,False,7746,Accepted,
27301351,0568000,LOUISVILLE METRO POLICE DEPT,Accepted,JEFFERSON,I 0264,,I264 E,,,,,I 0264,I264 E EXIT9 ON RAMP FROM KY1865,I 0264,I264 E EXIT10 OFF RAMP TO KY1020,38.189355598,-85.773681313,9.669,10/6/2020 12:00:00 AM,0750,2,2,0,0,CLEAR,DRY,False,REAR END IN TRAFFIC LANES BOTH VEHICLES MOVING,REAR END,STRAIGHT & LEVEL,DAYLIGHT,,,10/7/2020 8:15:02 AM,False,7266,Accepted,
27301374,0568000,LOUISVILLE METRO POLICE DEPT,Accepted,JEFFERSON,,,MAGNOLIA,AVE,W,,ST JAMES,,,,,38.229358305,-85.763290821,0.352,10/6/2020 12:00:00 AM,1020,3,3,0,0,CLEAR,DRY,False,COLLISION WITH PARKED VEHICLE,SIDESWIPE-SAME DIRECTION,STRAIGHT & LEVEL,DARK-HWY LIGHTED/ON,,,10/7/2020 8:16:32 AM,False,7360,Accepted,
27301375,0568000,LOUISVILLE METRO POLICE DEPT,Accepted,JEFFERSON,,,BROADWAY,,W,,34TH,,,,,38.249909179,-85.808651706,1.112,10/6/2020 12:00:00 AM,2049,2,2,0,0,CLOUDY,DRY,False,OTHER INTERSECTION COLLISIONS,REAR END,STRAIGHT & LEVEL,DARK-HWY LIGHTED/ON,,,10/7/2020 8:16:36 AM,False,5202,Accepted,
27301377,0568000,LOUISVILLE METRO POLICE DEPT,Accepted,JEFFERSON,KY3064,,NORTHWESTERN,PKWY,,,,,,,,38.274767818,-85.803485811,1.244,10/6/2020 12:00:00 AM,2226,2,1,0,1,CLEAR,DRY,False,COLLISION WITH BICYCLIST NON INTERSECTION,SINGLE VEHICLE,STRAIGHT & LEVEL,DARK-HWY LIGHTED/ON,,,10/7/2020 8:16:40 AM,False,7430,Accepted,
27304251,0564500,PROSPECT POLICE DEPARTMENT,Accepted,JEFFERSON,KY3222,,ROSE ISLAND,RD,,US0042,US42,,,,,38.356354229,-85.611379739,0.009,10/6/2020 12:00:00 AM,1350,1,1,0,0,CLEAR,DRY,False,COLLISION WITH FIXED OBJECT IN INTERSECTION - FIRST EVENT COLLISION 09 - 32,SINGLE VEHICLE,STRAIGHT & GRADE,DAYLIGHT,,,10/7/2020 6:08:17 PM,False,1137,Accepted,
27306363,0568000,LOUISVILLE METRO POLICE DEPT,Accepted,JEFFERSON,KY1230,,CANE RUN,RD,,,,,,,,38.146516028,-85.896398335,4.756,10/6/2020 12:00:00 AM,1424,1,1,0,1,CLEAR,DRY,False,OTHER ROADWAY OR MID-BLOCK COLLISION,SINGLE VEHICLE,STRAIGHT & LEVEL,DAYLIGHT,,,10/8/2020 8:20:38 AM,False,7234,Accepted,
27301359,0568000,LOUISVILLE METRO POLICE DEPT,Accepted,JEFFERSON,KY0864,,BEULAH CHURCH,RD,,,,KY0864,FEGENBUSH,,DELCOUR,38.136266180,-85.613549112,4.157,10/6/2020 12:00:00 AM,1447,2,2,0,2,CLEAR,DRY,False,1 VEHICLE ENTERING/LEAVING ENTRANCE,ANGLE,STRAIGHT & LEVEL,DAYLIGHT,,,10/7/2020 8:15:44 AM,False,6937,Accepted,
27301350,0568000,LOUISVILLE METRO POLICE DEPT,Accepted,JEFFERSON,KY1747,,FERN VALLEY,RD,,,GEIL,,,,,38.157359582,-85.679685206,2.891,10/6/2020 12:00:00 AM,0900,2,2,0,2,CLEAR,DRY,False,ANGLE COLLISION - ONE VEHICLE TURNING LEFT,ANGLE,STRAIGHT & LEVEL,DAYLIGHT,,,10/7/2020 8:14:58 AM,False,7914,Accepted,
27301357,0568000,LOUISVILLE METRO POLICE DEPT,Accepted,JEFFERSON,I 0264,,,,,,,,,,,38.222729899,-85.822271521,0.179,10/6/2020 12:00:00 AM,1116,2,2,0,1,CLEAR,DRY,False,OTHER RAMP RELATED COLLISIONS NOT LISTED ABOVE,ANGLE,STRAIGHT & LEVEL,DAYLIGHT,I 0264,KY2056,10/7/2020 8:15:40 AM,False,5002,Accepted,
27296126,0568000,LOUISVILLE METRO POLICE DEPT,Accepted,JEFFERSON,,,MUHAMMAD ALI,BLVD,W,,18TH,,,,,38.253729321,-85.780637305,1.542,10/6/2020 12:00:00 AM,0120,3,3,0,2,CLEAR,DRY,False,ANGLE COLLISION - OTHER,ANGLE,STRAIGHT & LEVEL,DARK-HWY LIGHTED/ON,,,10/6/2020 8:12:32 AM,False,5047,Accepted,
27306361,0568000,LOUISVILLE METRO POLICE DEPT,Accepted,JEFFERSON,US0031W,5110,DIXIE,HWY,,,,,,,,38.167862637,-85.828975894,13.234,10/6/2020 12:00:00 AM,1024,1,1,0,0,CLEAR,DRY,False,COLLISION IN PARKING LOT,SINGLE VEHICLE,STRAIGHT & LEVEL,DAYLIGHT,,,10/8/2020 8:20:32 AM,False,7234,Accepted,
27301364,0568000,LOUISVILLE METRO POLICE DEPT,Accepted,JEFFERSON,,,REAMERS,RD,,,,,ROCK BAY,,BLUE TEAL,38.297551847,-85.501420565,0.271,10/6/2020 12:00:00 AM,1351,1,1,0,0,CLEAR,DRY,False,COLLISION WITH FIXED OBJECT NON - INTERSECTION - FIRST EVENT COLLISION 09 - 32 EXCLUDING 16,SINGLE VEHICLE,CURVE & LEVEL,DAYLIGHT,,,10/7/2020 8:16:03 AM,False,7751,Accepted,
27300036,0561000,JEFFERSONTOWN POLICE DEPT,Accepted,JEFFERSON,,,TUCKER STATION,RD,,,,,BLUEGRASS,,LAKEFRONT,38.215238887,-85.530609532,2.350,10/6/2020 12:00:00 AM,2039,1,1,0,0,CLEAR,DRY,False,COLLISION WITH ANIMAL NON INTERSECTION,SINGLE VEHICLE,STRAIGHT & LEVEL,DARK-HWY NOT LIGHTED,,,10/7/2020 12:05:32 AM,False,8315,Accepted,
27301353,0568000,LOUISVILLE METRO POLICE DEPT,Accepted,JEFFERSON,I 0264,,,,,,,,,,,38.196207393,-85.707580368,0.238,10/6/2020 12:00:00 AM,0857,2,2,0,0,CLEAR,DRY,False,OTHER RAMP RELATED COLLISIONS NOT LISTED ABOVE,REAR END,CURVE & LEVEL,DAYLIGHT,I 0264,KY0864,10/7/2020 8:15:22 AM,False,4693,Accepted,
27301354,0568000,LOUISVILLE METRO POLICE DEPT,Accepted,JEFFERSON,,,CONSTANCE,DR,,,,,,,,38.098856398,-85.859626089,0.109,10/6/2020 12:00:00 AM,1315,2,2,0,0,CLEAR,DRY,False,OTHER ROADWAY OR MID-BLOCK COLLISION,REAR END,STRAIGHT & LEVEL,DAYLIGHT,,,10/7/2020 8:15:28 AM,False,7174,Accepted,
27301361,0568000,LOUISVILLE METRO POLICE DEPT,Accepted,JEFFERSON,,,5TH,ST,S,,,,,,,38.194560905,-85.768385606,1.314,10/6/2020 12:00:00 AM,0925,2,2,0,0,CLEAR,DRY,False,SIDESWIPE COLLISION - SAME DIRECTION,SIDESWIPE-SAME DIRECTION,STRAIGHT & LEVEL,DAWN,,,10/7/2020 8:15:52 AM,False,5330,Accepted,
27301362,0568000,LOUISVILLE METRO POLICE DEPT,Accepted,JEFFERSON,,,OSAGE,AVE,,US0031W,DR W J HODGE,,,,,38.239194202,-85.788269676,0.420,10/6/2020 12:00:00 AM,1532,2,2,0,0,CLEAR,DRY,False,ANGLE COLLISION - OTHER,ANGLE,STRAIGHT & LEVEL,DAYLIGHT,,,10/7/2020 8:15:56 AM,False,7381,Accepted,
27301363,0568000,LOUISVILLE METRO POLICE DEPT,Accepted,JEFFERSON,KY2251,,BARDSTOWN,RD,,CR1002G,HIKES,,,,,38.199286645,-85.660455033,1.069,10/6/2020 12:00:00 AM,1710,2,2,0,1,CLEAR,DRY,False,OTHER ROADWAY OR MID-BLOCK COLLISION,REAR END,STRAIGHT & LEVEL,DAYLIGHT,,,10/7/2020 8:15:59 AM,False,5191,Accepted,
27301370,0568000,LOUISVILLE METRO POLICE DEPT,Accepted,JEFFERSON,,,VINE,ST,,,BRECKINRIDGE,,,,,38.239450184,-85.732806755,0.349,10/6/2020 12:00:00 AM,1814,2,2,0,0,CLEAR,DRY,False,ANGLE COLLISION - OTHER,ANGLE,STRAIGHT & LEVEL,DAYLIGHT,,,10/7/2020 8:16:21 AM,False,5186,Accepted,
27301371,0568000,LOUISVILLE METRO POLICE DEPT,Accepted,JEFFERSON,,,BANK,ST,,US0150,22ND,,,,,38.266555274,-85.783542054,0.001,10/6/2020 12:00:00 AM,1505,2,2,0,2,CLEAR,DRY,False,OPPOSITE DIRECTION - BOTH VEHICLES GOING STRAIGHT AHEAD,SIDESWIPE-OPPOSITE DIRECTION,STRAIGHT & LEVEL,DAYLIGHT,,,10/7/2020 8:16:25 AM,False,7292,Accepted,
27320518,0568000,LOUISVILLE METRO POLICE DEPT,Accepted,JEFFERSON,KY1931,,MANSLICK,RD,,,CRUMS,,,,,38.189225253,-85.801247723,7.925,10/6/2020 12:00:00 AM,1650,4,4,0,1,CLEAR,DRY,False,ANGLE COLLISION - OTHER,ANGLE,STRAIGHT & LEVEL,DAYLIGHT,,,10/12/2020 9:09:24 AM,False,5299,Accepted,
27320446,0568000,LOUISVILLE METRO POLICE DEPT,Accepted,JEFFERSON,,,4TH,ST,S,,GAULBERT,,,,,38.224625787,-85.762158133,2.219,10/6/2020 12:00:00 AM,1247,3,3,0,0,CLEAR,DRY,True,COLLISION WITH PARKED VEHICLE,ANGLE,STRAIGHT & LEVEL,DAYLIGHT,,,10/12/2020 9:05:58 AM,False,5186,Accepted,
27320448,0568000,LOUISVILLE METRO POLICE DEPT,Accepted,JEFFERSON,US0031W,,DIXIE,HWY,,,KINGSFORD,,,,,38.172916760,-85.824731845,13.679,10/6/2020 12:00:00 AM,1654,2,2,0,0,CLEAR,DRY,False,OTHER INTERSECTION COLLISIONS,REAR END,STRAIGHT & LEVEL,DAYLIGHT,,,10/12/2020 9:06:12 AM,False,7387,Accepted,