IncidentID,AgencyORI,AgencyName,IncidentStatusDesc,County,RdwyNumber,Street,RoadwayName,StreetSfx,StreetDir,IntersectionRdwy,IntersectionRdwyName,BetweenStRdwy1,BetweenStRdwyName1,BetweenStRdwy2,BetweenStRdwyName2,Latitude,Longitude,Milepoint,CollisionDate,CollisionTime,UnitsInvolved,MotorVehiclesInvolved,NumberKilled,NumberInjured,Weather,RdwyConditionCode,HitandRun,DirAnalysisCode,MannerofCollision,RdwyCharacter,LightCondition,RampFromRdwyId,RampToRdwyId,AcceptedDate,IsSecondaryCollision,OwnerBadge,IncidentStatus,
27320530,0568000,LOUISVILLE METRO POLICE DEPT,Accepted,JEFFERSON,,3706,DIANN MARIE,RD,,,,,,,,38.299668191,-85.545098535,0.168,10/6/2020 12:00:00 AM,2111,2,1,0,1,CLEAR,DRY,True,COLLISION IN PARKING LOT,SINGLE VEHICLE,CURVE & LEVEL,DARK-HWY LIGHTED/ON,,,10/12/2020 9:10:15 AM,False,7159,Accepted,
27596819,0560400,SHIVELY POLICE DEPARTMENT,Accepted,JEFFERSON,US0031W,,DIXIE,HWY,,,MILLERS,,,,,38.214725483,-85.796057764,17.083,10/6/2020 12:00:00 AM,1433,2,2,0,0,CLEAR,DRY,False,SIDESWIPE-SAME DIRECTION,SIDESWIPE-SAME DIRECTION,STRAIGHT & LEVEL,DAYLIGHT,,,12/23/2020 8:53:17 AM,False,7085,Accepted,
27524029,0568000,LOUISVILLE METRO POLICE DEPT,Accepted,JEFFERSON,US0031W,,DIXIE,HWY,,,,,KERRICK,,ST PAULS CHURCH,38.152097339,-85.836298272,12.198,10/6/2020 12:00:00 AM,0518,2,2,0,0,CLEAR,DRY,False,SIDESWIPE COLLISION - OPPOSITE DIRECTION,SIDESWIPE-OPPOSITE DIRECTION,STRAIGHT & LEVEL,DARK-HWY LIGHTED/ON,,,12/3/2020 8:09:28 AM,False,5298,Accepted,
27301372,0568000,LOUISVILLE METRO POLICE DEPT,Accepted,JEFFERSON,I 0265,,I265 E,,,,,,,,,38.110177311,-85.682517046,11.329,10/5/2020 12:00:00 AM,1735,2,2,0,2,CLEAR,DRY,False,OTHER ROADWAY OR MID-BLOCK COLLISION,REAR END,CURVE & LEVEL,DAYLIGHT,,,10/7/2020 8:16:29 AM,False,7578,Accepted,
27301378,0568000,LOUISVILLE METRO POLICE DEPT,Accepted,JEFFERSON,US0031W,,DIXIE,HWY,,KY0907,VALLEY STATION,,,,,38.107661975,-85.866699323,8.633,10/5/2020 12:00:00 AM,2100,2,2,0,2,CLOUDY,DRY,False,OPPOSING LEFT TURN,OPPOSING LEFT TURN,STRAIGHT & LEVEL,DARK-HWY LIGHTED/ON,,,10/7/2020 8:16:45 AM,False,7160,Accepted,
27296099,0568000,LOUISVILLE METRO POLICE DEPT,Accepted,JEFFERSON,KY1065,,LOVERS,LN,,,FERN CREEK,,,,,38.156543108,-85.572309113,13.015,10/5/2020 12:00:00 AM,0539,2,2,0,0,CLEAR,DRY,False,ANGLE COLLISION - ONE VEHICLE TURNING LEFT,ANGLE,STRAIGHT & LEVEL,DARK (UNKNOWN ROADWAY LIGHTING),,,10/6/2020 8:10:54 AM,False,4693,Accepted,
27291688,0568000,LOUISVILLE METRO POLICE DEPT,Accepted,JEFFERSON,,9204,NORTON COMMONS,BLVD,,,,,,,,38.321560641,-85.570334668,0.027,10/5/2020 12:00:00 AM,0041,1,1,0,0,CLOUDY,DRY,True,COLLISION WITH FIXED OBJECT NON - INTERSECTION - FIRST EVENT COLLISION 09 - 32 EXCLUDING 16,SINGLE VEHICLE,CURVE & HILLCREST,DARK-HWY LIGHTED/ON,,,10/5/2020 9:27:27 AM,False,5307,Accepted,
27301355,0568000,LOUISVILLE METRO POLICE DEPT,Accepted,JEFFERSON,I 0064,,I64 E,,,,,,,,,38.242028190,-85.693291580,8.600,10/5/2020 12:00:00 AM,0747,2,2,0,1,CLEAR,DRY,False,SIDESWIPE COLLISION - SAME DIRECTION,SIDESWIPE-SAME DIRECTION,CURVE & LEVEL,DAYLIGHT,,,10/7/2020 8:15:32 AM,False,7632,Accepted,
27301356,0568000,LOUISVILLE METRO POLICE DEPT,Accepted,JEFFERSON,,,ZORN,AVE,,I 0071,I71 N EXIT2 ON RAMP FROM  ZORN AVE,,,,,38.274469448,-85.696805239,1.505,10/5/2020 12:00:00 AM,1703,2,2,0,0,CLEAR,DRY,False,OPPOSING LEFT TURN,OPPOSING LEFT TURN,STRAIGHT & LEVEL,DAYLIGHT,,,10/7/2020 8:15:36 AM,False,7632,Accepted,
27296125,0568000,LOUISVILLE METRO POLICE DEPT,Accepted,JEFFERSON,KY1934,,CANE RUN,RD,,,SHANKS,,,,,38.195258017,-85.842604791,8.775,10/5/2020 12:00:00 AM,2100,2,2,0,2,CLEAR,DRY,False,OTHER INTERSECTION COLLISIONS,REAR END,STRAIGHT & LEVEL,DARK-HWY LIGHTED/ON,,,10/6/2020 8:12:28 AM,False,7973,Accepted,
27296115,0568000,LOUISVILLE METRO POLICE DEPT,Accepted,JEFFERSON,,7001,UNIVERSAL COACH,DR,,,,,,,,38.133934141,-85.884557064,0.264,10/5/2020 12:00:00 AM,1200,2,2,0,0,CLEAR,DRY,False,COLLISION IN PARKING LOT,BACKING,STRAIGHT & LEVEL,DAYLIGHT,,,10/6/2020 8:11:54 AM,False,6877,Accepted,
27296123,0568000,LOUISVILLE METRO POLICE DEPT,Accepted,JEFFERSON,,,TUCKER STATION,RD,,,,,SYCAMORE STATION,,POPE LICK,38.220625060,-85.526184128,1.704,10/5/2020 12:00:00 AM,1900,1,1,0,0,CLEAR,DRY,False,OTHER ROADWAY OR MID-BLOCK COLLISION,SINGLE VEHICLE,STRAIGHT & LEVEL,DARK-HWY LIGHTED/OFF,,,10/6/2020 8:12:18 AM,False,7571,Accepted,
27296100,0568000,LOUISVILLE METRO POLICE DEPT,Accepted,JEFFERSON,,643,BIRCHWOOD,AVE,N,,LINDSAY,,,,,38.266853168,-85.698835298,0.959,10/5/2020 12:00:00 AM,1050,1,1,0,0,CLEAR,DRY,False,COLLISION WITH FIXED OBJECT IN INTERSECTION - FIRST EVENT COLLISION 09 - 32,SINGLE VEHICLE,STRAIGHT & LEVEL,DAYLIGHT,,,10/6/2020 8:10:59 AM,False,7128,Accepted,
27296106,0568000,LOUISVILLE METRO POLICE DEPT,Accepted,JEFFERSON,,,DRESDEN,AVE,,,,,,,,38.197199861,-85.781353425,0.084,10/5/2020 12:00:00 AM,0845,5,5,0,0,CLEAR,DRY,False,1 VEHICLE PARKED POSITION (NOT PARKING LOT/DRIVEWAY),REAR END,STRAIGHT & LEVEL,DAYLIGHT,,,10/6/2020 8:11:29 AM,False,5299,Accepted,
27296130,0568000,LOUISVILLE METRO POLICE DEPT,Accepted,JEFFERSON,,,DIXIE,HWY,,,GAULBERT,,,,,38.227406711,-85.790843008,1.562,10/5/2020 12:00:00 AM,1838,2,2,0,0,CLEAR,DRY,True,OPPOSITE DIRECTION - BOTH VEHICLES GOING STRAIGHT AHEAD,SIDESWIPE-OPPOSITE DIRECTION,STRAIGHT & LEVEL,DAYLIGHT,,,10/6/2020 8:12:46 AM,False,5285,Accepted,
27297852,0561500,UNIV. OF LOUISVILLE POLICE,Accepted,JEFFERSON,,,CARDINAL,BLVD,W,KY1020,3RD,,,,,38.220630764,-85.761194959,0.172,10/5/2020 12:00:00 AM,1055,2,2,0,0,CLEAR,DRY,False,ANGLE COLLISION - OTHER,ANGLE,STRAIGHT & LEVEL,DAYLIGHT,,,10/6/2020 1:19:50 PM,False,5702,Accepted,
27339884,0568000,LOUISVILLE METRO POLICE DEPT,Accepted,JEFFERSON,,,OAK,ST,E,KY0061,JACKSON,,,,,38.234192242,-85.747491161,0.435,10/5/2020 12:00:00 AM,1400,2,2,0,0,CLEAR,DRY,True,SIDESWIPE-SAME DIRECTION,SIDESWIPE-SAME DIRECTION,STRAIGHT & LEVEL,DAYLIGHT,,,10/16/2020 8:12:10 AM,False,5296,Accepted,
27296127,0568000,LOUISVILLE METRO POLICE DEPT,Accepted,JEFFERSON,,3024,SOUTHERN,AVE,,,,,,,,38.232037285,-85.806530069,0.249,10/5/2020 12:00:00 AM,2009,3,3,0,0,CLEAR,DRY,False,1 VEHICLE PARKED POSITION (NOT PARKING LOT/DRIVEWAY),SIDESWIPE-SAME DIRECTION,STRAIGHT & LEVEL,DARK-HWY LIGHTED/ON,,,10/6/2020 8:12:35 AM,False,5216,Accepted,
27296128,0568000,LOUISVILLE METRO POLICE DEPT,Accepted,JEFFERSON,,,1ST,ST,S,,,,,,,38.231721676,-85.755866891,1.681,10/5/2020 12:00:00 AM,2312,5,5,0,0,CLEAR,DRY,False,1 VEHICLE ENTERING/LEAVING ENTRANCE,ANGLE,STRAIGHT & LEVEL,DARK (UNKNOWN ROADWAY LIGHTING),,,10/6/2020 8:12:39 AM,False,5213,Accepted,
27296118,0568000,LOUISVILLE METRO POLICE DEPT,Accepted,JEFFERSON,I 0065,,,,,,,,,,,38.191999761,-85.731355386,1.317,10/5/2020 12:00:00 AM,1403,1,1,0,1,CLEAR,DRY,False,OVERTURNED ON RAMP,SINGLE VEHICLE,CURVE & GRADE,DAYLIGHT,I 0065,I 0264,10/6/2020 8:11:58 AM,False,5052,Accepted,
27296119,0568000,LOUISVILLE METRO POLICE DEPT,Accepted,JEFFERSON,,,DUMESNIL,ST,,,28TH,,,,,38.236765942,-85.800447449,1.073,10/5/2020 12:00:00 AM,1801,2,2,0,0,CLEAR,DRY,False,SIDESWIPE-SAME DIRECTION,SIDESWIPE-SAME DIRECTION,STRAIGHT & LEVEL,DAYLIGHT,,,10/6/2020 8:12:01 AM,False,7381,Accepted,
27296120,0568000,LOUISVILLE METRO POLICE DEPT,Accepted,JEFFERSON,,,STRAWBERRY,LN,,,,,ESTELE,KY1020,SOUTHSIDE,38.159404462,-85.762893136,0.131,10/5/2020 12:00:00 AM,1715,3,3,0,0,CLEAR,DRY,False,1 VEHICLE ENTERING/LEAVING ENTRANCE,ANGLE,STRAIGHT & LEVEL,DAYLIGHT,,,10/6/2020 8:12:05 AM,False,7232,Accepted,
27296121,0568000,LOUISVILLE METRO POLICE DEPT,Accepted,JEFFERSON,I 0265,,,,,,,,,,,38.298994683,-85.549292466,0.192,10/5/2020 12:00:00 AM,2229,2,2,0,1,CLEAR,DRY,False,OTHER RAMP RELATED COLLISIONS NOT LISTED ABOVE,HEAD ON,CURVE & GRADE,DARK-HWY LIGHTED/ON,I 0265,KY1447,10/6/2020 8:12:08 AM,False,7098,Accepted,
27296102,0568000,LOUISVILLE METRO POLICE DEPT,Accepted,JEFFERSON,,,ROY WILKINS,AVE,,,MUHAMMAD ALI,,,,,38.252039477,-85.765784310,0.385,10/5/2020 12:00:00 AM,1407,2,2,0,0,CLEAR,DRY,False,VEHICLE BACKING IN INTERSECTION,BACKING,STRAIGHT & LEVEL,DAYLIGHT,,,10/6/2020 8:11:10 AM,False,5105,Accepted,
27296103,0568000,LOUISVILLE METRO POLICE DEPT,Accepted,JEFFERSON,,,MARKET,ST,W,,35TH,,,,,38.261096424,-85.808360145,1.202,10/5/2020 12:00:00 AM,1400,2,2,0,2,CLEAR,DRY,False,COLLISION WITH PARKED VEHICLE,SIDESWIPE-OPPOSITE DIRECTION,STRAIGHT & LEVEL,DAYLIGHT,,,10/6/2020 8:11:19 AM,False,5129,Accepted,
27296219,0568000,LOUISVILLE METRO POLICE DEPT,Accepted,JEFFERSON,,3422,VIRGINIA,AVE,,,,,34TH,,36TH,38.238469904,-85.811628209,0.842,10/5/2020 12:00:00 AM,1425,1,1,0,0,CLEAR,DRY,False,COLLISION WITH FIXED OBJECT NON - INTERSECTION - FIRST EVENT COLLISION 09 - 32 EXCLUDING 16,SINGLE VEHICLE,STRAIGHT & LEVEL,DAYLIGHT,,,10/6/2020 8:44:09 AM,False,7328,Accepted,
27296101,0568000,LOUISVILLE METRO POLICE DEPT,Accepted,JEFFERSON,KY0061,,PRESTON,HWY,,,GRADE,,,,,38.180154857,-85.718522402,7.358,10/5/2020 12:00:00 AM,1407,2,2,0,1,CLEAR,DRY,False,ANGLE COLLISION - OTHER,ANGLE,STRAIGHT & LEVEL,DAYLIGHT,,,10/6/2020 8:11:05 AM,False,4693,Accepted,
27296112,0568000,LOUISVILLE METRO POLICE DEPT,Accepted,JEFFERSON,I 0071,,I71 S,,,,,,,,,38.294360104,-85.631297063,5.997,10/5/2020 12:00:00 AM,1643,1,1,0,0,CLEAR,DRY,False,OTHER COLLISIONS ON SHOULDER,SINGLE VEHICLE,STRAIGHT & HILLCREST,DAYLIGHT,,,10/6/2020 8:11:50 AM,False,7751,Accepted,
27291690,0568000,LOUISVILLE METRO POLICE DEPT,Accepted,JEFFERSON,,,FAIRGROUND,RD,,,FERN BROOK,,,,,38.165761583,-85.595003472,0.189,10/5/2020 12:00:00 AM,0423,2,2,0,0,CLEAR,DRY,False,HEAD-ON COLLISION,HEAD ON,CURVE & GRADE,DARK-HWY NOT LIGHTED,,,10/5/2020 9:27:36 AM,False,5011,Accepted,
27301349,0568000,LOUISVILLE METRO POLICE DEPT,Accepted,JEFFERSON,US0042,,MELLWOOD,AVE,,,SPRING,,,,,38.255550097,-85.722278262,0.583,10/5/2020 12:00:00 AM,1330,2,1,0,1,CLEAR,DRY,False,COLLISION WITH BICYCLE IN INTERSECTION,SINGLE VEHICLE,STRAIGHT & LEVEL,DAYLIGHT,,,10/7/2020 8:14:53 AM,False,5320,Accepted,
27301365,0568000,LOUISVILLE METRO POLICE DEPT,Accepted,JEFFERSON,KY1065,,OUTER,LOOP,,,JUDGE,,,,,38.137782595,-85.669522576,7.007,10/5/2020 12:00:00 AM,1911,2,2,0,0,CLEAR,DRY,False,OTHER INTERSECTION COLLISIONS,REAR END,STRAIGHT & LEVEL,DAYLIGHT,,,10/7/2020 8:16:07 AM,False,5107,Accepted,
27301366,0568000,LOUISVILLE METRO POLICE DEPT,Accepted,JEFFERSON,KY0061,,PRESTON,HWY,,KY1065,OUTER,,,,,38.138337243,-85.686876219,3.946,10/5/2020 12:00:00 AM,1130,2,2,0,0,CLOUDY,DRY,False,OTHER INTERSECTION COLLISIONS,REAR END,STRAIGHT & LEVEL,DAYLIGHT,,,10/7/2020 8:16:10 AM,False,2583,Accepted,
27301367,0568000,LOUISVILLE METRO POLICE DEPT,Accepted,JEFFERSON,,,HATHAWAY,AVE,,,WARREN,,,,,38.195295126,-85.777084205,0.324,10/5/2020 12:00:00 AM,1930,2,2,0,0,CLEAR,DRY,True,COLLISION WITH PARKED VEHICLE,SIDESWIPE-SAME DIRECTION,STRAIGHT & LEVEL,DARK-HWY NOT LIGHTED,,,10/7/2020 8:16:14 AM,False,7298,Accepted,
27301352,0568000,LOUISVILLE METRO POLICE DEPT,Accepted,JEFFERSON,,,FLOYD,ST,S,,JEFFERSON,,,,,38.252909887,-85.748423097,0.190,10/5/2020 12:00:00 AM,1702,2,2,0,0,CLEAR,DRY,False,ANGLE COLLISION - OTHER,ANGLE,STRAIGHT & GRADE,DAYLIGHT,,,10/7/2020 8:15:06 AM,False,5324,Accepted,
27297850,0561500,UNIV. OF LOUISVILLE POLICE,Accepted,JEFFERSON,KY1631,,CRITTENDEN,DR,,,BOXLEY,,,,,38.205408126,-85.750814295,1.199,10/4/2020 12:00:00 AM,1709,2,2,0,0,CLOUDY,DRY,False,SIDESWIPE-SAME DIRECTION,SIDESWIPE-SAME DIRECTION,STRAIGHT & LEVEL,DAYLIGHT,,,10/6/2020 1:19:45 PM,False,5691,Accepted,
27310482,0568000,LOUISVILLE METRO POLICE DEPT,Accepted,JEFFERSON,KY0061,530,JACKSON,ST,S,,,,,,,38.248633807,-85.745018539,12.532,10/4/2020 12:00:00 AM,1500,2,2,0,0,CLOUDY,DRY,False,COLLISION IN PARKING LOT,BACKING,STRAIGHT & LEVEL,DAYLIGHT,,,10/9/2020 8:03:40 AM,False,2403,Accepted,
27291691,0568000,LOUISVILLE METRO POLICE DEPT,Accepted,JEFFERSON,KY1747,,FERN VALLEY,RD,,KY0864,FEGENBUSH,,,,,38.161132840,-85.640778551,5.129,10/4/2020 12:00:00 AM,2025,2,2,0,0,CLEAR,DRY,False,OTHER INTERSECTION COLLISIONS,REAR END,STRAIGHT & LEVEL,DARK (UNKNOWN ROADWAY LIGHTING),,,10/5/2020 9:27:43 AM,False,7415,Accepted,
27291692,0568000,LOUISVILLE METRO POLICE DEPT,Accepted,JEFFERSON,,,RUNDILL,RD,,,,,UPPILL,,OLMSTED,38.167319413,-85.781868026,1.595,10/4/2020 12:00:00 AM,2059,4,4,0,3,CLEAR,DRY,False,HEAD-ON COLLISION,HEAD ON,CURVE & GRADE,DARK-HWY LIGHTED/ON,,,10/5/2020 9:28:01 AM,False,5110,Accepted,
27291689,0568000,LOUISVILLE METRO POLICE DEPT,Accepted,JEFFERSON,,,CENTRAL,AVE,,KY1020,3RD,,,,,38.204758609,-85.763950541,0.351,10/4/2020 12:00:00 AM,1918,2,2,0,0,CLEAR,DRY,False,OTHER INTERSECTION COLLISIONS,REAR END,STRAIGHT & GRADE,DAYLIGHT,,,10/5/2020 9:27:31 AM,False,7291,Accepted,
27291625,0568000,LOUISVILLE METRO POLICE DEPT,Accepted,JEFFERSON,US0031W,,22ND,ST,S,,WILSON,,,,,38.234965744,-85.790362901,18.593,10/4/2020 12:00:00 AM,0038,1,1,0,0,RAINING,WET,False,COLLISION WITH FIXED OBJECT IN INTERSECTION - FIRST EVENT COLLISION 09 - 32,SINGLE VEHICLE,STRAIGHT & LEVEL,DARK-HWY LIGHTED/ON,,,10/5/2020 9:23:40 AM,False,5256,Accepted,
27291682,0568000,LOUISVILLE METRO POLICE DEPT,Accepted,JEFFERSON,I 0071,,I71 N,,,,,,,,,38.322310905,-85.556076683,10.599,10/4/2020 12:00:00 AM,1644,1,1,0,1,CLOUDY,DRY,False,OTHER ROADWAY OR MID-BLOCK COLLISION,SINGLE VEHICLE,STRAIGHT & LEVEL,DAYLIGHT,,,10/5/2020 9:26:03 AM,False,7839,Accepted,
27291683,0568000,LOUISVILLE METRO POLICE DEPT,Accepted,JEFFERSON,KY1065,,LOVERS,LN,,,,,FERN CREEK,,ROCKY,38.161187961,-85.571706612,13.336,10/4/2020 12:00:00 AM,1535,2,1,0,1,CLEAR,DRY,False,COLLISION WITH PEDESTRIAN NON - INTERSECTION,SINGLE VEHICLE,STRAIGHT & LEVEL,DAYLIGHT,,,10/5/2020 9:26:09 AM,False,7278,Accepted,
27291684,0568000,LOUISVILLE METRO POLICE DEPT,Accepted,JEFFERSON,KY1447,11400,WESTPORT,RD,,,,,,,,38.299988156,-85.539440035,7.165,10/4/2020 12:00:00 AM,1211,2,2,0,6,CLEAR,DRY,False,1 VEHICLE ENTERING/LEAVING ENTRANCE,ANGLE,STRAIGHT & LEVEL,DAYLIGHT,,,10/5/2020 9:26:22 AM,False,2489,Accepted,
27291665,0568000,LOUISVILLE METRO POLICE DEPT,Accepted,JEFFERSON,US0150,,22ND,ST,N,,BANK,,,,,38.266628091,-85.783526695,0.245,10/4/2020 12:00:00 AM,0240,1,1,0,0,CLEAR,WET,False,COLLISION WITH FIXED OBJECT IN INTERSECTION - FIRST EVENT COLLISION 09 - 32,SINGLE VEHICLE,STRAIGHT & GRADE,DARK-HWY LIGHTED/ON,,,10/5/2020 9:24:31 AM,False,5305,Accepted,
27291666,0568000,LOUISVILLE METRO POLICE DEPT,Accepted,JEFFERSON,KY0907,,SOUTHSIDE,DR,,,ALVINA,,,,,38.150735121,-85.767817405,6.853,10/4/2020 12:00:00 AM,0133,2,2,0,2,RAINING,WET,False,HEAD-ON COLLISION,HEAD ON,CURVE & LEVEL,DARK (UNKNOWN ROADWAY LIGHTING),,,10/5/2020 9:24:40 AM,False,5212,Accepted,
27291674,0568000,LOUISVILLE METRO POLICE DEPT,Accepted,JEFFERSON,US0060,,SHELBYVILLE,RD,,,CHRISTIAN,,,,,38.248780266,-85.606198481,6.206,10/4/2020 12:00:00 AM,0822,2,1,0,1,CLOUDY,DRY,False,COLLISION WITH BICYCLE IN INTERSECTION,SINGLE VEHICLE,STRAIGHT & LEVEL,DAWN,,,10/5/2020 9:25:11 AM,False,5304,Accepted,
27291680,0568000,LOUISVILLE METRO POLICE DEPT,Accepted,JEFFERSON,,3400B,MUHAMMAD ALI,BLVD,W,,,,,,,38.250711966,-85.753416981,0.047,10/4/2020 12:00:00 AM,0950,2,2,0,0,CLEAR,DRY,False,1 VEHICLE PARKED POSITION (NOT PARKING LOT/DRIVEWAY),REAR END,STRAIGHT & LEVEL,DAYLIGHT,,,10/5/2020 9:25:39 AM,False,5312,Accepted,
27291681,0568000,LOUISVILLE METRO POLICE DEPT,Accepted,JEFFERSON,,200B,34TH,ST,S,,,CS1006A,MARKET,CS1002A,JEFFERSON,38.260593853,-85.807030923,0.074,10/4/2020 12:00:00 AM,1030,2,2,0,2,CLEAR,DRY,True,1 VEHICLE ENTERING/LEAVING ENTRANCE,ANGLE,STRAIGHT & LEVEL,DAYLIGHT,,,10/5/2020 9:25:47 AM,False,5312,Accepted,
27406606,0568000,LOUISVILLE METRO POLICE DEPT,Accepted,JEFFERSON,KY1631,,CRITTENDEN,DR,,,CENTRAL,,,,,38.203031313,-85.750722400,1.045,10/4/2020 12:00:00 AM,2033,2,2,1,2,CLEAR,DRY,False,OPPOSING LEFT TURN,OPPOSING LEFT TURN,STRAIGHT & LEVEL,DARK-HWY LIGHTED/ON,,,11/2/2020 1:07:16 PM,False,7720,Accepted,
27306383,0568000,LOUISVILLE METRO POLICE DEPT,Accepted,JEFFERSON,KY1450,10413,BLUE LICK,RD,,,,,,,,38.087694898,-85.699549115,0.108,10/4/2020 12:00:00 AM,1933,2,2,0,0,CLEAR,DRY,True,HEAD-ON COLLISION,HEAD ON,STRAIGHT & GRADE,DARK-HWY LIGHTED/OFF,,,10/8/2020 8:24:09 AM,False,7829,Accepted,
27291662,0568000,LOUISVILLE METRO POLICE DEPT,Accepted,JEFFERSON,KY1931,,ST ANDREWS CHURCH,RD,,,,,WOODY,,OLD ST ANDREWS CHURCH,38.143959816,-85.835403763,3.384,10/4/2020 12:00:00 AM,0136,1,1,0,0,CLOUDY,WET,False,OTHER ROADWAY OR MID-BLOCK COLLISION,SINGLE VEHICLE,CURVE & GRADE,DARK-HWY NOT LIGHTED,,,10/5/2020 9:23:57 AM,False,7072,Accepted,
27291678,0568000,LOUISVILLE METRO POLICE DEPT,Accepted,JEFFERSON,,,EDITH,RD,,,,,,,,38.264961727,-85.709196245,0.277,10/4/2020 12:00:00 AM,1545,1,1,0,0,CLEAR,DRY,False,OTHER ROADWAY OR MID-BLOCK COLLISION,SINGLE VEHICLE,CURVE & GRADE,DAYLIGHT,,,10/5/2020 9:25:20 AM,False,7028,Accepted,
27291686,0568000,LOUISVILLE METRO POLICE DEPT,Accepted,JEFFERSON,,4404,CORAM,WAY,,,,,,,,38.181423169,-85.640508199,0.053,10/4/2020 12:00:00 AM,2117,2,2,0,0,CLEAR,DRY,False,1 VEHICLE PARKED POSITION (NOT PARKING LOT/DRIVEWAY),HEAD ON,STRAIGHT & LEVEL,DARK-HWY LIGHTED/ON,,,10/5/2020 9:27:05 AM,False,5189,Accepted,
27310502,0568000,LOUISVILLE METRO POLICE DEPT,Accepted,JEFFERSON,,,30TH,ST,S,,BROADWAY,,,,,38.249694078,-85.801632893,0.815,10/4/2020 12:00:00 AM,2237,2,2,0,1,CLEAR,DRY,False,ANGLE COLLISION - ONE VEHICLE TURNING RIGHT,ANGLE,STRAIGHT & LEVEL,DARK-HWY LIGHTED/ON,,,10/9/2020 8:06:02 AM,False,5021,Accepted,
27350791,0568000,LOUISVILLE METRO POLICE DEPT,Accepted,JEFFERSON,KY0864,,FEGENBUSH,LN,,,,,,,,38.161002502,-85.641044448,6.580,10/4/2020 12:00:00 AM,0800,8,1,0,1,CLEAR,DRY,False,SIDESWIPE COLLISION - SAME DIRECTION,SIDESWIPE-SAME DIRECTION,STRAIGHT & LEVEL,DARK-HWY NOT LIGHTED,,,10/19/2020 12:44:16 PM,False,7449,Accepted,
27320387,0568000,LOUISVILLE METRO POLICE DEPT,Accepted,JEFFERSON,I 0265,,I265 E,,,,,,,,,38.123843396,-85.617618585,15.016,10/3/2020 12:00:00 AM,1905,3,3,0,2,CLOUDY,DRY,True,REAR END IN TRAFFIC LANES BOTH VEHICLES MOVING,REAR END,STRAIGHT & GRADE,DARK-HWY NOT LIGHTED,,,10/12/2020 9:02:10 AM,False,7772,Accepted,
27291743,0568000,LOUISVILLE METRO POLICE DEPT,Accepted,JEFFERSON,KY0061,,PRESTON,HWY,,KY1747,FERN VALLEY,,,,,38.156880277,-85.697092924,5.343,10/3/2020 12:00:00 AM,0312,2,2,0,0,CLEAR,DRY,False,SIDESWIPE-SAME DIRECTION,SIDESWIPE-SAME DIRECTION,CURVE & LEVEL,DARK-HWY LIGHTED/ON,,,10/5/2020 9:34:07 AM,False,5189,Accepted,
27291744,0568000,LOUISVILLE METRO POLICE DEPT,Accepted,JEFFERSON,KY0146,,LA GRANGE,RD,,I 0265,I265 S EXIT30 ON RAMP FROM KY146,,,,,38.284426116,-85.514631022,7.203,10/3/2020 12:00:00 AM,0735,2,2,0,1,CLEAR,DRY,False,OPPOSING LEFT TURN,OPPOSING LEFT TURN,STRAIGHT & LEVEL,DAYLIGHT,,,10/5/2020 9:34:24 AM,False,6334,Accepted,
27291751,0568000,LOUISVILLE METRO POLICE DEPT,Accepted,JEFFERSON,KY0022,4900,BROWNSBORO,RD,,,,,,,,38.298897386,-85.595882376,2.534,10/3/2020 12:00:00 AM,0700,2,2,0,2,CLEAR,DRY,False,1 VEHICLE ENTERING/LEAVING ENTRANCE,ANGLE,STRAIGHT & LEVEL,DARK-HWY LIGHTED/ON,,,10/5/2020 9:35:27 AM,False,2738,Accepted,
27291679,0568000,LOUISVILLE METRO POLICE DEPT,Accepted,JEFFERSON,,,26TH,ST,S,,GARLAND,,,,,38.244644768,-85.795452188,1.115,10/3/2020 12:00:00 AM,1545,2,2,0,0,CLEAR,DRY,False,ANGLE COLLISION - OTHER,ANGLE,STRAIGHT & LEVEL,DAYLIGHT,,,10/5/2020 9:25:29 AM,False,7656,Accepted,
27291663,0568000,LOUISVILLE METRO POLICE DEPT,Accepted,JEFFERSON,,104,MAGNOLIA,AVE,E,,,,,,,38.228627351,-85.756240217,0.195,10/3/2020 12:00:00 AM,2247,3,3,0,0,CLOUDY,WET,True,1 VEHICLE PARKED POSITION (NOT PARKING LOT/DRIVEWAY),SIDESWIPE-SAME DIRECTION,STRAIGHT & LEVEL,DARK-HWY LIGHTED/ON,,,10/5/2020 9:24:07 AM,False,5236,Accepted,
27291670,0568000,LOUISVILLE METRO POLICE DEPT,Accepted,JEFFERSON,I 0264,,I264 E,,,I 0264,I264 E EXIT3 ON RAMP FROM  HALE AVE,,,,,38.234836299,-85.818792149,3.152,10/3/2020 12:00:00 AM,1913,2,2,0,1,CLEAR,DRY,False,OTHER INTERSECTION COLLISIONS,REAR END,STRAIGHT & LEVEL,DUSK,,,10/5/2020 9:24:58 AM,False,5164,Accepted,
27291612,0568000,LOUISVILLE METRO POLICE DEPT,Accepted,JEFFERSON,KY1934,,CANE RUN,RD,,KY1727,TERRY,,,,,38.178054483,-85.861976648,7.176,10/3/2020 12:00:00 AM,1729,2,2,0,1,CLEAR,DRY,False,OTHER INTERSECTION COLLISIONS,REAR END,STRAIGHT & LEVEL,DAYLIGHT,,,10/5/2020 9:21:41 AM,False,7339,Accepted,
27291613,0568000,LOUISVILLE METRO POLICE DEPT,Accepted,JEFFERSON,,,POPE LICK,RD,S,,OLD TAYLORSVILLE,,,,,38.189055420,-85.487532295,0.008,10/3/2020 12:00:00 AM,1431,2,2,0,0,CLEAR,DRY,False,SIDESWIPE-SAME DIRECTION,SIDESWIPE-SAME DIRECTION,STRAIGHT & LEVEL,DAYLIGHT,,,10/5/2020 9:21:47 AM,False,7278,Accepted,