IncidentID,AgencyORI,AgencyName,IncidentStatusDesc,County,RdwyNumber,Street,RoadwayName,StreetSfx,StreetDir,IntersectionRdwy,IntersectionRdwyName,BetweenStRdwy1,BetweenStRdwyName1,BetweenStRdwy2,BetweenStRdwyName2,Latitude,Longitude,Milepoint,CollisionDate,CollisionTime,UnitsInvolved,MotorVehiclesInvolved,NumberKilled,NumberInjured,Weather,RdwyConditionCode,HitandRun,DirAnalysisCode,MannerofCollision,RdwyCharacter,LightCondition,RampFromRdwyId,RampToRdwyId,AcceptedDate,IsSecondaryCollision,OwnerBadge,IncidentStatus,
27291620,0568000,LOUISVILLE METRO POLICE DEPT,Accepted,JEFFERSON,I 0265,,I265 E,,,,,I 0265,I265 E EXIT15 ON RAMP FROM KY864,I 0265,I265 E EXIT17 OFF RAMP TO US31E,38.128424530,-85.605228790,15.768,10/3/2020 12:00:00 AM,1926,1,1,0,1,CLEAR,DRY,False,OTHER COLLISIONS ON SHOULDER,SINGLE VEHICLE,CURVE & LEVEL,DARK-HWY LIGHTED/OFF,,,10/5/2020 9:22:55 AM,False,7735,Accepted,
27291621,0568000,LOUISVILLE METRO POLICE DEPT,Accepted,JEFFERSON,KY1020,,NATIONAL,TPKE,,,,,,,,38.119161511,-85.747989745,3.157,10/3/2020 12:00:00 AM,0649,2,2,0,0,CLEAR,DRY,False,OTHER ROADWAY OR MID-BLOCK COLLISION,OPPOSING LEFT TURN,STRAIGHT & LEVEL,DAYLIGHT,,,10/5/2020 9:22:59 AM,False,5048,Accepted,
27291610,0568000,LOUISVILLE METRO POLICE DEPT,Accepted,JEFFERSON,KY0841,,GENE SNYDER,FWY,,,,,,,,38.107371689,-85.810745511,3.992,10/3/2020 12:00:00 AM,0050,1,1,0,2,CLEAR,DRY,False,OTHER ROADWAY OR MID-BLOCK COLLISION,SINGLE VEHICLE,STRAIGHT & LEVEL,DARK-HWY LIGHTED/ON,,,10/5/2020 9:21:18 AM,False,5293,Accepted,
27330655,0568000,LOUISVILLE METRO POLICE DEPT,Accepted,JEFFERSON,,,FRANKFORT,AVE,,,,,,,,38.259422966,-85.721869562,0.043,10/3/2020 12:00:00 AM,1129,2,2,0,0,CLEAR,DRY,False,REAR END IN TRAFFIC LANES BOTH VEHICLES MOVING,REAR END,CURVE & LEVEL,DAYLIGHT,,,10/14/2020 9:11:35 AM,False,2738,Accepted,
27325441,0568000,LOUISVILLE METRO POLICE DEPT,Accepted,JEFFERSON,,,BROOK,ST,S,,,,CHESTNUT,,GRAY,38.247505775,-85.751570754,2.985,10/3/2020 12:00:00 AM,0900,1,1,0,0,CLEAR,DRY,False,COLLISION IN PARKING LOT,SINGLE VEHICLE,STRAIGHT & GRADE,DAYLIGHT,,,10/13/2020 9:00:55 AM,False,6360,Accepted,
27291745,0568000,LOUISVILLE METRO POLICE DEPT,Accepted,JEFFERSON,I 0265,,I265 E,,,,,,,,,38.203608272,-85.507266718,24.156,10/3/2020 12:00:00 AM,0900,1,1,0,0,CLEAR,DRY,False,COLLISION WITH FIXED OBJECT NON - INTERSECTION - FIRST EVENT COLLISION 09 - 32 EXCLUDING 16,SINGLE VEHICLE,STRAIGHT & LEVEL,DAYLIGHT,,,10/5/2020 9:34:39 AM,False,7698,Accepted,
27291746,0568000,LOUISVILLE METRO POLICE DEPT,Accepted,JEFFERSON,KY1065,1999,OUTER,LOOP,,,,,,,,38.130760855,-85.734217054,3.361,10/3/2020 12:00:00 AM,1113,1,1,0,0,CLEAR,DRY,False,COLLISION WITH FIXED OBJECT NON - INTERSECTION - FIRST EVENT COLLISION 09 - 32 EXCLUDING 16,SINGLE VEHICLE,STRAIGHT & LEVEL,DAYLIGHT,,,10/5/2020 9:34:50 AM,False,7269,Accepted,
27291760,0568000,LOUISVILLE METRO POLICE DEPT,Accepted,JEFFERSON,,9101,BATES,RD,,,,,,,,38.118735322,-85.627940499,0.101,10/3/2020 12:00:00 AM,1305,1,1,0,0,CLEAR,DRY,False,COLLISION WITH FIXED OBJECT NON - INTERSECTION - FIRST EVENT COLLISION 09 - 32 EXCLUDING 16,SINGLE VEHICLE,STRAIGHT & LEVEL,DAYLIGHT,,,10/5/2020 9:35:49 AM,False,7465,Accepted,
27291761,0568000,LOUISVILLE METRO POLICE DEPT,Accepted,JEFFERSON,KY0061,,PRESTON,HWY,,,,,,,,38.157540549,-85.697254566,5.411,10/3/2020 12:00:00 AM,1600,2,2,0,1,CLEAR,FLOODED,False,1 VEHICLE ENTERING/LEAVING ENTRANCE,ANGLE,STRAIGHT & LEVEL,DAYLIGHT,,,10/5/2020 9:35:53 AM,False,6933,Accepted,
27310505,0568000,LOUISVILLE METRO POLICE DEPT,Accepted,JEFFERSON,US0060,,FRANKFORT,AVE,,,MCCREADY,,,,,38.254331909,-85.674846451,2.493,10/3/2020 12:00:00 AM,1417,2,2,0,0,CLEAR,DRY,False,COLLISION WITH PARKED VEHICLE,REAR END,STRAIGHT & LEVEL,DAYLIGHT,,,10/9/2020 8:06:27 AM,False,7180,Accepted,
27291672,0568000,LOUISVILLE METRO POLICE DEPT,Accepted,JEFFERSON,US0060,,SHELBYVILLE,RD,,,,,,,,38.235869823,-85.444201142,15.426,10/3/2020 12:00:00 AM,1720,2,2,0,0,CLOUDY,DRY,False,HEAD-ON COLLISION,HEAD ON,STRAIGHT & LEVEL,DAYLIGHT,,,10/5/2020 9:25:02 AM,False,2218,Accepted,
27291664,0568000,LOUISVILLE METRO POLICE DEPT,Accepted,JEFFERSON,,S 22ND ST,BURNETT,AVE,W,,,,,,,38.230685970,-85.792127823,0.851,10/3/2020 12:00:00 AM,2046,2,2,0,3,CLEAR,DRY,False,OTHER ROADWAY OR MID-BLOCK COLLISION,OPPOSING LEFT TURN,STRAIGHT & LEVEL,DARK-HWY LIGHTED/ON,,,10/5/2020 9:24:13 AM,False,7445,Accepted,
27291667,0568000,LOUISVILLE METRO POLICE DEPT,Accepted,JEFFERSON,,3312,HUNSINGER,LN,,,,,,,,38.211188064,-85.619141706,0.736,10/3/2020 12:00:00 AM,2228,1,1,0,0,CLOUDY,WET,False,COLLISION WITH FIXED OBJECT NON - INTERSECTION - FIRST EVENT COLLISION 09 - 32 EXCLUDING 16,SINGLE VEHICLE,CURVE & LEVEL,DARK-HWY LIGHTED/ON,,,10/5/2020 9:24:45 AM,False,5203,Accepted,
27291617,0568000,LOUISVILLE METRO POLICE DEPT,Accepted,JEFFERSON,,3220,GARLAND,AVE,,,,,,,,38.245627475,-85.806557047,2.130,10/3/2020 12:00:00 AM,0729,4,4,0,1,CLEAR,DRY,True,1 VEHICLE PARKED POSITION (NOT PARKING LOT/DRIVEWAY),SIDESWIPE-OPPOSITE DIRECTION,STRAIGHT & LEVEL,DAYLIGHT,,,10/5/2020 9:22:41 AM,False,5273,Accepted,
27291614,0568000,LOUISVILLE METRO POLICE DEPT,Accepted,JEFFERSON,I 0065,,I65 S,,,,,,,,,38.206493248,-85.746609145,132.277,10/3/2020 12:00:00 AM,1238,2,2,0,2,CLEAR,DRY,False,SIDESWIPE COLLISION - SAME DIRECTION,SIDESWIPE-SAME DIRECTION,CURVE & HILLCREST,DAYLIGHT,,,10/5/2020 9:21:59 AM,False,7398,Accepted,
27291741,0568000,LOUISVILLE METRO POLICE DEPT,Accepted,JEFFERSON,,9403,OLD BARDSTOWN,RD,,,,,,,,38.108557725,-85.569408996,1.588,10/3/2020 12:00:00 AM,0146,1,1,0,0,CLOUDY,DRY,False,COLLISION WITH FIXED OBJECT NON - INTERSECTION - FIRST EVENT COLLISION 09 - 32 EXCLUDING 16,SINGLE VEHICLE,STRAIGHT & LEVEL,DARK-HWY NOT LIGHTED,,,10/5/2020 9:33:51 AM,False,5011,Accepted,
27310500,0568000,LOUISVILLE METRO POLICE DEPT,Accepted,JEFFERSON,,,FLORENCE,AVE,W,,CENTER,,,,,38.191074587,-85.773716740,0.546,10/3/2020 12:00:00 AM,1521,2,1,0,1,CLEAR,DRY,False,COLLISION WITH BICYCLE IN INTERSECTION,SINGLE VEHICLE,STRAIGHT & LEVEL,DAYLIGHT,,,10/9/2020 8:05:48 AM,False,5123,Accepted,
27306382,0568000,LOUISVILLE METRO POLICE DEPT,Accepted,JEFFERSON,US0031W,,DIXIE,HWY,,,,,,,,38.107884985,-85.866812630,8.651,10/3/2020 12:00:00 AM,1728,3,3,0,5,CLEAR,DRY,True,REAR END IN TRAFFIC LANES BOTH VEHICLES MOVING,REAR END,STRAIGHT & LEVEL,DAYLIGHT,,,10/8/2020 8:24:02 AM,False,5323,Accepted,
27297849,0561500,UNIV. OF LOUISVILLE POLICE,Accepted,JEFFERSON,,,CARDINAL,BLVD,W,,4TH,,,,,38.220743380,-85.762827097,0.272,10/3/2020 12:00:00 AM,2040,2,2,0,0,CLEAR,DRY,False,COLLISION IN PARKING LOT,SIDESWIPE-SAME DIRECTION,STRAIGHT & LEVEL,DARK (UNKNOWN ROADWAY LIGHTING),,,10/6/2020 1:19:41 PM,False,5674,Accepted,
27291742,0568000,LOUISVILLE METRO POLICE DEPT,Accepted,JEFFERSON,KY0061,,PRESTON,HWY,,,,,,,,38.111131867,-85.675167917,1.950,10/2/2020 12:00:00 AM,2234,3,3,0,0,CLEAR,DRY,False,OTHER ROADWAY OR MID-BLOCK COLLISION,REAR END,STRAIGHT & LEVEL,DARK-HWY LIGHTED/ON,,,10/5/2020 9:33:58 AM,False,5138,Accepted,
27291759,0568000,LOUISVILLE METRO POLICE DEPT,Accepted,JEFFERSON,US0060A,3624,LEXINGTON,RD,,,,,,,,38.248707904,-85.677084261,9.369,10/2/2020 12:00:00 AM,1750,2,2,0,2,CLEAR,DRY,False,1 VEHICLE ENTERING/LEAVING ENTRANCE,ANGLE,STRAIGHT & LEVEL,DAYLIGHT,,,10/5/2020 9:35:37 AM,False,2738,Accepted,
27291739,0568000,LOUISVILLE METRO POLICE DEPT,Accepted,JEFFERSON,KY0864,,SHELBY,ST,S,,CALDWELL,,,,,38.238464280,-85.740595743,15.055,10/2/2020 12:00:00 AM,1821,4,4,0,0,CLEAR,DRY,True,SIDESWIPE-SAME DIRECTION,SIDESWIPE-SAME DIRECTION,STRAIGHT & LEVEL,DUSK,,,10/5/2020 9:33:07 AM,False,5196,Accepted,
27291740,0568000,LOUISVILLE METRO POLICE DEPT,Accepted,JEFFERSON,US0031W,,22ND,ST,S,,,,,,,38.233931995,-85.790788383,18.528,10/2/2020 12:00:00 AM,2233,3,3,0,2,CLEAR,DRY,True,1 VEHICLE ENTERING/LEAVING ENTRANCE,ANGLE,STRAIGHT & LEVEL,DARK-HWY LIGHTED/ON,,,10/5/2020 9:33:38 AM,False,7434,Accepted,
27291748,0568000,LOUISVILLE METRO POLICE DEPT,Accepted,JEFFERSON,I 0065,,I65 N,,,,,,,,,38.172968575,-85.720121258,129.370,10/2/2020 12:00:00 AM,1300,2,2,0,2,CLEAR,DRY,False,REAR END IN TRAFFIC LANES BOTH VEHICLES MOVING,REAR END,CURVE & LEVEL,DAYLIGHT,,,10/5/2020 9:35:12 AM,False,7772,Accepted,
27291608,0568000,LOUISVILLE METRO POLICE DEPT,Accepted,JEFFERSON,KY0155,,TAYLORSVILLE,RD,,,PEE WEE REESE,,,,,38.222784527,-85.667863504,15.620,10/2/2020 12:00:00 AM,2121,2,2,0,0,CLEAR,DRY,False,OTHER INTERSECTION COLLISIONS,REAR END,STRAIGHT & LEVEL,DARK-HWY LIGHTED/ON,,,10/5/2020 9:20:52 AM,False,7833,Accepted,
27282266,0568000,LOUISVILLE METRO POLICE DEPT,Accepted,JEFFERSON,I 0265,,I265 W,,,,,,,,,38.193378177,-85.508846534,23.414,10/2/2020 12:00:00 AM,0559,2,2,0,0,CLEAR,DRY,False,SIDESWIPE COLLISION - SAME DIRECTION,SIDESWIPE-SAME DIRECTION,STRAIGHT & LEVEL,DARK-HWY LIGHTED/ON,,,10/2/2020 12:52:02 PM,False,4903,Accepted,
27291600,0568000,LOUISVILLE METRO POLICE DEPT,Accepted,JEFFERSON,KY1865,,NEW CUT,RD,,KY0907,3RD ST,,,,,38.145841548,-85.775306755,2.671,10/2/2020 12:00:00 AM,0936,2,2,0,0,CLEAR,DRY,False,OTHER INTERSECTION COLLISIONS,REAR END,STRAIGHT & LEVEL,DAYLIGHT,,,10/5/2020 9:19:56 AM,False,5326,Accepted,
27291622,0568000,LOUISVILLE METRO POLICE DEPT,Accepted,JEFFERSON,,,HILLBROOK,DR,,KY1932,BRECKENRIDGE,,,,,38.224265272,-85.633977176,0.009,10/2/2020 12:00:00 AM,1951,2,2,0,0,CLEAR,DRY,False,OPPOSING LEFT TURN,OPPOSING LEFT TURN,STRAIGHT & LEVEL,DARK-HWY LIGHTED/ON,,,10/5/2020 9:23:09 AM,False,5288,Accepted,
27291588,0568000,LOUISVILLE METRO POLICE DEPT,Accepted,JEFFERSON,US0031E,4809,BARDSTOWN,RD,,,,,,,,38.178295800,-85.621647614,8.356,10/2/2020 12:00:00 AM,1625,3,3,0,0,CLEAR,DRY,False,OTHER ROADWAY OR MID-BLOCK COLLISION,REAR END,STRAIGHT & LEVEL,DAYLIGHT,,,10/5/2020 9:18:55 AM,False,7448,Accepted,
27282271,0568000,LOUISVILLE METRO POLICE DEPT,Accepted,JEFFERSON,I 0264,,I264 W,,,,,,,,,38.267186340,-85.807545941,0.707,10/2/2020 12:00:00 AM,0922,2,2,0,1,CLEAR,DRY,False,SIDESWIPE COLLISION - SAME DIRECTION,SIDESWIPE-SAME DIRECTION,STRAIGHT & LEVEL,DAYLIGHT,,,10/2/2020 12:53:00 PM,False,4903,Accepted,
27320388,0568000,LOUISVILLE METRO POLICE DEPT,Accepted,JEFFERSON,US0060A,3794,LEXINGTON,RD,,,,,,,,38.252585261,-85.658316170,10.483,10/2/2020 12:00:00 AM,0418,1,1,0,0,CLEAR,DRY,True,COLLISION IN PARKING LOT,SINGLE VEHICLE,,DAYLIGHT,,,10/12/2020 9:02:56 AM,False,7632,Accepted,
27320432,0568000,LOUISVILLE METRO POLICE DEPT,Accepted,JEFFERSON,I 0065,,I65 N EXIT128 TRANSIT,,,,,,,,,38.152756132,-85.715057016,1.504,10/2/2020 12:00:00 AM,1455,2,2,0,1,CLOUDY,DRY,False,OTHER ROADWAY OR MID-BLOCK COLLISION,REAR END,STRAIGHT & HILLCREST,DAYLIGHT,,,10/12/2020 9:04:41 AM,False,2217,Accepted,
27291676,0568000,LOUISVILLE METRO POLICE DEPT,Accepted,JEFFERSON,I 0264,,I264 W,,,,,,,,,38.189709504,-85.778991665,9.442,10/2/2020 12:00:00 AM,2147,3,3,0,1,CLEAR,DRY,False,REAR END IN TRAFFIC LANES BOTH VEHICLES MOVING,REAR END,STRAIGHT & LEVEL,DARK-HWY LIGHTED/ON,,,10/5/2020 9:25:15 AM,False,5287,Accepted,
27291736,0568000,LOUISVILLE METRO POLICE DEPT,Accepted,JEFFERSON,I 0264,,I264 W,,,,,I 0264,I264 W EXIT10 ON RAMP FROM KY1020,I 0264,I264 W EXIT9 OFF RAMP TO KY1865,38.189451515,-85.775084359,9.691,10/2/2020 12:00:00 AM,2055,2,2,0,0,CLEAR,DRY,False,SIDESWIPE COLLISION - SAME DIRECTION,SIDESWIPE-SAME DIRECTION,STRAIGHT & LEVEL,DARK-HWY LIGHTED/ON,,,10/5/2020 9:32:33 AM,False,7725,Accepted,
27291737,0568000,LOUISVILLE METRO POLICE DEPT,Accepted,JEFFERSON,,,HILLBROOK,DR,,,ENGLEWOOD,,,,,38.228400244,-85.629861383,0.451,10/2/2020 12:00:00 AM,2118,2,2,0,0,CLEAR,DRY,True,OTHER INTERSECTION COLLISIONS,REAR END,STRAIGHT & LEVEL,DARK-HWY LIGHTED/ON,,,10/5/2020 9:32:57 AM,False,5117,Accepted,
27306394,0568000,LOUISVILLE METRO POLICE DEPT,Accepted,JEFFERSON,KY0061,7100,PRESTON,HWY,,,,,,,,38.149275410,-85.692651469,4.765,10/2/2020 12:00:00 AM,0700,1,1,0,0,CLEAR,DRY,True,COLLISION IN PARKING LOT,SINGLE VEHICLE,STRAIGHT & LEVEL,DAYLIGHT,,,10/8/2020 8:25:16 AM,False,5248,Accepted,
27291611,0568000,LOUISVILLE METRO POLICE DEPT,Accepted,JEFFERSON,KY0907,,SOUTHSIDE,DR,,,WOODMORE,,,,,38.149782913,-85.770108289,6.710,10/2/2020 12:00:00 AM,1940,2,2,0,0,CLEAR,DRY,True,OTHER INTERSECTION COLLISIONS,REAR END,STRAIGHT & LEVEL,DAYLIGHT,,,10/5/2020 9:21:36 AM,False,5279,Accepted,
27291570,0568000,LOUISVILLE METRO POLICE DEPT,Accepted,JEFFERSON,KY0061,,PRESTON,ST,S,,ROSELANE,,,,,38.242906152,-85.747927902,12.083,10/2/2020 12:00:00 AM,1105,2,1,0,0,CLEAR,DRY,True,COLLISION WITH BICYCLE IN INTERSECTION,SINGLE VEHICLE,STRAIGHT & LEVEL,DAYLIGHT,,,10/5/2020 9:17:45 AM,False,5120,Accepted,
27291668,0568000,LOUISVILLE METRO POLICE DEPT,Accepted,JEFFERSON,I 0065,,I65 S,,,,,,,,,38.196992323,-85.733794232,131.259,10/2/2020 12:00:00 AM,2226,1,1,0,1,CLEAR,DRY,False,OTHER ROADWAY OR MID-BLOCK COLLISION,SINGLE VEHICLE,CURVE & GRADE,DAWN,,,10/5/2020 9:24:52 AM,False,7291,Accepted,
27291576,0568000,LOUISVILLE METRO POLICE DEPT,Accepted,JEFFERSON,,,SIX MILE,LN,,,LANDSIDE,,,,,38.199019166,-85.620953748,1.842,10/2/2020 12:00:00 AM,1444,2,2,0,1,CLEAR,DRY,False,OTHER INTERSECTION COLLISIONS,REAR END,STRAIGHT & LEVEL,DAYLIGHT,,,10/5/2020 9:18:38 AM,False,7482,Accepted,
27291596,0568000,LOUISVILLE METRO POLICE DEPT,Accepted,JEFFERSON,,,TRACY,WAY,,,,,KNIGHT,,FRIDEN,38.173811674,-85.795398092,0.088,10/2/2020 12:00:00 AM,1407,2,2,0,0,CLEAR,DRY,False,SIDESWIPE COLLISION - SAME DIRECTION,SIDESWIPE-SAME DIRECTION,STRAIGHT & LEVEL,DAYLIGHT,,,10/5/2020 9:19:38 AM,False,5328,Accepted,
27291602,0568000,LOUISVILLE METRO POLICE DEPT,Accepted,JEFFERSON,US0031W,,DIXIE,HWY,,KY0907,VALLEY STATION,,,,,38.107639662,-85.866699288,8.633,10/2/2020 12:00:00 AM,1033,2,2,0,0,CLEAR,DRY,False,ANGLE COLLISION - ONE VEHICLE TURNING LEFT,ANGLE,STRAIGHT & LEVEL,DAYLIGHT,,,10/5/2020 9:20:06 AM,False,7483,Accepted,
27291603,0568000,LOUISVILLE METRO POLICE DEPT,Accepted,JEFFERSON,,2310,WINDSOR FOREST,DR,,,,,,,,38.130248598,-85.817506195,0.242,10/2/2020 12:00:00 AM,1234,1,1,0,1,CLEAR,DRY,False,COLLISION WITH FIXED OBJECT NON - INTERSECTION - FIRST EVENT COLLISION 09 - 32 EXCLUDING 16,SINGLE VEHICLE,STRAIGHT & GRADE,DAYLIGHT,,,10/5/2020 9:20:19 AM,False,7483,Accepted,
27349462,0568000,LOUISVILLE METRO POLICE DEPT,Accepted,JEFFERSON,KY2845,,MANSLICK,RD,E,,SMYRNA,,,,,38.122860154,-85.643162133,2.093,10/2/2020 12:00:00 AM,2100,2,2,0,0,CLEAR,DRY,False,OPPOSING LEFT TURN,OPPOSING LEFT TURN,CURVE & LEVEL,DARK-HWY LIGHTED/ON,,,10/19/2020 9:02:01 AM,False,5116,Accepted,
27386618,0568000,LOUISVILLE METRO POLICE DEPT,Accepted,JEFFERSON,KY0061,,SHELBY,ST,S,,FETTER,,,,,38.215806334,-85.743291715,10.176,10/2/2020 12:00:00 AM,0316,1,1,0,1,CLEAR,DRY,False,COLLISION WITH FIXED OBJECT IN INTERSECTION - FIRST EVENT COLLISION 09 - 32,SINGLE VEHICLE,STRAIGHT & LEVEL,DARK-HWY LIGHTED/ON,,,10/28/2020 8:16:06 AM,False,5053,Accepted,
28256017,0568000,LOUISVILLE METRO POLICE DEPT,Accepted,JEFFERSON,,1850,BLUEGRASS,AVE,,,,,,,,38.179381064,-85.794264783,0.251,10/2/2020 12:00:00 AM,0155,2,2,1,1,CLEAR,DRY,False,1 VEHICLE ENTERING/LEAVING ENTRANCE,ANGLE,STRAIGHT & LEVEL,DARK-HWY LIGHTED/ON,,,6/15/2021 8:39:34 AM,False,7720,Accepted,
27284883,0560400,SHIVELY POLICE DEPARTMENT,Accepted,JEFFERSON,I 0264,,I264 W,,,,,I 0264,I264 W EXIT8A OFF RAMP TO US31W N,I 0264,I264 E EXIT8B OFF RAMP TO US31W S,38.185852562,-85.805914974,7.969,10/1/2020 12:00:00 AM,1502,2,2,0,0,CLOUDY,DRY,False,REAR END IN TRAFFIC LANES BOTH VEHICLES MOVING,REAR END,STRAIGHT & LEVEL,DAYLIGHT,,,10/3/2020 5:49:12 AM,False,7082,Accepted,
27311419,KSP3200,KY STATE POLICE DESI WEST,Accepted,JEFFERSON,I 0064,,,,,,,,,,,38.277108427,-85.807515862,0.029,10/1/2020 12:00:00 AM,1330,3,3,0,0,CLOUDY,DRY,False,OTHER RAMP RELATED COLLISIONS NOT LISTED ABOVE,REAR END,STRAIGHT & LEVEL,DAYLIGHT,I 0064,I 0264,10/9/2020 10:28:07 AM,False,144,Accepted,
27282244,0568000,LOUISVILLE METRO POLICE DEPT,Accepted,JEFFERSON,KY0061,,PRESTON,HWY,,,,,,,,38.158380189,-85.697828768,5.474,10/1/2020 12:00:00 AM,1252,3,3,0,1,CLOUDY,DRY,False,REAR END IN TRAFFIC LANES BOTH VEHICLES MOVING,REAR END,STRAIGHT & LEVEL,DAYLIGHT,,,10/2/2020 12:47:39 PM,False,4693,Accepted,
27282252,0568000,LOUISVILLE METRO POLICE DEPT,Accepted,JEFFERSON,KY1065,,OUTER,LOOP,,,,,CAROL,,NOLTEMEYER WYNDE,38.138300454,-85.684225682,6.195,10/1/2020 12:00:00 AM,1600,2,2,0,2,CLEAR,DRY,False,OTHER ROADWAY OR MID-BLOCK COLLISION,OPPOSING LEFT TURN,STRAIGHT & LEVEL,DAYLIGHT,,,10/2/2020 12:49:12 PM,False,5309,Accepted,
27282253,0568000,LOUISVILLE METRO POLICE DEPT,Accepted,JEFFERSON,,,4TH,ST,S,,,,,,,38.212036147,-85.764367125,3.105,10/1/2020 12:00:00 AM,1620,2,2,0,0,CLEAR,DRY,True,1 VEHICLE PARKED POSITION (NOT PARKING LOT/DRIVEWAY),SIDESWIPE-SAME DIRECTION,STRAIGHT & LEVEL,DAYLIGHT,,,10/2/2020 12:49:41 PM,False,5052,Accepted,
27282218,0568000,LOUISVILLE METRO POLICE DEPT,Accepted,JEFFERSON,KY1747,,FERN VALLEY,RD,,,HOLIDAY TOWERS,,,,,38.157314896,-85.714242921,0.984,10/1/2020 12:00:00 AM,0750,2,2,0,1,CLEAR,DRY,False,SIDESWIPE-SAME DIRECTION,SIDESWIPE-SAME DIRECTION,STRAIGHT & LEVEL,DAYLIGHT,,,10/2/2020 12:46:04 PM,False,5309,Accepted,
27282250,0568000,LOUISVILLE METRO POLICE DEPT,Accepted,JEFFERSON,US0031W,,MARKET,ST,W,,,,4TH,,5TH,38.255340753,-85.757349706,21.825,10/1/2020 12:00:00 AM,1040,4,4,0,1,CLEAR,DRY,False,1 VEHICLE PARKED POSITION (NOT PARKING LOT/DRIVEWAY),SIDESWIPE-SAME DIRECTION,STRAIGHT & LEVEL,DAYLIGHT,,,10/2/2020 12:48:55 PM,False,5251,Accepted,
27310481,0568000,LOUISVILLE METRO POLICE DEPT,Accepted,JEFFERSON,KY0864,,POPLAR LEVEL,RD,,,,,,,,38.179742909,-85.692908842,9.932,10/1/2020 12:00:00 AM,2345,4,3,1,0,CLEAR,DRY,False,COLLISION WITH PEDESTRIAN NON - INTERSECTION,ANGLE,STRAIGHT & LEVEL,DARK-HWY NOT LIGHTED,,,10/9/2020 8:03:12 AM,False,7772,Accepted,
27296122,0568000,LOUISVILLE METRO POLICE DEPT,Accepted,JEFFERSON,KY0022,4940,BROWNSBORO,RD,,,,,,,,38.283555454,-85.628617175,0.396,10/1/2020 12:00:00 AM,1940,2,2,0,0,CLEAR,DRY,False,COLLISION IN PARKING LOT,REAR TO REAR,STRAIGHT & LEVEL,DUSK,,,10/6/2020 8:12:12 AM,False,7571,Accepted,
27296105,0568000,LOUISVILLE METRO POLICE DEPT,Accepted,JEFFERSON,,628,DAVIES,AVE,,,,,,,,38.222863300,-85.769513783,0.128,10/1/2020 12:00:00 AM,1400,2,2,0,0,CLOUDY,DRY,True,1 VEHICLE PARKED POSITION (NOT PARKING LOT/DRIVEWAY),BACKING,STRAIGHT & LEVEL,DAYLIGHT,,,10/6/2020 8:11:24 AM,False,5299,Accepted,
27339939,0568000,LOUISVILLE METRO POLICE DEPT,Accepted,JEFFERSON,KY2251,3705,BARDSTOWN,RD,,,,,,,,38.199018857,-85.659996643,1.041,10/1/2020 12:00:00 AM,1938,1,0,0,1,CLOUDY,DRY,False,OTHER ROADWAY OR MID-BLOCK COLLISION,SINGLE VEHICLE,STRAIGHT & LEVEL,DUSK,,,10/16/2020 8:15:45 AM,False,7851,Accepted,
27282246,0568000,LOUISVILLE METRO POLICE DEPT,Accepted,JEFFERSON,,,JEFFERSON,BLVD,,,MCCAWLEY,,,,,38.143645305,-85.674755232,0.396,10/1/2020 12:00:00 AM,1312,2,2,0,1,CLEAR,DRY,False,OTHER INTERSECTION COLLISIONS,REAR END,STRAIGHT & LEVEL,DAYLIGHT,,,10/2/2020 12:48:05 PM,False,7989,Accepted,
27282248,0568000,LOUISVILLE METRO POLICE DEPT,Accepted,JEFFERSON,US0060A,,EASTERN,PKWY,,KY1703,BAXTER,,,,,38.228961020,-85.715161847,6.448,10/1/2020 12:00:00 AM,1455,5,5,0,4,CLOUDY,DRY,False,OTHER INTERSECTION COLLISIONS,REAR END,STRAIGHT & LEVEL,DAYLIGHT,,,10/2/2020 12:48:38 PM,False,7900,Accepted,
27282249,0568000,LOUISVILLE METRO POLICE DEPT,Accepted,JEFFERSON,,,BROOK,ST,S,,CHESTNUT,,,,,38.248378199,-85.752000506,3.031,10/1/2020 12:00:00 AM,1204,3,3,0,1,CLEAR,DRY,False,ANGLE COLLISION - OTHER,ANGLE,STRAIGHT & LEVEL,DAYLIGHT,,,10/2/2020 12:48:50 PM,False,5324,Accepted,
27282256,0568000,LOUISVILLE METRO POLICE DEPT,Accepted,JEFFERSON,US0031E,,BARDSTOWN,RD,,,ROANOKE,,,,,38.227740373,-85.699970113,14.044,10/1/2020 12:00:00 AM,1742,2,2,0,0,CLEAR,DRY,False,ANGLE COLLISION - OTHER,ANGLE,STRAIGHT & LEVEL,DAYLIGHT,,,10/2/2020 12:50:05 PM,False,2100,Accepted,
27282257,0568000,LOUISVILLE METRO POLICE DEPT,Accepted,JEFFERSON,I 0065,,,,,,,,,,,38.235210804,-85.750974582,0.104,10/1/2020 12:00:00 AM,0759,2,2,0,1,CLEAR,DRY,False,OVERTURNED ON RAMP,SIDESWIPE-SAME DIRECTION,STRAIGHT & LEVEL,DAYLIGHT,I 0065,E SAINT CATHERINE ST,10/2/2020 12:50:17 PM,False,5186,Accepted,
27282258,0568000,LOUISVILLE METRO POLICE DEPT,Accepted,JEFFERSON,,,34TH,ST,S,,GREENWOOD,,,,,38.243171631,-85.809581240,1.341,10/1/2020 12:00:00 AM,1825,2,2,0,1,CLEAR,DRY,False,OTHER INTERSECTION COLLISIONS,REAR END,STRAIGHT & LEVEL,DAYLIGHT,,,10/2/2020 12:50:29 PM,False,5208,Accepted,