IncidentID,AgencyORI,AgencyName,IncidentStatusDesc,County,RdwyNumber,Street,RoadwayName,StreetSfx,StreetDir,IntersectionRdwy,IntersectionRdwyName,BetweenStRdwy1,BetweenStRdwyName1,BetweenStRdwy2,BetweenStRdwyName2,Latitude,Longitude,Milepoint,CollisionDate,CollisionTime,UnitsInvolved,MotorVehiclesInvolved,NumberKilled,NumberInjured,Weather,RdwyConditionCode,HitandRun,DirAnalysisCode,MannerofCollision,RdwyCharacter,LightCondition,RampFromRdwyId,RampToRdwyId,AcceptedDate,IsSecondaryCollision,OwnerBadge,IncidentStatus,
27282263,0568000,LOUISVILLE METRO POLICE DEPT,Accepted,JEFFERSON,,,ASHLAND,AVE,W,KY1865,TAYLOR,,,,,38.186677901,-85.783814847,0.991,10/1/2020 12:00:00 AM,2345,2,2,0,0,CLEAR,DRY,False,SIDESWIPE-SAME DIRECTION,SIDESWIPE-SAME DIRECTION,STRAIGHT & LEVEL,DARK-HWY LIGHTED/ON,,,10/2/2020 12:51:47 PM,False,5284,Accepted,
27282264,0568000,LOUISVILLE METRO POLICE DEPT,Accepted,JEFFERSON,,,APPLEGATE,LN,,,ROBBS,,,,,38.134802124,-85.658957783,0.005,10/1/2020 12:00:00 AM,0611,2,2,0,0,CLEAR,DRY,False,OPPOSING LEFT TURN,OPPOSING LEFT TURN,STRAIGHT & LEVEL,DAWN,,,10/2/2020 12:51:53 PM,False,5107,Accepted,
27282231,0568000,LOUISVILLE METRO POLICE DEPT,Accepted,JEFFERSON,KY1934,,CANE RUN,RD,,KY2049,CRUMS,,,,,38.199138962,-85.837693580,9.161,10/1/2020 12:00:00 AM,0937,3,3,0,1,CLEAR,DRY,False,OTHER INTERSECTION COLLISIONS,REAR END,STRAIGHT & LEVEL,DAYLIGHT,,,10/2/2020 12:46:13 PM,False,5208,Accepted,
27276832,0568000,LOUISVILLE METRO POLICE DEPT,Accepted,JEFFERSON,US0031W,8267,DIXIE,HWY,,,,,,,,38.130174739,-85.847847351,10.500,10/1/2020 12:00:00 AM,0235,1,1,0,0,CLEAR,DRY,False,COLLISION IN PARKING LOT,SINGLE VEHICLE,STRAIGHT & LEVEL,DARK-HWY LIGHTED/ON,,,10/1/2020 8:18:50 AM,False,7166,Accepted,
27282238,0568000,LOUISVILLE METRO POLICE DEPT,Accepted,JEFFERSON,,3906,SOUTHERN PKWY FRONTAGE RD 2,,,,,,,,,38.197796458,-85.767045668,0.835,10/1/2020 12:00:00 AM,0841,1,1,0,0,CLEAR,DRY,True,OTHER ROADWAY OR MID-BLOCK COLLISION,SINGLE VEHICLE,CURVE & LEVEL,DAYLIGHT,,,10/2/2020 12:46:36 PM,False,2499,Accepted,
27282239,0568000,LOUISVILLE METRO POLICE DEPT,Accepted,JEFFERSON,,,FLOYD,ST,S,,BRECKINRIDGE,,,,,38.240969247,-85.750475389,1.023,10/1/2020 12:00:00 AM,1130,2,2,0,3,CLEAR,DRY,True,ANGLE COLLISION - OTHER,ANGLE,STRAIGHT & LEVEL,DAYLIGHT,,,10/2/2020 12:46:43 PM,False,5296,Accepted,
27282240,0568000,LOUISVILLE METRO POLICE DEPT,Accepted,JEFFERSON,,,MUHAMMAD ALI,BLVD,E,KY0061,JACKSON,,,,,38.249757126,-85.744796870,0.613,10/1/2020 12:00:00 AM,1236,2,2,0,0,CLEAR,DRY,False,SIDESWIPE-SAME DIRECTION,SIDESWIPE-SAME DIRECTION,STRAIGHT & LEVEL,DAYLIGHT,,,10/2/2020 12:46:48 PM,False,7266,Accepted,
27282247,0568000,LOUISVILLE METRO POLICE DEPT,Accepted,JEFFERSON,,,34TH,ST,S,,BROADWAY,,,,,38.249907004,-85.808103014,0.853,10/1/2020 12:00:00 AM,1052,2,2,0,0,CLEAR,DRY,False,OTHER ROADWAY OR MID-BLOCK COLLISION,REAR END,CURVE & LEVEL,DAYLIGHT,,,10/2/2020 12:48:14 PM,False,7841,Accepted,
27282265,0568000,LOUISVILLE METRO POLICE DEPT,Accepted,JEFFERSON,KY0864,,POPLAR LEVEL,RD,,,NAOMI,,,,,38.165306133,-85.680371170,8.724,10/1/2020 12:00:00 AM,2013,2,2,0,1,CLEAR,DRY,False,OTHER INTERSECTION COLLISIONS,REAR END,STRAIGHT & LEVEL,DARK-HWY LIGHTED/ON,,,10/2/2020 12:51:58 PM,False,5269,Accepted,
27276835,0568000,LOUISVILLE METRO POLICE DEPT,Accepted,JEFFERSON,I 0264,,I264 E,,,,,,,,,38.254207616,-85.805967184,1.614,10/1/2020 12:00:00 AM,0048,2,2,0,1,CLEAR,DRY,False,SIDESWIPE COLLISION - SAME DIRECTION,SIDESWIPE-SAME DIRECTION,STRAIGHT & HILLCREST,DARK-HWY LIGHTED/ON,,,10/1/2020 8:18:56 AM,False,5216,Accepted,
27291764,0568000,LOUISVILLE METRO POLICE DEPT,Accepted,JEFFERSON,KY1631,,CRITTENDEN,DR,,,CENTRAL,,,,,38.202933548,-85.750719244,1.038,10/1/2020 12:00:00 AM,1329,2,2,0,0,CLEAR,DRY,False,ANGLE COLLISION - OTHER,ANGLE,STRAIGHT & LEVEL,DAYLIGHT,,,10/5/2020 9:37:17 AM,False,2499,Accepted,
27291790,0568000,LOUISVILLE METRO POLICE DEPT,Accepted,JEFFERSON,,,FRISBEE,WAY,,,,,RUNDILL,,GOLF,38.159122026,-85.779538804,0.056,10/1/2020 12:00:00 AM,1718,2,2,0,0,CLOUDY,DRY,True,COLLISION IN PARKING LOT,ANGLE,STRAIGHT & LEVEL,DAYLIGHT,,,10/5/2020 9:39:16 AM,False,7232,Accepted,
27276836,0568000,LOUISVILLE METRO POLICE DEPT,Accepted,JEFFERSON,,1538,ARLING,AVE,,,,,,,,38.174085698,-85.788740549,0.362,10/1/2020 12:00:00 AM,0217,2,2,0,0,CLEAR,DRY,True,1 VEHICLE PARKED POSITION (NOT PARKING LOT/DRIVEWAY),SIDESWIPE-SAME DIRECTION,,DARK-HWY LIGHTED/ON,,,10/1/2020 8:19:04 AM,False,5249,Accepted,
27276819,0568000,LOUISVILLE METRO POLICE DEPT,Accepted,JEFFERSON,KY1931,,GREENWOOD,RD,,,,,,,,38.145240853,-85.870819917,1.442,9/30/2020 12:00:00 AM,1510,2,2,0,1,CLEAR,DRY,False,1 VEHICLE ENTERING/LEAVING ENTRANCE,ANGLE,STRAIGHT & LEVEL,DAYLIGHT,,,10/1/2020 8:15:52 AM,False,7234,Accepted,
27274155,0568000,LOUISVILLE METRO POLICE DEPT,Accepted,JEFFERSON,I 0065,,,,,KY1747,FERN VALLEY,,,,,38.157424605,-85.716334800,0.482,9/30/2020 12:00:00 AM,1348,2,2,0,0,CLEAR,DRY,False,SIDESWIPE-SAME DIRECTION,SIDESWIPE-SAME DIRECTION,STRAIGHT & LEVEL,DAYLIGHT,,,9/30/2020 3:53:47 PM,False,2324,Accepted,
27274156,0568000,LOUISVILLE METRO POLICE DEPT,Accepted,JEFFERSON,I 0264,,I264 E,,,,,I 0264,I264 E EXIT11 OFF RAMP,I 0065,I65 E EXIT12 OFF RAMP,38.189792881,-85.749401329,10.996,9/30/2020 12:00:00 AM,1332,2,2,0,0,CLEAR,DRY,False,1 VEHICLE ENTERING/LEAVING ENTRANCE,ANGLE,STRAIGHT & HILLCREST,DAYLIGHT,,,9/30/2020 3:53:53 PM,False,2499,Accepted,
27296129,0568000,LOUISVILLE METRO POLICE DEPT,Accepted,JEFFERSON,KY2251,,BARDSTOWN,RD,,,REYNOLDS,,,,,38.195458304,-85.653627538,0.626,9/30/2020 12:00:00 AM,1854,2,2,0,0,CLOUDY,DRY,False,ANGLE COLLISION - OTHER,ANGLE,STRAIGHT & LEVEL,DAYLIGHT,,,10/6/2020 8:12:43 AM,False,7851,Accepted,
27276842,0568000,LOUISVILLE METRO POLICE DEPT,Accepted,JEFFERSON,US0060,,SHELBYVILLE,RD,,,,,SYCAMORE,,MOSER,38.245167394,-85.560669667,8.746,9/30/2020 12:00:00 AM,1356,3,3,0,1,CLEAR,DRY,False,OTHER ROADWAY OR MID-BLOCK COLLISION,REAR END,STRAIGHT & LEVEL,DAYLIGHT,,,10/1/2020 8:19:56 AM,False,7751,Accepted,
27274151,0568000,LOUISVILLE METRO POLICE DEPT,Accepted,JEFFERSON,KY0864,,POPLAR LEVEL,RD,,,HUNTINGTON PARK,,,,,38.179375453,-85.692452514,9.898,9/30/2020 12:00:00 AM,1132,2,2,0,1,CLEAR,DRY,True,OTHER INTERSECTION COLLISIONS,REAR END,STRAIGHT & LEVEL,DAYLIGHT,,,9/30/2020 3:53:19 PM,False,5146,Accepted,
27276823,0568000,LOUISVILLE METRO POLICE DEPT,Accepted,JEFFERSON,KY1934,,GREENBELT,HWY,,,LOWER HUNTERS,,,,,38.170206001,-85.876076029,6.201,9/30/2020 12:00:00 AM,1101,2,2,0,2,CLEAR,DRY,False,ANGLE COLLISION - OTHER,ANGLE,STRAIGHT & LEVEL,DAYLIGHT,,,10/1/2020 8:16:34 AM,False,7485,Accepted,
27276831,0568000,LOUISVILLE METRO POLICE DEPT,Accepted,JEFFERSON,I 0064,,I64 W,,,,,,,,,38.217958058,-85.415520723,23.806,9/30/2020 12:00:00 AM,2025,1,1,0,2,CLEAR,DRY,False,OTHER ROADWAY OR MID-BLOCK COLLISION,SINGLE VEHICLE,STRAIGHT & HILLCREST,DARK-HWY LIGHTED/OFF,,,10/1/2020 8:18:43 AM,False,5180,Accepted,
27276826,0568000,LOUISVILLE METRO POLICE DEPT,Accepted,JEFFERSON,,,MUHAMMAD ALI,BLVD,W,,,CS1101A,VILLAGE WEST,CS1159A,PLACE VERT,38.252100994,-85.766278443,0.734,9/30/2020 12:00:00 AM,1548,2,1,0,1,CLEAR,DRY,False,COLLISION WITH PEDESTRIAN NON - INTERSECTION,SINGLE VEHICLE,STRAIGHT & LEVEL,DAYLIGHT,,,10/1/2020 8:17:04 AM,False,5105,Accepted,
27274158,0568000,LOUISVILLE METRO POLICE DEPT,Accepted,JEFFERSON,,410,5TH,ST,S,,,,,,,38.253042185,-85.758882459,3.546,9/30/2020 12:00:00 AM,1411,1,1,0,0,CLEAR,DRY,False,COLLISION IN PARKING LOT,SINGLE VEHICLE,STRAIGHT & LEVEL,DAYLIGHT,,,9/30/2020 3:53:57 PM,False,7345,Accepted,
27276816,0568000,LOUISVILLE METRO POLICE DEPT,Accepted,JEFFERSON,KY1931,,GREENWOOD,RD,,,,,,,,38.144574281,-85.867238708,1.608,9/30/2020 12:00:00 AM,1510,2,1,0,1,CLEAR,DRY,False,COLLISION WITH BICYCLIST NON INTERSECTION,SINGLE VEHICLE,STRAIGHT & LEVEL,DAYLIGHT,,,10/1/2020 8:15:39 AM,False,7234,Accepted,
27276824,0568000,LOUISVILLE METRO POLICE DEPT,Accepted,JEFFERSON,,,MAGNOLIA,AVE,W,,7TH,,,,,38.229695725,-85.767554122,0.608,9/30/2020 12:00:00 AM,1815,3,3,0,2,CLEAR,DRY,False,ANGLE COLLISION - OTHER,ANGLE,STRAIGHT & LEVEL,DAYLIGHT,,,10/1/2020 8:16:43 AM,False,5334,Accepted,
27276825,0568000,LOUISVILLE METRO POLICE DEPT,Accepted,JEFFERSON,KY1747,,HURSTBOURNE,PKWY,S,,AMBROSSE,,,,,38.193029204,-85.604717626,9.188,9/30/2020 12:00:00 AM,1724,2,2,0,2,CLEAR,DRY,False,ANGLE COLLISION - OTHER,ANGLE,STRAIGHT & LEVEL,DAYLIGHT,,,10/1/2020 8:16:53 AM,False,7864,Accepted,
27274142,0568000,LOUISVILLE METRO POLICE DEPT,Accepted,JEFFERSON,KY1065,,BEULAH CHURCH,RD,,,,,DELIGHTFUL,KY0864,BEULAH CHURCH,38.137629227,-85.613072387,10.029,9/30/2020 12:00:00 AM,0758,3,3,0,0,CLEAR,DRY,False,OTHER ROADWAY OR MID-BLOCK COLLISION,REAR END,STRAIGHT & LEVEL,DAWN,,,9/30/2020 3:52:22 PM,False,2324,Accepted,
27274144,0568000,LOUISVILLE METRO POLICE DEPT,Accepted,JEFFERSON,,,NORLYNN,DR,,,,,,,,38.145155326,-85.633703495,0.339,9/30/2020 12:00:00 AM,0230,1,1,0,0,CLOUDY,DRY,False,COLLISION WITH FIXED OBJECT NON - INTERSECTION - FIRST EVENT COLLISION 09 - 32 EXCLUDING 16,SINGLE VEHICLE,STRAIGHT & LEVEL,DAYLIGHT,,,9/30/2020 3:52:42 PM,False,2547,Accepted,
27276840,0568000,LOUISVILLE METRO POLICE DEPT,Accepted,JEFFERSON,,207,2ND,ST,S,,,,COLLINS,,HARLAN,38.200790613,-85.763839730,2.146,9/30/2020 12:00:00 AM,2020,1,1,0,0,CLOUDY,DRY,True,OTHER ROADWAY OR MID-BLOCK COLLISION,SINGLE VEHICLE,STRAIGHT & LEVEL,DARK-HWY LIGHTED/ON,,,10/1/2020 8:19:20 AM,False,5267,Accepted,
27282213,0568000,LOUISVILLE METRO POLICE DEPT,Accepted,JEFFERSON,US0031E,439,BAXTER,AVE,,,,,LEXINGTON,,BARRET,38.248054546,-85.730391944,16.267,9/30/2020 12:00:00 AM,1918,2,2,0,0,CLOUDY,DRY,False,REAR END IN TRAFFIC LANES BOTH VEHICLES MOVING,REAR END,STRAIGHT & GRADE,DARK-HWY LIGHTED/ON,,,10/2/2020 12:45:50 PM,False,5020,Accepted,
27276843,0568000,LOUISVILLE METRO POLICE DEPT,Accepted,JEFFERSON,KY0061,,PRESTON,HWY,,,INDIAN,,,,,38.168764945,-85.706604107,6.337,9/30/2020 12:00:00 AM,2046,2,1,0,1,CLEAR,DRY,False,COLLISION WITH PEDESTRIAN IN INTERSECTION,SINGLE VEHICLE,STRAIGHT & LEVEL,DARK-HWY LIGHTED/ON,,,10/1/2020 8:20:01 AM,False,5144,Accepted,
27277033,0568000,LOUISVILLE METRO POLICE DEPT,Accepted,JEFFERSON,US0031W,,DIXIE,HWY,,,,,,,,38.111294048,-85.864126659,8.923,9/30/2020 12:00:00 AM,1039,2,2,0,3,CLEAR,DRY,False,HEAD-ON COLLISION,HEAD ON,STRAIGHT & LEVEL,DAYLIGHT,,,10/1/2020 8:20:31 AM,False,7234,Accepted,
27282254,0568000,LOUISVILLE METRO POLICE DEPT,Accepted,JEFFERSON,,,1ST,ST,S,,LEE,,,,,38.222684155,-85.756003865,2.337,9/30/2020 12:00:00 AM,1228,1,1,0,1,CLEAR,DRY,False,COLLISION WITH FIXED OBJECT IN INTERSECTION - FIRST EVENT COLLISION 09 - 32,SINGLE VEHICLE,STRAIGHT & LEVEL,DAYLIGHT,,,10/2/2020 12:49:49 PM,False,5221,Accepted,
27282260,0568000,LOUISVILLE METRO POLICE DEPT,Accepted,JEFFERSON,,,OAK,ST,W,,,,,,,38.236622984,-85.778328837,1.259,9/30/2020 12:00:00 AM,1855,4,4,0,3,CLEAR,DRY,True,1 VEHICLE ENTERING/LEAVING ENTRANCE,ANGLE,STRAIGHT & LEVEL,DAYLIGHT,,,10/2/2020 12:50:39 PM,False,5151,Accepted,
27282243,0568000,LOUISVILLE METRO POLICE DEPT,Accepted,JEFFERSON,KY0061,,PRESTON,HWY,,,VIM,,,,,38.172071480,-85.710032686,6.635,9/30/2020 12:00:00 AM,1256,2,2,0,2,CLEAR,DRY,False,ANGLE COLLISION - OTHER,ANGLE,STRAIGHT & LEVEL,DAYLIGHT,,,10/2/2020 12:47:06 PM,False,4693,Accepted,
27276821,0568000,LOUISVILLE METRO POLICE DEPT,Accepted,JEFFERSON,,8203,KERRY,RD,,,,,,,,38.132106114,-85.851902898,0.124,9/30/2020 12:00:00 AM,1651,1,1,0,1,CLEAR,DRY,False,COLLISION IN PARKING LOT,SINGLE VEHICLE,STRAIGHT & HILLCREST,DAYLIGHT,,,10/1/2020 8:16:20 AM,False,7234,Accepted,
27276822,0568000,LOUISVILLE METRO POLICE DEPT,Accepted,JEFFERSON,,,28TH,ST,S,,BROADWAY,,,,,38.249887426,-85.798215012,0.776,9/30/2020 12:00:00 AM,1743,2,2,0,1,CLEAR,DRY,False,COLLISION IN PARKING LOT,REAR END,STRAIGHT & LEVEL,DAYLIGHT,,,10/1/2020 8:16:26 AM,False,7463,Accepted,
27276839,0568000,LOUISVILLE METRO POLICE DEPT,Accepted,JEFFERSON,US0031E,,BUECHEL,BYP,,KY2052,HIKES,,,,,38.199158781,-85.661929810,11.055,9/30/2020 12:00:00 AM,0659,2,2,0,0,CLOUDY,DRY,False,ANGLE COLLISION - OTHER,ANGLE,STRAIGHT & LEVEL,DAYLIGHT,,,10/1/2020 8:19:12 AM,False,7304,Accepted,
27282261,0568000,LOUISVILLE METRO POLICE DEPT,Accepted,JEFFERSON,,1145,15TH,ST,S,,,,HALE,,OAK,38.237025460,-85.778375663,0.806,9/30/2020 12:00:00 AM,1855,3,3,0,1,CLEAR,DRY,False,OTHER ROADWAY OR MID-BLOCK COLLISION,REAR END,STRAIGHT & LEVEL,DARK-HWY LIGHTED/ON,,,10/2/2020 12:50:51 PM,False,5229,Accepted,
27335304,0568000,LOUISVILLE METRO POLICE DEPT,Accepted,JEFFERSON,,,MARKET,ST,W,,32ND,,,,,38.260588346,-85.804153214,0.971,9/30/2020 12:00:00 AM,2059,3,3,0,0,CLEAR,DRY,True,ANGLE COLLISION - OTHER,ANGLE,STRAIGHT & LEVEL,DARK-HWY LIGHTED/ON,,,10/15/2020 8:09:59 AM,False,7487,Accepted,
27281282,0564400,INDIAN HILLS POLICE DEPARTMENT,Accepted,JEFFERSON,US0042,4800,BROWNSBORO,RD,,,,,,,,38.278463678,-85.638064044,5.651,9/29/2020 12:00:00 AM,1541,2,2,0,2,CLOUDY,DRY,False,OTHER ROADWAY OR MID-BLOCK COLLISION,REAR END,STRAIGHT & LEVEL,DAYLIGHT,,,10/2/2020 8:31:05 AM,False,4433,Accepted,
27276830,0568000,LOUISVILLE METRO POLICE DEPT,Accepted,JEFFERSON,,4146,KENTUCKY,ST,W,,,,,,,38.245679513,-85.822364514,0.234,9/29/2020 12:00:00 AM,1800,1,1,0,0,CLOUDY,WET,True,COLLISION WITH FIXED OBJECT NON - INTERSECTION - FIRST EVENT COLLISION 09 - 32 EXCLUDING 16,SINGLE VEHICLE,STRAIGHT & LEVEL,DAYLIGHT,,,10/1/2020 8:18:21 AM,False,5151,Accepted,
27272443,0568000,LOUISVILLE METRO POLICE DEPT,Accepted,JEFFERSON,KY1819,,BILLTOWN,RD,,,GELLHAUS,,,,,38.150530670,-85.549429740,5.533,9/29/2020 12:00:00 AM,2312,1,1,0,1,CLOUDY,DRY,False,COLLISION WITH FIXED OBJECT IN INTERSECTION - FIRST EVENT COLLISION 09 - 32,SINGLE VEHICLE,STRAIGHT & LEVEL,DARK-HWY NOT LIGHTED,,,9/30/2020 8:46:58 AM,False,2775,Accepted,
27272450,0568000,LOUISVILLE METRO POLICE DEPT,Accepted,JEFFERSON,KY1727,,TERRY,RD,,KY1934,CANE RUN,,,,,38.178028148,-85.861771115,4.049,9/29/2020 12:00:00 AM,1857,2,2,0,1,CLEAR,DRY,False,ANGLE COLLISION - OTHER,ANGLE,CURVE & LEVEL,DARK-HWY LIGHTED/ON,,,9/30/2020 8:47:39 AM,False,7321,Accepted,
27273378,0561500,UNIV. OF LOUISVILLE POLICE,Accepted,JEFFERSON,KY1631,2330,CRITTENDEN,DR,,,,,,,,38.209556356,-85.751200602,1.459,9/29/2020 12:00:00 AM,2050,2,1,0,1,RAINING,WET,False,COLLISION WITH PEDESTRIAN NON - INTERSECTION,SINGLE VEHICLE,STRAIGHT & LEVEL,DARK-HWY LIGHTED/ON,,,9/30/2020 12:06:08 PM,False,5676,Accepted,
27291593,0568000,LOUISVILLE METRO POLICE DEPT,Accepted,JEFFERSON,,,16TH,ST,S,US0031W,MARKET,,,,,38.257451649,-85.776667781,0.093,9/29/2020 12:00:00 AM,1654,2,2,0,2,CLOUDY,DRY,False,ANGLE COLLISION - ONE VEHICLE TURNING LEFT,ANGLE,STRAIGHT & LEVEL,DAYLIGHT,,,10/5/2020 9:19:06 AM,False,7805,Accepted,
27296124,0568000,LOUISVILLE METRO POLICE DEPT,Accepted,JEFFERSON,KY0864,5985,POPLAR LEVEL,RD,,,,,,,,38.158433733,-85.648063923,6.740,9/29/2020 12:00:00 AM,0536,2,2,0,1,RAINING,WET,False,HEAD-ON COLLISION,HEAD ON,CURVE & LEVEL,DARK (UNKNOWN ROADWAY LIGHTING),,,10/6/2020 8:12:24 AM,False,7383,Accepted,
27306384,0568000,LOUISVILLE METRO POLICE DEPT,Accepted,JEFFERSON,KY0061,,PRESTON,HWY,,,,,COOPER CHAPEL,KY6307,MAPLE SPRING,38.103407905,-85.672436255,1.392,9/29/2020 12:00:00 AM,1833,3,3,0,0,CLOUDY,WET,False,REAR END IN TRAFFIC LANES BOTH VEHICLES MOVING,REAR END,STRAIGHT & LEVEL,DAYLIGHT,,,10/8/2020 8:24:45 AM,False,7635,Accepted,
27310495,0568000,LOUISVILLE METRO POLICE DEPT,Accepted,JEFFERSON,US0031E,,MARKET,ST,E,KY0061,PRESTON,,,,,38.254153758,-85.746153939,17.369,9/29/2020 12:00:00 AM,1630,2,2,0,0,CLEAR,DRY,False,ANGLE COLLISION - OTHER,ANGLE,STRAIGHT & GRADE,DAYLIGHT,,,10/9/2020 8:05:14 AM,False,2661,Accepted,
27291573,0568000,LOUISVILLE METRO POLICE DEPT,Accepted,JEFFERSON,,,3RD,ST,S,,TENNY,,,,,38.176936960,-85.767079064,1.513,9/29/2020 12:00:00 AM,1617,2,2,0,6,CLEAR,DRY,False,ANGLE COLLISION - OTHER,ANGLE,STRAIGHT & LEVEL,DAYLIGHT,,,10/5/2020 9:18:02 AM,False,5123,Accepted,
27291615,0568000,LOUISVILLE METRO POLICE DEPT,Accepted,JEFFERSON,US0031W,,DIXIE,HWY,,KY1934,GREENBELT,,,,,38.093683822,-85.875122089,7.590,9/29/2020 12:00:00 AM,1445,2,2,0,0,CLEAR,DRY,False,OTHER INTERSECTION COLLISIONS,REAR END,STRAIGHT & LEVEL,DAYLIGHT,,,10/5/2020 9:22:26 AM,False,2311,Accepted,
27267380,0568000,LOUISVILLE METRO POLICE DEPT,Accepted,JEFFERSON,US0031E,,BARDSTOWN,RD,,KY1932,BRECKENRIDGE,,,,,38.181120092,-85.626777940,8.700,9/29/2020 12:00:00 AM,0415,2,2,0,0,CLEAR,DRY,False,ANGLE COLLISION - OTHER,ANGLE,STRAIGHT & LEVEL,DARK-HWY LIGHTED/ON,,,9/29/2020 8:25:30 AM,False,7319,Accepted,
27272404,0568000,LOUISVILLE METRO POLICE DEPT,Accepted,JEFFERSON,,,4TH,ST,S,,MONTANA,,,,,38.211634782,-85.764440198,3.132,9/29/2020 12:00:00 AM,1642,2,2,0,0,CLOUDY,DRY,False,ANGLE COLLISION - OTHER,ANGLE,STRAIGHT & LEVEL,DAYLIGHT,,,9/30/2020 8:44:04 AM,False,2499,Accepted,
27272430,0568000,LOUISVILLE METRO POLICE DEPT,Accepted,JEFFERSON,I 0265,,I265 E,,,,,I 0265,I265 E EXIT17 ON RAMP FROM US31E,I 0265,I265 E EXIT19 OFF RAMP TO KY1819,38.144573413,-85.554318617,18.908,9/29/2020 12:00:00 AM,1726,1,1,0,0,RAINING,WET,False,OTHER COLLISIONS ON SHOULDER,SINGLE VEHICLE,STRAIGHT & GRADE,DAYLIGHT,,,9/30/2020 8:45:14 AM,False,6937,Accepted,
27272431,0568000,LOUISVILLE METRO POLICE DEPT,Accepted,JEFFERSON,I 0065,,,,,,,,,,,38.141484981,-85.709919966,1.159,9/29/2020 12:00:00 AM,1700,2,2,0,0,CLOUDY,WET,False,OTHER RAMP RELATED COLLISIONS NOT LISTED ABOVE,REAR END,STRAIGHT & LEVEL,DAYLIGHT,I 0065,KY1065,9/30/2020 8:45:24 AM,False,2547,Accepted,
27272438,0568000,LOUISVILLE METRO POLICE DEPT,Accepted,JEFFERSON,I 0265,,I265 W,,,,,,,,,38.112967772,-85.668221517,12.142,9/29/2020 12:00:00 AM,2201,1,1,0,0,CLEAR,DRY,False,OTHER ROADWAY OR MID-BLOCK COLLISION,SINGLE VEHICLE,STRAIGHT & LEVEL,DARK-HWY NOT LIGHTED,,,9/30/2020 8:46:23 AM,False,5182,Accepted,
27272446,0568000,LOUISVILLE METRO POLICE DEPT,Accepted,JEFFERSON,KY1447,,WESTPORT,RD,,,FREYS HILL,,,,,38.293630155,-85.559163896,6.037,9/29/2020 12:00:00 AM,0803,1,1,0,1,CLOUDY,DRY,False,OTHER INTERSECTION COLLISIONS,SINGLE VEHICLE,STRAIGHT & LEVEL,DAYLIGHT,,,9/30/2020 8:47:21 AM,False,7751,Accepted,
27272403,0568000,LOUISVILLE METRO POLICE DEPT,Accepted,JEFFERSON,,,PARK,RD,S,,STINNETT,,,,,38.117154907,-85.729716722,3.082,9/29/2020 12:00:00 AM,1309,2,2,0,0,CLEAR,DRY,False,OPPOSITE DIRECTION - BOTH VEHICLES GOING STRAIGHT AHEAD,SIDESWIPE-OPPOSITE DIRECTION,CURVE & HILLCREST,DAYLIGHT,,,9/30/2020 8:43:54 AM,False,7669,Accepted,
27272419,0568000,LOUISVILLE METRO POLICE DEPT,Accepted,JEFFERSON,,,MUHAMMAD ALI,BLVD,W,,,,15TH,,16TH,38.253251079,-85.776777951,1.332,9/29/2020 12:00:00 AM,0748,2,2,0,0,CLOUDY,DRY,False,1 VEHICLE PARKED POSITION (NOT PARKING LOT/DRIVEWAY),ANGLE,STRAIGHT & LEVEL,DAYLIGHT,,,9/30/2020 8:44:49 AM,False,7805,Accepted,
27272428,0568000,LOUISVILLE METRO POLICE DEPT,Accepted,JEFFERSON,KY0155,,TAYLORSVILLE,RD,,,PLEASANT GLEN,,,,,38.187454768,-85.519244412,6.624,9/29/2020 12:00:00 AM,1635,2,2,0,2,RAINING,WET,False,ANGLE COLLISION - ONE VEHICLE TURNING LEFT,ANGLE,STRAIGHT & LEVEL,DAYLIGHT,,,9/30/2020 8:45:02 AM,False,6337,Accepted,
27272436,0568000,LOUISVILLE METRO POLICE DEPT,Accepted,JEFFERSON,US0150,,BROADWAY,,E,,HANCOCK,,,,,38.245001357,-85.743583215,3.187,9/29/2020 12:00:00 AM,2002,2,2,0,0,CLOUDY,WET,False,ANGLE COLLISION - OTHER,ANGLE,STRAIGHT & LEVEL,DARK-HWY LIGHTED/ON,,,9/30/2020 8:46:16 AM,False,7070,Accepted,
27267378,0568000,LOUISVILLE METRO POLICE DEPT,Accepted,JEFFERSON,,11406,HOLSCLAW HILL,RD,,,,,,,,38.091635058,-85.762011206,0.172,9/29/2020 12:00:00 AM,0143,1,1,0,2,FOG,DRY,False,COLLISION WITH FIXED OBJECT NON - INTERSECTION - FIRST EVENT COLLISION 09 - 32 EXCLUDING 16,SINGLE VEHICLE,STRAIGHT & LEVEL,DARK-HWY NOT LIGHTED,,,9/29/2020 8:25:21 AM,False,5259,Accepted,
27272400,0568000,LOUISVILLE METRO POLICE DEPT,Accepted,JEFFERSON,US0031E,,BARDSTOWN,RD,,KY1065,SEATONVILLE,,,,,38.149904053,-85.587231973,5.558,9/29/2020 12:00:00 AM,0818,2,2,0,0,CLEAR,DRY,True,OTHER INTERSECTION COLLISIONS,REAR END,STRAIGHT & LEVEL,DAYLIGHT,,,9/30/2020 8:42:59 AM,False,4693,Accepted,
27267379,0568000,LOUISVILLE METRO POLICE DEPT,Accepted,JEFFERSON,I 0071,,I71 N,,,,,,INDIAN HILLS,I 0264,I264 W,38.279482018,-85.689590096,2.332,9/29/2020 12:00:00 AM,0500,1,1,0,0,CLEAR,DRY,False,OTHER COLLISIONS ON SHOULDER,SINGLE VEHICLE,CURVE & LEVEL,DARK-HWY NOT LIGHTED,,,9/29/2020 8:25:25 AM,False,7219,Accepted,