IncidentID,AgencyORI,AgencyName,IncidentStatusDesc,County,RdwyNumber,Street,RoadwayName,StreetSfx,StreetDir,IntersectionRdwy,IntersectionRdwyName,BetweenStRdwy1,BetweenStRdwyName1,BetweenStRdwy2,BetweenStRdwyName2,Latitude,Longitude,Milepoint,CollisionDate,CollisionTime,UnitsInvolved,MotorVehiclesInvolved,NumberKilled,NumberInjured,Weather,RdwyConditionCode,HitandRun,DirAnalysisCode,MannerofCollision,RdwyCharacter,LightCondition,RampFromRdwyId,RampToRdwyId,AcceptedDate,IsSecondaryCollision,OwnerBadge,IncidentStatus,
27267410,0568000,LOUISVILLE METRO POLICE DEPT,Accepted,JEFFERSON,,2017,39TH,ST,S,,,,,,,38.226989654,-85.821129603,0.311,9/29/2020 12:00:00 AM,0236,2,2,0,0,CLEAR,DRY,False,COLLISION IN PARKING LOT,REAR TO REAR,STRAIGHT & LEVEL,DARK-HWY LIGHTED/ON,,,9/29/2020 8:31:53 AM,False,7481,Accepted,
27272433,0568000,LOUISVILLE METRO POLICE DEPT,Accepted,JEFFERSON,I 0265,,I265 E,,,,,,,,,38.124399935,-85.615628694,15.131,9/29/2020 12:00:00 AM,1655,2,2,0,0,RAINING,WET,False,REAR END IN TRAFFIC LANES BOTH VEHICLES MOVING,REAR END,STRAIGHT & GRADE,DAYLIGHT,,,9/30/2020 8:46:04 AM,False,2321,Accepted,
27274145,0568000,LOUISVILLE METRO POLICE DEPT,Accepted,JEFFERSON,I 0064,,I64 E,,,,,,,,,38.261104259,-85.735699740,5.814,9/29/2020 12:00:00 AM,1604,2,2,0,0,CLOUDY,DRY,False,SIDESWIPE COLLISION - SAME DIRECTION,SIDESWIPE-SAME DIRECTION,STRAIGHT & LEVEL,DAYLIGHT,,,9/30/2020 3:52:47 PM,False,7058,Accepted,
27274146,0568000,LOUISVILLE METRO POLICE DEPT,Accepted,JEFFERSON,,,AIR COMMERCE,DR,,,,,,,,38.128630090,-85.717127252,0.472,9/29/2020 12:00:00 AM,1650,1,1,0,0,RAINING,WET,False,OTHER COLLISIONS ON SHOULDER,SINGLE VEHICLE,STRAIGHT & LEVEL,DAYLIGHT,,,9/30/2020 3:52:52 PM,False,2308,Accepted,
27272401,0568000,LOUISVILLE METRO POLICE DEPT,Accepted,JEFFERSON,I 0264,,,,,,,,,,,38.196355478,-85.707045237,0.209,9/29/2020 12:00:00 AM,1213,2,2,0,1,CLOUDY,DRY,False,OTHER RAMP RELATED COLLISIONS NOT LISTED ABOVE,REAR END,STRAIGHT & GRADE,DAYLIGHT,I 0264,KY0864,9/30/2020 8:43:27 AM,False,4693,Accepted,
27272402,0568000,LOUISVILLE METRO POLICE DEPT,Accepted,JEFFERSON,US0031E,,BARDSTOWN,RD,,,FAIRGROUND,,,,,38.162940937,-85.595979723,6.591,9/29/2020 12:00:00 AM,1424,3,3,0,0,CLOUDY,DRY,False,OTHER INTERSECTION COLLISIONS,REAR END,STRAIGHT & LEVEL,DAYLIGHT,,,9/30/2020 8:43:41 AM,False,6337,Accepted,
27272410,0568000,LOUISVILLE METRO POLICE DEPT,Accepted,JEFFERSON,,,FERN GRADE,RD,,,,,,,,38.157668938,-85.725324167,0.004,9/29/2020 12:00:00 AM,1640,2,2,0,0,CLOUDY,WET,False,OTHER ROADWAY OR MID-BLOCK COLLISION,REAR END,STRAIGHT & LEVEL,DAYLIGHT,,,9/30/2020 8:44:13 AM,False,2324,Accepted,
27272435,0568000,LOUISVILLE METRO POLICE DEPT,Accepted,JEFFERSON,KY1531,,ROUTT,RD,,,,,OLD HEADY,,LEELAND FARM,38.147071978,-85.465832203,3.374,9/29/2020 12:00:00 AM,1825,1,1,0,0,RAINING,WET,False,RAN OFF ROADWAY (1 VEHICLE WITH/EARTH EMBANKMENT/DITCH),SINGLE VEHICLE,CURVE & GRADE,DAYLIGHT,,,9/30/2020 8:46:11 AM,False,2321,Accepted,
27272441,0568000,LOUISVILLE METRO POLICE DEPT,Accepted,JEFFERSON,,,GLEN TRACE,LN,,,,,GLENMARY VILLAGE,,STONEFIELD,38.103789226,-85.563185236,0.082,9/29/2020 12:00:00 AM,2045,2,2,0,0,CLOUDY,DRY,False,COLLISION IN PARKING LOT,BACKING,STRAIGHT & LEVEL,DARK-HWY NOT LIGHTED,,,9/30/2020 8:46:33 AM,False,2775,Accepted,
27475119,0568000,LOUISVILLE METRO POLICE DEPT,Accepted,JEFFERSON,I 0064,,I64 E,,,,,,,,,38.275779521,-85.792074609,2.033,9/29/2020 12:00:00 AM,1518,1,1,0,1,CLOUDY,WET,False,OTHER ROADWAY OR MID-BLOCK COLLISION,SINGLE VEHICLE,STRAIGHT & LEVEL,DAYLIGHT,,,11/19/2020 8:08:48 AM,False,7405,Accepted,
27267277,0568000,LOUISVILLE METRO POLICE DEPT,Accepted,JEFFERSON,,,CARLTON,TER,,,TREVILIAN,,,,,38.218746444,-85.696704741,0.136,9/28/2020 12:00:00 AM,1515,2,2,0,0,CLOUDY,WET,False,SIDESWIPE-SAME DIRECTION,SIDESWIPE-SAME DIRECTION,STRAIGHT & HILLCREST,DAYLIGHT,,,9/29/2020 8:19:00 AM,False,7740,Accepted,
27267284,0568000,LOUISVILLE METRO POLICE DEPT,Accepted,JEFFERSON,,,28TH,ST,S,,BROADWAY,,,,,38.249660281,-85.798340221,0.791,9/28/2020 12:00:00 AM,1506,2,2,0,1,RAINING,WET,False,ANGLE COLLISION - OTHER,ANGLE,STRAIGHT & LEVEL,DAYLIGHT,,,9/29/2020 8:19:11 AM,False,7361,Accepted,
27277131,0560400,SHIVELY POLICE DEPARTMENT,Accepted,JEFFERSON,I 0264,,I264 W,,,,,,,,,38.186068246,-85.817783746,7.257,9/28/2020 12:00:00 AM,2045,2,2,0,1,CLEAR,DRY,False,SIDESWIPE COLLISION - SAME DIRECTION,SIDESWIPE-SAME DIRECTION,CURVE & LEVEL,DARK-HWY LIGHTED/ON,,,10/1/2020 8:50:29 AM,False,7108,Accepted,
27279903,0560500,ANCHORAGE POLICE DEPARTMENT,Accepted,JEFFERSON,KY0146,,LA GRANGE,RD,,,OLD HARRODS CREEK,,,,,38.269348871,-85.551466422,4.198,9/28/2020 12:00:00 AM,1834,2,2,0,0,CLOUDY,WET,False,ANGLE COLLISION - OTHER,ANGLE,STRAIGHT & GRADE,DUSK,,,10/1/2020 10:41:10 PM,False,8541,Accepted,
27267301,0568000,LOUISVILLE METRO POLICE DEPT,Accepted,JEFFERSON,KY1865,,TAYLOR,BLVD,,,BEECHER,,,,,38.191663778,-85.783269066,5.877,9/28/2020 12:00:00 AM,,3,3,0,1,RAINING,WET,True,OTHER INTERSECTION COLLISIONS,REAR END,,DAYLIGHT,,,9/29/2020 8:19:53 AM,False,7298,Accepted,
27265976,0561000,JEFFERSONTOWN POLICE DEPT,Accepted,JEFFERSON,KY0155,,TAYLORSVILLE,RD,,,,,WILLOWVIEW,,CHENOWETH RUN,38.188790669,-85.554196542,8.589,9/28/2020 12:00:00 AM,1650,2,2,0,0,RAINING,WET,False,REAR END IN TRAFFIC LANES BOTH VEHICLES MOVING,REAR END,STRAIGHT & GRADE,DAYLIGHT,,,9/28/2020 9:36:25 PM,False,8316,Accepted,
27267245,0568000,LOUISVILLE METRO POLICE DEPT,Accepted,JEFFERSON,,,BARRET,AVE,,,,,BRECKINRIDGE,,DEBARR,38.240815467,-85.731619106,0.598,9/28/2020 12:00:00 AM,0826,1,1,0,1,CLOUDY,DRY,False,OTHER COLLISIONS ON SHOULDER,SINGLE VEHICLE,STRAIGHT & LEVEL,DAYLIGHT,,,9/29/2020 8:15:48 AM,False,2230,Accepted,
27267246,0568000,LOUISVILLE METRO POLICE DEPT,Accepted,JEFFERSON,US0042,,MAIN,ST,E,,,,BICKEL,US0042,MELLWOOD,38.253605136,-85.728817725,0.189,9/28/2020 12:00:00 AM,1010,1,1,0,1,RAINING,WET,False,COLLISION WITH FIXED OBJECT NON - INTERSECTION - FIRST EVENT COLLISION 09 - 32 EXCLUDING 16,SINGLE VEHICLE,CURVE & LEVEL,DAYLIGHT,,,9/29/2020 8:16:00 AM,False,7058,Accepted,
27267259,0568000,LOUISVILLE METRO POLICE DEPT,Accepted,JEFFERSON,KY0864,7505,BEULAH CHURCH,RD,,,,,,,,38.130558601,-85.614115518,3.771,9/28/2020 12:00:00 AM,1312,1,1,0,0,RAINING,WET,True,COLLISION WITH FIXED OBJECT NON - INTERSECTION - FIRST EVENT COLLISION 09 - 32 EXCLUDING 16,SINGLE VEHICLE,STRAIGHT & LEVEL,DAYLIGHT,,,9/29/2020 8:17:08 AM,False,6937,Accepted,
27267260,0568000,LOUISVILLE METRO POLICE DEPT,Accepted,JEFFERSON,KY1934,4926,CANE RUN,RD,,,,,,,,38.177976465,-85.862934865,7.123,9/28/2020 12:00:00 AM,1244,1,1,0,0,RAINING,WET,False,COLLISION WITH FIXED OBJECT NON - INTERSECTION - FIRST EVENT COLLISION 09 - 32 EXCLUDING 16,SINGLE VEHICLE,STRAIGHT & LEVEL,DAYLIGHT,,,9/29/2020 8:17:33 AM,False,7073,Accepted,
27267270,0568000,LOUISVILLE METRO POLICE DEPT,Accepted,JEFFERSON,I 0064,,I64 E,,,,,,,,,38.260636055,-85.735820611,5.803,9/28/2020 12:00:00 AM,1417,2,2,0,0,RAINING,WET,False,REAR END IN TRAFFIC LANES BOTH VEHICLES MOVING,REAR END,CURVE & HILLCREST,DAYLIGHT,,,9/29/2020 8:18:54 AM,False,7239,Accepted,
27267295,0568000,LOUISVILLE METRO POLICE DEPT,Accepted,JEFFERSON,I 0065,,,,,,,KY0841,GENE SNYDER,I 0065,I65 S,38.116249856,-85.703721851,0.137,9/28/2020 12:00:00 AM,1213,1,1,0,0,RAINING,WET,False,COLLISION WITH FIXED OBJECT NON - INTERSECTION - FIRST EVENT COLLISION 09 - 32 EXCLUDING 16,SINGLE VEHICLE,CURVE & GRADE,DAYLIGHT,,,9/29/2020 8:19:40 AM,False,7669,Accepted,
27267251,0568000,LOUISVILLE METRO POLICE DEPT,Accepted,JEFFERSON,,,HOLIDAY TOWERS,BLVD,,KY1747,FERN VALLEY,,,,,38.157309462,-85.714433562,0.001,9/28/2020 12:00:00 AM,0707,2,2,0,0,CLOUDY,DRY,False,HEAD-ON COLLISION,HEAD ON,STRAIGHT & LEVEL,DARK (UNKNOWN ROADWAY LIGHTING),,,9/29/2020 8:16:36 AM,False,4693,Accepted,
27267304,0568000,LOUISVILLE METRO POLICE DEPT,Accepted,JEFFERSON,US0060,,SHELBYVILLE,RD,,,,,LYNDON,,HOLLEY,38.248163145,-85.598798628,6.657,9/28/2020 12:00:00 AM,1045,2,2,0,0,RAINING,WET,False,OTHER ROADWAY OR MID-BLOCK COLLISION,REAR END,STRAIGHT & LEVEL,DAYLIGHT,,,9/29/2020 8:20:22 AM,False,7751,Accepted,
27267310,0568000,LOUISVILLE METRO POLICE DEPT,Accepted,JEFFERSON,,,DIXIE,HWY,,,BERNHEIM,,,,,38.221417441,-85.793248738,1.995,9/28/2020 12:00:00 AM,1434,2,2,0,1,CLOUDY,WET,False,ANGLE COLLISION - OTHER,ANGLE,STRAIGHT & LEVEL,DAYLIGHT,,,9/29/2020 8:21:18 AM,False,7437,Accepted,
27267319,0568000,LOUISVILLE METRO POLICE DEPT,Accepted,JEFFERSON,I 0264,,,,,,,,,,,38.213594439,-85.667261429,0.050,9/28/2020 12:00:00 AM,2009,2,2,0,1,CLEAR,DRY,False,OTHER RAMP RELATED COLLISIONS NOT LISTED ABOVE,REAR END,STRAIGHT & LEVEL,DARK-HWY LIGHTED/ON,I 0264,US31E,9/29/2020 8:23:54 AM,False,7101,Accepted,
27267320,0568000,LOUISVILLE METRO POLICE DEPT,Accepted,JEFFERSON,I 0264,,I264 E,,,,,I 0264,I264 E EXIT3 OFF RAMP TO  HALE AVE,I 0264,I264 E EXIT3 ON RAMP FROM  HALE AVE,38.237075770,-85.817398391,2.978,9/28/2020 12:00:00 AM,2141,2,2,0,0,CLEAR,DRY,True,SIDESWIPE COLLISION - SAME DIRECTION,SIDESWIPE-SAME DIRECTION,STRAIGHT & LEVEL,DARK-HWY LIGHTED/ON,,,9/29/2020 8:24:21 AM,False,7181,Accepted,
27291747,0568000,LOUISVILLE METRO POLICE DEPT,Accepted,JEFFERSON,I 0264,,I264 E,,,,,I 0264,I264 E EXIT14 OFF RAMP TO KY864,I 0264,I264 E EXIT14 ON RAMP FROM KY864 S,38.198175452,-85.703510022,13.662,9/28/2020 12:00:00 AM,1503,2,2,0,0,CLEAR,DRY,False,REAR END IN TRAFFIC LANES BOTH VEHICLES MOVING,REAR END,STRAIGHT & LEVEL,DAYLIGHT,,,10/5/2020 9:34:56 AM,False,7938,Accepted,
27262689,0568000,LOUISVILLE METRO POLICE DEPT,Accepted,JEFFERSON,,,OAK,ST,E,,HANCOCK,,,,,38.234059387,-85.745484646,0.541,9/28/2020 12:00:00 AM,0102,4,4,0,2,CLEAR,DRY,True,SIDESWIPE-SAME DIRECTION,SIDESWIPE-SAME DIRECTION,STRAIGHT & LEVEL,DARK (UNKNOWN ROADWAY LIGHTING),,,9/28/2020 8:17:05 AM,False,5050,Accepted,
27267325,0568000,LOUISVILLE METRO POLICE DEPT,Accepted,JEFFERSON,,3337,GREENWOOD,AVE,,,,,,,,38.243094001,-85.809314175,1.312,9/28/2020 12:00:00 AM,2013,2,1,0,1,CLEAR,DRY,False,COLLISION WITH PEDESTRIAN NON - INTERSECTION,SINGLE VEHICLE,STRAIGHT & LEVEL,DARK-HWY LIGHTED/ON,,,9/29/2020 8:25:13 AM,False,5216,Accepted,
27267408,0568000,LOUISVILLE METRO POLICE DEPT,Accepted,JEFFERSON,,,1ST,ST,S,US0031E,MARKET,,,,,38.254710599,-85.751867325,0.093,9/28/2020 12:00:00 AM,1827,2,2,0,1,CLEAR,DRY,False,ANGLE COLLISION - OTHER,ANGLE,STRAIGHT & LEVEL,DAYLIGHT,,,9/29/2020 8:31:43 AM,False,7386,Accepted,
27267315,0568000,LOUISVILLE METRO POLICE DEPT,Accepted,JEFFERSON,US0031W,,DIXIE,HWY,,,DIXIE GARDEN,,,,,38.099042728,-85.871920838,7.977,9/28/2020 12:00:00 AM,2037,1,1,0,0,CLOUDY,DRY,False,OTHER INTERSECTION COLLISIONS,SINGLE VEHICLE,STRAIGHT & LEVEL,DARK (UNKNOWN ROADWAY LIGHTING),,,9/29/2020 8:23:40 AM,False,5228,Accepted,
27276841,0568000,LOUISVILLE METRO POLICE DEPT,Accepted,JEFFERSON,US0060,,FRANKFORT,AVE,,,,,CORAL,,WAVERLY,38.255100297,-85.711310709,0.457,9/28/2020 12:00:00 AM,0010,3,3,0,0,CLEAR,DRY,False,1 VEHICLE ENTERING/LEAVING ENTRANCE,ANGLE,STRAIGHT & LEVEL,DARK-HWY LIGHTED/ON,,,10/1/2020 8:19:28 AM,False,7544,Accepted,
27272448,0568000,LOUISVILLE METRO POLICE DEPT,Accepted,JEFFERSON,US0060,,SHELBYVILLE,RD,,,LONG RUN,,,,,38.237121408,-85.439327461,15.701,9/28/2020 12:00:00 AM,1519,2,2,0,1,CLOUDY,DRY,False,OPPOSING LEFT TURN,OPPOSING LEFT TURN,CURVE & HILLCREST,DAYLIGHT,,,9/30/2020 8:47:29 AM,False,7751,Accepted,
27267156,0560400,SHIVELY POLICE DEPARTMENT,Accepted,JEFFERSON,I 0264,,I264 W,,,,,,,,,38.187414238,-85.828390992,6.635,9/28/2020 12:00:00 AM,1740,1,1,0,1,CLOUDY,DRY,False,OTHER ROADWAY OR MID-BLOCK COLLISION,SINGLE VEHICLE,CURVE & LEVEL,DAYLIGHT,,,9/29/2020 7:25:15 AM,False,7128,Accepted,
27267257,0568000,LOUISVILLE METRO POLICE DEPT,Accepted,JEFFERSON,I 0065,,,,,,,,,,,38.116205123,-85.700483263,0.287,9/28/2020 12:00:00 AM,1246,1,1,0,0,RAINING,WET,False,COLLISION WITH FIXED OBJECT NOT IN GORE ,SINGLE VEHICLE,CURVE & GRADE,DAYLIGHT,I 0065,KY0481,9/29/2020 8:16:44 AM,False,4693,Accepted,
27267305,0568000,LOUISVILLE METRO POLICE DEPT,Accepted,JEFFERSON,I 0071,,I71 S,,,,,,,,,38.290208284,-85.646681816,5.077,9/28/2020 12:00:00 AM,1247,1,1,0,1,RAINING,WET,False,COLLISION WITH FIXED OBJECT NON - INTERSECTION - FIRST EVENT COLLISION 09 - 32 EXCLUDING 16,SINGLE VEHICLE,CURVE & HILLCREST,DAYLIGHT,,,9/29/2020 8:20:30 AM,False,7751,Accepted,
27267289,0568000,LOUISVILLE METRO POLICE DEPT,Accepted,JEFFERSON,I 0264,,I264 W,,,,,,,,,38.189609190,-85.746741029,11.187,9/28/2020 12:00:00 AM,1455,2,2,0,0,CLOUDY,WET,False,SIDESWIPE COLLISION - SAME DIRECTION,SIDESWIPE-SAME DIRECTION,STRAIGHT & LEVEL,DAYLIGHT,,,9/29/2020 8:19:20 AM,False,5111,Accepted,
27267291,0568000,LOUISVILLE METRO POLICE DEPT,Accepted,JEFFERSON,KY0061,6623,PRESTON,HWY,,,OLD FERN VALLEY,,,,,38.155043516,-85.695944146,5.202,9/28/2020 12:00:00 AM,1602,1,1,0,0,CLOUDY,WET,False,OTHER INTERSECTION COLLISIONS,SINGLE VEHICLE,STRAIGHT & LEVEL,DAYLIGHT,,,9/29/2020 8:19:26 AM,False,7669,Accepted,
27267299,0568000,LOUISVILLE METRO POLICE DEPT,Accepted,JEFFERSON,KY1932,,BRECKENRIDGE,LN,,,,,,,,38.218148051,-85.628584657,2.695,9/28/2020 12:00:00 AM,1256,2,2,0,0,RAINING,WET,True,REAR END IN TRAFFIC LANES BOTH VEHICLES MOVING,REAR END,STRAIGHT & LEVEL,DAYLIGHT,,,9/29/2020 8:19:45 AM,False,7864,Accepted,
27267306,0568000,LOUISVILLE METRO POLICE DEPT,Accepted,JEFFERSON,KY1447,,WESTPORT,RD,,,NORTHUMBERLAND,,,,,38.304868996,-85.521928109,8.160,9/28/2020 12:00:00 AM,1649,3,3,0,0,CLOUDY,DRY,False,OPPOSING LEFT TURN,OPPOSING LEFT TURN,STRAIGHT & LEVEL,DAYLIGHT,,,9/29/2020 8:20:34 AM,False,7751,Accepted,
27267307,0568000,LOUISVILLE METRO POLICE DEPT,Accepted,JEFFERSON,,1450,HOBART,DR,,,,,,,,38.177060624,-85.804734010,0.349,9/28/2020 12:00:00 AM,1503,1,1,0,1,RAINING,WET,False,COLLISION WITH FIXED OBJECT NON - INTERSECTION - FIRST EVENT COLLISION 09 - 32 EXCLUDING 16,SINGLE VEHICLE,STRAIGHT & GRADE,DAYLIGHT,,,9/29/2020 8:20:42 AM,False,7667,Accepted,
27267308,0568000,LOUISVILLE METRO POLICE DEPT,Accepted,JEFFERSON,,,4TH,ST,S,,,,,,,38.208964306,-85.764968251,3.310,9/28/2020 12:00:00 AM,1428,2,1,0,1,RAINING,WET,True,COLLISION WITH PEDESTRIAN NON - INTERSECTION,SINGLE VEHICLE,STRAIGHT & LEVEL,DAYLIGHT,,,9/29/2020 8:20:50 AM,False,7398,Accepted,
27265978,0561000,JEFFERSONTOWN POLICE DEPT,Accepted,JEFFERSON,KY1747,,HURSTBOURNE,PKWY,S,KY6159,BLUEGRASS PKWY ACCESS,,,,,38.220181734,-85.581482700,11.636,9/28/2020 12:00:00 AM,1723,2,2,0,0,CLOUDY,WET,False,OTHER INTERSECTION COLLISIONS,REAR END,STRAIGHT & LEVEL,DAYLIGHT,,,9/28/2020 9:36:29 PM,False,8226,Accepted,
27267248,0568000,LOUISVILLE METRO POLICE DEPT,Accepted,JEFFERSON,KY1747,,HURSTBOURNE,PKWY,S,,AMBROSSE,,,,,38.195893947,-85.603847282,9.386,9/28/2020 12:00:00 AM,1056,3,3,0,3,RAINING,WET,False,OPPOSING LEFT TURN,OPPOSING LEFT TURN,STRAIGHT & LEVEL,DAYLIGHT,,,9/29/2020 8:16:22 AM,False,7307,Accepted,
27267264,0568000,LOUISVILLE METRO POLICE DEPT,Accepted,JEFFERSON,KY1865,6403,NEW CUT,RD,,,,,,,,38.117573613,-85.775309371,0.606,9/28/2020 12:00:00 AM,1453,2,1,0,1,RAINING,WET,False,COLLISION IN PARKING LOT,SINGLE VEHICLE,STRAIGHT & LEVEL,DAYLIGHT,,,9/29/2020 8:18:06 AM,False,7202,Accepted,
27320519,0568000,LOUISVILLE METRO POLICE DEPT,Accepted,JEFFERSON,,,ST CATHERINE,ST,E,KY0061,JACKSON,,,,,38.235310695,-85.747300972,0.865,9/28/2020 12:00:00 AM,1230,2,2,0,1,CLEAR,DRY,False,ANGLE COLLISION - ONE VEHICLE TURNING LEFT,ANGLE,STRAIGHT & LEVEL,DAYLIGHT,,,10/12/2020 9:09:29 AM,False,7116,Accepted,
27291609,0568000,LOUISVILLE METRO POLICE DEPT,Accepted,JEFFERSON,KY1447,,WESTPORT,RD,,,INDIAN LAKE,,,,,38.296245169,-85.553388453,6.393,9/27/2020 12:00:00 AM,2100,2,2,0,0,CLEAR,DRY,True,OTHER INTERSECTION COLLISIONS,REAR END,STRAIGHT & LEVEL,DARK-HWY LIGHTED/ON,,,10/5/2020 9:21:02 AM,False,6777,Accepted,
27282245,0568000,LOUISVILLE METRO POLICE DEPT,Accepted,JEFFERSON,KY1931,,GREENWOOD,RD,,,,,,,,38.144619414,-85.868663524,1.557,9/27/2020 12:00:00 AM,2145,2,2,0,0,CLEAR,DRY,False,OTHER ROADWAY OR MID-BLOCK COLLISION,OPPOSING LEFT TURN,STRAIGHT & LEVEL,DARK-HWY LIGHTED/ON,,,10/2/2020 12:47:56 PM,False,2928,Accepted,
27262684,0568000,LOUISVILLE METRO POLICE DEPT,Accepted,JEFFERSON,I 0265,,I265 N,,,I 0064,I64 W EXIT19B RAMP TO I265 N,,,,,38.222760801,-85.505494441,25.482,9/27/2020 12:00:00 AM,1919,2,2,0,0,CLEAR,DRY,False,SIDESWIPE-SAME DIRECTION,SIDESWIPE-SAME DIRECTION,CURVE & LEVEL,DARK-HWY LIGHTED/ON,,,9/28/2020 8:16:44 AM,False,6931,Accepted,
27262661,0568000,LOUISVILLE METRO POLICE DEPT,Accepted,JEFFERSON,KY2054,,ALGONQUIN,PKWY,,,39TH,,,,,38.225744952,-85.821251089,0.065,9/27/2020 12:00:00 AM,0504,1,1,0,1,CLEAR,DRY,False,COLLISION WITH FIXED OBJECT IN INTERSECTION - FIRST EVENT COLLISION 09 - 32,SINGLE VEHICLE,STRAIGHT & LEVEL,DARK-HWY LIGHTED/ON,,,9/28/2020 8:14:42 AM,False,7181,Accepted,
27262676,0568000,LOUISVILLE METRO POLICE DEPT,Accepted,JEFFERSON,,,RANGELAND,RD,,,OAKLAWN,,,,,38.165014973,-85.669373331,0.708,9/27/2020 12:00:00 AM,1450,2,2,0,0,CLEAR,DRY,False,REAR END - ONE VEHICLE TURNING LEFT,REAR END,CURVE & LEVEL,DAYLIGHT,,,9/28/2020 8:15:46 AM,False,5174,Accepted,
27262677,0568000,LOUISVILLE METRO POLICE DEPT,Accepted,JEFFERSON,I 0071,,I71 S,,,,,,,,,38.294360104,-85.631297063,5.997,9/27/2020 12:00:00 AM,1528,1,1,0,1,CLEAR,DRY,False,RAN OFF ROADWAY (1 VEHICLE WITH/EARTH EMBANKMENT/DITCH),SINGLE VEHICLE,STRAIGHT & HILLCREST,DAYLIGHT,,,9/28/2020 8:15:55 AM,False,7751,Accepted,
27262654,0568000,LOUISVILLE METRO POLICE DEPT,Accepted,JEFFERSON,US0150,,BROADWAY,,W,,ROY WILKINS,,,,,38.246782942,-85.766385821,1.945,9/27/2020 12:00:00 AM,0139,1,1,0,0,CLEAR,DRY,False,COLLISION WITH FIXED OBJECT IN INTERSECTION - FIRST EVENT COLLISION 09 - 32,SINGLE VEHICLE,CURVE & LEVEL,DARK-HWY LIGHTED/ON,,,9/28/2020 8:13:44 AM,False,7325,Accepted,
27262668,0568000,LOUISVILLE METRO POLICE DEPT,Accepted,JEFFERSON,KY1931,3632,MANSLICK,RD,,,MANSLICK,,,,,38.192366242,-85.800871556,8.154,9/27/2020 12:00:00 AM,0508,3,3,0,1,CLEAR,DRY,False,COLLISION WITH PARKED VEHICLE,REAR END,STRAIGHT & LEVEL,DARK-HWY LIGHTED/ON,,,9/28/2020 8:15:28 AM,False,7435,Accepted,
27262671,0568000,LOUISVILLE METRO POLICE DEPT,Accepted,JEFFERSON,US0031W,,DIXIE,HWY,,,FINCASTLE,,,,,38.068671751,-85.884926856,5.722,9/27/2020 12:00:00 AM,1345,2,2,0,0,CLEAR,DRY,False,ANGLE COLLISION - ONE VEHICLE TURNING LEFT,ANGLE,STRAIGHT & LEVEL,DAYLIGHT,,,9/28/2020 8:15:33 AM,False,2936,Accepted,
27262679,0568000,LOUISVILLE METRO POLICE DEPT,Accepted,JEFFERSON,,,KEYS FERRY,RD,,,,,,,,38.107644720,-85.778335622,0.455,9/27/2020 12:00:00 AM,1050,2,2,0,0,CLEAR,DRY,True,SIDESWIPE COLLISION - OPPOSITE DIRECTION,SIDESWIPE-OPPOSITE DIRECTION,CURVE & LEVEL,DAYLIGHT,,,9/28/2020 8:16:18 AM,False,7221,Accepted,
27267300,0568000,LOUISVILLE METRO POLICE DEPT,Accepted,JEFFERSON,KY0061,,PRESTON,HWY,,,,,,,,38.093013650,-85.669123011,0.660,9/27/2020 12:00:00 AM,2010,1,1,0,0,CLEAR,DRY,True,OTHER ROADWAY OR MID-BLOCK COLLISION,SINGLE VEHICLE,STRAIGHT & LEVEL,DARK-HWY NOT LIGHTED,,,9/29/2020 8:19:49 AM,False,7474,Accepted,
27262685,0568000,LOUISVILLE METRO POLICE DEPT,Accepted,JEFFERSON,I 0064,,,,,,,,,,,38.236396204,-85.620790731,0.444,9/27/2020 12:00:00 AM,0421,1,1,0,1,CLEAR,DRY,False,COLLISION WITH FIXED OBJECT NOT IN GORE ,SINGLE VEHICLE,CURVE & LEVEL,DARK-HWY LIGHTED/ON,I 0064,I 0064,9/28/2020 8:16:51 AM,False,7633,Accepted,
27269018,0568000,LOUISVILLE METRO POLICE DEPT,Accepted,JEFFERSON,KY1934,,GREENBELT,HWY,,,ASHBY,,,,,38.110752448,-85.894421048,1.902,9/27/2020 12:00:00 AM,1205,2,2,0,1,CLEAR,DRY,False,ANGLE COLLISION - OTHER,ANGLE,STRAIGHT & LEVEL,DAYLIGHT,,,9/29/2020 1:43:14 PM,False,2098,Accepted,
27262680,0568000,LOUISVILLE METRO POLICE DEPT,Accepted,JEFFERSON,US0031W,,DIXIE,HWY,,,FLINTLOCK,,,,,38.160045416,-85.832799315,12.729,9/27/2020 12:00:00 AM,1306,2,2,0,1,CLEAR,DRY,False,ANGLE COLLISION - ONE VEHICLE TURNING LEFT,ANGLE,STRAIGHT & LEVEL,DAYLIGHT,,,9/28/2020 8:16:23 AM,False,7073,Accepted,
27262681,0568000,LOUISVILLE METRO POLICE DEPT,Accepted,JEFFERSON,KY3082,,BANK,ST,,,26TH,,,,,38.269255327,-85.791007412,1.085,9/27/2020 12:00:00 AM,1617,1,1,0,1,CLEAR,DRY,False,COLLISION WITH FIXED OBJECT IN INTERSECTION - FIRST EVENT COLLISION 09 - 32,SINGLE VEHICLE,STRAIGHT & LEVEL,DAYLIGHT,,,9/28/2020 8:16:31 AM,False,7292,Accepted,