IncidentID,AgencyORI,AgencyName,IncidentStatusDesc,County,RdwyNumber,Street,RoadwayName,StreetSfx,StreetDir,IntersectionRdwy,IntersectionRdwyName,BetweenStRdwy1,BetweenStRdwyName1,BetweenStRdwy2,BetweenStRdwyName2,Latitude,Longitude,Milepoint,CollisionDate,CollisionTime,UnitsInvolved,MotorVehiclesInvolved,NumberKilled,NumberInjured,Weather,RdwyConditionCode,HitandRun,DirAnalysisCode,MannerofCollision,RdwyCharacter,LightCondition,RampFromRdwyId,RampToRdwyId,AcceptedDate,IsSecondaryCollision,OwnerBadge,IncidentStatus,
27262682,0568000,LOUISVILLE METRO POLICE DEPT,Accepted,JEFFERSON,KY1631,,CRITTENDEN,DR,,,KFEC GATE2 DR,,,,,38.197606470,-85.750830389,0.668,9/27/2020 12:00:00 AM,1350,2,2,0,2,CLEAR,DRY,False,ANGLE COLLISION - OTHER,ANGLE,STRAIGHT & LEVEL,DAYLIGHT,,,9/28/2020 8:16:36 AM,False,7488,Accepted,
27262683,0568000,LOUISVILLE METRO POLICE DEPT,Accepted,JEFFERSON,KY2054,,ALGONQUIN,PKWY,,KY1934,CANE RUN,,,,,38.224401220,-85.809320742,0.720,9/27/2020 12:00:00 AM,1746,2,2,0,1,CLEAR,DRY,False,OPPOSING LEFT TURN,OPPOSING LEFT TURN,STRAIGHT & LEVEL,DAYLIGHT,,,9/28/2020 8:16:40 AM,False,7437,Accepted,
27267244,0568000,LOUISVILLE METRO POLICE DEPT,Accepted,JEFFERSON,,609,34TH,ST,S,,,,,,,38.253725911,-85.807685844,0.598,9/27/2020 12:00:00 AM,1854,2,2,0,0,CLEAR,DRY,True,1 VEHICLE ENTERING/LEAVING ENTRANCE,ANGLE,STRAIGHT & LEVEL,DAYLIGHT,,,9/29/2020 8:15:22 AM,False,5000,Accepted,
27310477,0568000,LOUISVILLE METRO POLICE DEPT,Accepted,JEFFERSON,,,PARK,RD,S,,,,,,,38.110033685,-85.735307070,3.942,9/27/2020 12:00:00 AM,1935,1,1,0,1,CLEAR,DRY,False,COLLISION WITH FIXED OBJECT NON - INTERSECTION - FIRST EVENT COLLISION 09 - 32 EXCLUDING 16,SINGLE VEHICLE,CURVE & LEVEL,DARK-HWY NOT LIGHTED,,,10/9/2020 8:02:59 AM,False,7772,Accepted,
27461778,0568000,LOUISVILLE METRO POLICE DEPT,Accepted,JEFFERSON,US0060A,,EASTERN,PKWY,,KY0061,PRESTON,,,,,38.214590759,-85.743109422,4.550,9/27/2020 12:00:00 AM,1800,2,2,0,0,CLEAR,DRY,True,OTHER INTERSECTION COLLISIONS,REAR END,STRAIGHT & LEVEL,DAYLIGHT,,,11/16/2020 10:23:35 AM,False,2506,Accepted,
27262700,0568000,LOUISVILLE METRO POLICE DEPT,Accepted,JEFFERSON,KY1065,,OUTER,LOOP,,,JEFFERSON,,,,,38.138037240,-85.674276874,6.738,9/26/2020 12:00:00 AM,1656,2,2,0,0,CLEAR,DRY,False,OTHER INTERSECTION COLLISIONS,REAR END,STRAIGHT & LEVEL,DAYLIGHT,,,9/28/2020 8:18:38 AM,False,2547,Accepted,
27262664,0568000,LOUISVILLE METRO POLICE DEPT,Accepted,JEFFERSON,US0060A,3039,TAYLOR,BLVD,,,,,CENTRAL,,BURTON,38.206331684,-85.776062022,2.300,9/26/2020 12:00:00 AM,2039,2,1,0,1,CLEAR,DRY,True,COLLISION IN PARKING LOT,SINGLE VEHICLE,STRAIGHT & LEVEL,DARK-HWY LIGHTED/ON,,,9/28/2020 8:14:55 AM,False,5131,Accepted,
27262665,0568000,LOUISVILLE METRO POLICE DEPT,Accepted,JEFFERSON,US0031E,,BARDSTOWN,RD,,,,,,,,38.231950564,-85.709255109,14.622,9/26/2020 12:00:00 AM,1853,2,2,0,0,CLEAR,DRY,False,OTHER ROADWAY OR MID-BLOCK COLLISION,OPPOSING LEFT TURN,CURVE & LEVEL,DAYLIGHT,,,9/28/2020 8:15:05 AM,False,7376,Accepted,
27258355,0568000,LOUISVILLE METRO POLICE DEPT,Accepted,JEFFERSON,KY1865,,TAYLOR,BLVD,,,LEHIGH,,,,,38.180191080,-85.783407916,5.073,9/26/2020 12:00:00 AM,0504,2,2,0,2,CLEAR,DRY,False,ANGLE COLLISION - OTHER,ANGLE,STRAIGHT & LEVEL,DARK-HWY LIGHTED/ON,,,9/26/2020 5:44:12 PM,False,7040,Accepted,
27262650,0568000,LOUISVILLE METRO POLICE DEPT,Accepted,JEFFERSON,,,7TH,ST,S,,SHIPP,,,,,38.226549332,-85.769170970,0.600,9/26/2020 12:00:00 AM,0507,2,2,0,0,CLEAR,DRY,True,SIDESWIPE-SAME DIRECTION,SIDESWIPE-SAME DIRECTION,,DARK (UNKNOWN ROADWAY LIGHTING),,,9/28/2020 8:12:58 AM,False,7725,Accepted,
27262647,0568000,LOUISVILLE METRO POLICE DEPT,Accepted,JEFFERSON,KY2052,,SHEPHERDSVILLE,RD,,,WHISPERING HILLS,,,,,38.148603927,-85.659912757,0.689,9/26/2020 12:00:00 AM,2009,2,2,0,0,CLEAR,DRY,False,ANGLE COLLISION - OTHER,ANGLE,STRAIGHT & LEVEL,DARK-HWY LIGHTED/ON,,,9/28/2020 8:12:01 AM,False,7120,Accepted,
27262648,0568000,LOUISVILLE METRO POLICE DEPT,Accepted,JEFFERSON,I 0065,,,,,,,,,,,38.130701175,-85.703472324,0.668,9/26/2020 12:00:00 AM,2014,2,2,0,0,CLEAR,DRY,False,OTHER RAMP RELATED COLLISIONS NOT LISTED ABOVE,REAR END,STRAIGHT & LEVEL,DARK-HWY LIGHTED/ON,KY1065,I 0065,9/28/2020 8:12:38 AM,False,7016,Accepted,
27262656,0568000,LOUISVILLE METRO POLICE DEPT,Accepted,JEFFERSON,KY2048,,CANNONS,LN,,,,,,,,38.234343425,-85.657369457,1.161,9/26/2020 12:00:00 AM,1726,2,2,0,1,CLOUDY,DRY,False,REAR END IN TRAFFIC LANES BOTH VEHICLES MOVING,REAR END,STRAIGHT & LEVEL,DAYLIGHT,,,9/28/2020 8:14:08 AM,False,5250,Accepted,
27262663,0568000,LOUISVILLE METRO POLICE DEPT,Accepted,JEFFERSON,US0060A,,EASTERN,PKWY,,KY1703,BAXTER,,,,,38.228909738,-85.715361505,6.436,9/26/2020 12:00:00 AM,2126,3,3,0,1,CLEAR,DRY,False,OTHER INTERSECTION COLLISIONS,REAR END,STRAIGHT & LEVEL,DARK-HWY LIGHTED/ON,,,9/28/2020 8:14:47 AM,False,7049,Accepted,
27258353,0568000,LOUISVILLE METRO POLICE DEPT,Accepted,JEFFERSON,I 0065,,I65 S,,,,,,,,,38.207645397,-85.751446551,132.561,9/26/2020 12:00:00 AM,0216,1,1,0,1,CLEAR,DRY,False,COLLISION WITH FIXED OBJECT NON - INTERSECTION - FIRST EVENT COLLISION 09 - 32 EXCLUDING 16,SINGLE VEHICLE,CURVE & GRADE,DARK-HWY LIGHTED/ON,,,9/26/2020 5:44:04 PM,False,5127,Accepted,
27262701,0568000,LOUISVILLE METRO POLICE DEPT,Accepted,JEFFERSON,,110,OXMOOR,LN,,,,,,,,38.247640316,-85.613567794,0.119,9/26/2020 12:00:00 AM,1250,2,2,0,0,CLOUDY,DRY,False,COLLISION IN PARKING LOT,BACKING,STRAIGHT & LEVEL,DAYLIGHT,,,9/28/2020 8:18:46 AM,False,7751,Accepted,
27267314,0568000,LOUISVILLE METRO POLICE DEPT,Accepted,JEFFERSON,KY1934,,CANE RUN,RD,,,DONALD,,,,,38.191548435,-85.847523064,8.418,9/26/2020 12:00:00 AM,1300,2,2,0,0,CLOUDY,DRY,False,ANGLE COLLISION - OTHER,ANGLE,STRAIGHT & LEVEL,DAYLIGHT,,,9/29/2020 8:22:53 AM,False,5253,Accepted,
27262646,0568000,LOUISVILLE METRO POLICE DEPT,Accepted,JEFFERSON,US0031W,,DIXIE,HWY,,,,,DIXIE GARDEN,,BETHANY,38.096526399,-85.873405837,7.785,9/26/2020 12:00:00 AM,1827,2,2,0,2,CLEAR,DRY,False,1 VEHICLE ENTERING/LEAVING ENTRANCE,ANGLE,STRAIGHT & LEVEL,DARK-HWY LIGHTED/OFF,,,9/28/2020 8:11:39 AM,False,2021,Accepted,
27272722,0560300,ST. MATTHEWS POLICE DEPARTMENT,Accepted,JEFFERSON,KY0146,,NEW LA GRANGE,RD,,US0060,SHELBYVILLE,,,,,38.249652527,-85.615133799,0.012,9/26/2020 12:00:00 AM,2135,2,2,0,0,CLEAR,DRY,True,SIDESWIPE-SAME DIRECTION,SIDESWIPE-SAME DIRECTION,STRAIGHT & LEVEL,DARK-HWY LIGHTED/ON,,,9/30/2020 9:36:27 AM,False,9158,Accepted,
27272444,0568000,LOUISVILLE METRO POLICE DEPT,Accepted,JEFFERSON,US0150,,22ND,ST,N,,,,,,,38.263428305,-85.785599270,0.497,9/26/2020 12:00:00 AM,0300,4,4,0,0,CLEAR,DRY,False,1 VEHICLE PARKED POSITION (NOT PARKING LOT/DRIVEWAY),SIDESWIPE-SAME DIRECTION,STRAIGHT & HILLCREST,DARK-HWY LIGHTED/ON,,,9/30/2020 8:47:14 AM,False,7416,Accepted,
27262644,0568000,LOUISVILLE METRO POLICE DEPT,Accepted,JEFFERSON,US0150,,BROADWAY,,W,,ROY WILKINS,,,,,38.246891026,-85.766361853,1.946,9/26/2020 12:00:00 AM,0638,2,2,0,1,CLEAR,DRY,False,ANGLE COLLISION - OTHER,ANGLE,STRAIGHT & LEVEL,DAWN,,,9/28/2020 8:11:03 AM,False,7823,Accepted,
27262645,0568000,LOUISVILLE METRO POLICE DEPT,Accepted,JEFFERSON,,,ROY WILKINS,AVE,,,,,JEFFERSON,,LIBERTY,38.254510755,-85.765022071,0.212,9/26/2020 12:00:00 AM,1908,1,1,0,0,CLEAR,DRY,False,OTHER COLLISIONS ON SHOULDER,SINGLE VEHICLE,STRAIGHT & LEVEL,DUSK,,,9/28/2020 8:11:27 AM,False,7823,Accepted,
27262651,0568000,LOUISVILLE METRO POLICE DEPT,Accepted,JEFFERSON,I 0265,,I265 N,,,I 0265,I265 N EXIT30 ON RAMP FROM KY146,,,,,38.286483890,-85.514479162,30.470,9/26/2020 12:00:00 AM,1900,2,2,0,0,CLEAR,DRY,False,OTHER INTERSECTION COLLISIONS,REAR END,STRAIGHT & LEVEL,DAYLIGHT,,,9/28/2020 8:13:06 AM,False,6931,Accepted,
27262652,0568000,LOUISVILLE METRO POLICE DEPT,Accepted,JEFFERSON,KY1065,,OUTER,LOOP,,,,,,,,38.138915938,-85.658356078,7.686,9/26/2020 12:00:00 AM,1911,2,2,0,1,CLEAR,DRY,False,REAR END IN TRAFFIC LANES BOTH VEHICLES MOVING,REAR END,STRAIGHT & HILLCREST,DAYLIGHT,,,9/28/2020 8:13:15 AM,False,7449,Accepted,
27262653,0568000,LOUISVILLE METRO POLICE DEPT,Accepted,JEFFERSON,,,29TH,ST,S,,MARKET,,,,,38.260124654,-85.799198898,0.084,9/26/2020 12:00:00 AM,2020,2,2,0,1,CLEAR,DRY,False,OPPOSING LEFT TURN,OPPOSING LEFT TURN,STRAIGHT & LEVEL,DARK-HWY LIGHTED/ON,,,9/28/2020 8:13:30 AM,False,7487,Accepted,
27262659,0568000,LOUISVILLE METRO POLICE DEPT,Accepted,JEFFERSON,,,MURPHY,LN,,,TAZWELL,,,,,38.305826776,-85.535316322,0.302,9/26/2020 12:00:00 AM,2343,2,2,0,0,CLEAR,DRY,True,ANGLE COLLISION - OTHER,ANGLE,STRAIGHT & LEVEL,DARK-HWY LIGHTED/ON,,,9/28/2020 8:14:35 AM,False,7159,Accepted,
27258357,0568000,LOUISVILLE METRO POLICE DEPT,Accepted,JEFFERSON,,,20TH,ST,N,,,,,,,38.261030744,-85.782814784,0.381,9/26/2020 12:00:00 AM,0814,2,2,0,1,CLEAR,DRY,False,1 VEHICLE PARKED POSITION (NOT PARKING LOT/DRIVEWAY),SIDESWIPE-SAME DIRECTION,STRAIGHT & LEVEL,DAYLIGHT,,,9/26/2020 5:44:34 PM,False,7988,Accepted,
27258358,0568000,LOUISVILLE METRO POLICE DEPT,Accepted,JEFFERSON,,,NORTHWESTERN,PKWY,,,,,,,,38.274955797,-85.801159956,1.775,9/25/2020 12:00:00 AM,1717,3,3,0,0,CLEAR,DRY,False,OTHER ROADWAY OR MID-BLOCK COLLISION,REAR END,CURVE & LEVEL,DAYLIGHT,,,9/26/2020 5:44:44 PM,False,7988,Accepted,
27253778,0568000,LOUISVILLE METRO POLICE DEPT,Accepted,JEFFERSON,,1108,CENTRAL,AVE,,,,,,,,38.206809441,-85.776763906,1.072,9/25/2020 12:00:00 AM,0154,2,2,0,0,CLEAR,DRY,True,1 VEHICLE PARKED POSITION (NOT PARKING LOT/DRIVEWAY),ANGLE,STRAIGHT & LEVEL,DARK-HWY LIGHTED/ON,,,9/25/2020 8:31:31 AM,False,7455,Accepted,
27258332,0568000,LOUISVILLE METRO POLICE DEPT,Accepted,JEFFERSON,,9803,MICHAEL EDWARD,DR,,,,,,,,38.171243821,-85.576416411,0.204,9/25/2020 12:00:00 AM,1245,3,1,0,2,CLOUDY,DRY,False,COLLISION IN PARKING LOT,SINGLE VEHICLE,STRAIGHT & LEVEL,DAYLIGHT,,,9/26/2020 5:42:01 PM,False,4693,Accepted,
27258340,0568000,LOUISVILLE METRO POLICE DEPT,Accepted,JEFFERSON,,,AIR COMMERCE,DR,,KY1065,OUTER,,,,,38.134754001,-85.719233538,0.008,9/25/2020 12:00:00 AM,1545,2,2,0,1,CLEAR,DRY,False,OTHER INTERSECTION COLLISIONS,REAR END,STRAIGHT & LEVEL,DAYLIGHT,,,9/26/2020 5:42:17 PM,False,7669,Accepted,
27258347,0568000,LOUISVILLE METRO POLICE DEPT,Accepted,JEFFERSON,,,BLUEGRASS,AVE,,,SOUTHERN,,,,,38.178925789,-85.771294212,1.503,9/25/2020 12:00:00 AM,1416,2,2,0,1,CLEAR,DRY,False,OTHER INTERSECTION COLLISIONS,REAR END,STRAIGHT & LEVEL,DAYLIGHT,,,9/26/2020 5:43:06 PM,False,5123,Accepted,
27258348,0568000,LOUISVILLE METRO POLICE DEPT,Accepted,JEFFERSON,I 0064,,I64 W,,,I 0064,I64 W EXIT19B RAMP TO I265 N,,,,,38.222711999,-85.500449458,19.148,9/25/2020 12:00:00 AM,1450,1,1,0,0,CLOUDY,DRY,False,COLLISION WITH FIXED OBJECT IN INTERSECTION - FIRST EVENT COLLISION 09 - 32,SINGLE VEHICLE,STRAIGHT & HILLCREST,DAYLIGHT,,,9/26/2020 5:43:15 PM,False,2109,Accepted,
27258349,0568000,LOUISVILLE METRO POLICE DEPT,Accepted,JEFFERSON,KY0146,,LA GRANGE,RD,,,SPRINGS STATION,,,,,38.292695611,-85.509595936,7.851,9/25/2020 12:00:00 AM,2107,2,2,0,0,CLEAR,DRY,False,OTHER INTERSECTION COLLISIONS,REAR END,STRAIGHT & LEVEL,DARK-HWY NOT LIGHTED,,,9/26/2020 5:43:25 PM,False,7012,Accepted,
27258350,0568000,LOUISVILLE METRO POLICE DEPT,Accepted,JEFFERSON,,,LYTLE,ST,,,19TH,,,,,38.264868088,-85.780195603,0.452,9/25/2020 12:00:00 AM,2031,2,2,0,0,CLEAR,DRY,False,COLLISION WITH PARKED VEHICLE,SIDESWIPE-SAME DIRECTION,STRAIGHT & LEVEL,DUSK,,,9/26/2020 5:43:37 PM,False,7325,Accepted,
27258356,0568000,LOUISVILLE METRO POLICE DEPT,Accepted,JEFFERSON,KY0864,,POPLAR LEVEL,RD,,,TREVILIAN,,,,,38.205410518,-85.712835996,12.074,9/25/2020 12:00:00 AM,1639,3,3,0,0,CLEAR,DRY,False,OTHER INTERSECTION COLLISIONS,REAR TO REAR,STRAIGHT & LEVEL,DAYLIGHT,,,9/26/2020 5:44:23 PM,False,6148,Accepted,
27253777,0568000,LOUISVILLE METRO POLICE DEPT,Accepted,JEFFERSON,,,LONGFIELD,AVE,,,,,,,,38.198695163,-85.778488667,0.455,9/25/2020 12:00:00 AM,0313,1,1,0,1,CLEAR,DRY,False,COLLISION WITH FIXED OBJECT NON - INTERSECTION - FIRST EVENT COLLISION 09 - 32 EXCLUDING 16,SINGLE VEHICLE,STRAIGHT & LEVEL,DARK-HWY LIGHTED/ON,,,9/25/2020 8:31:27 AM,False,5127,Accepted,
27254729,0561000,JEFFERSONTOWN POLICE DEPT,Accepted,JEFFERSON,I 0064,,,,,,,,,,,38.220457678,-85.581691889,0.022,9/25/2020 12:00:00 AM,0954,2,2,0,0,CLEAR,DRY,False,OTHER RAMP RELATED COLLISIONS NOT LISTED ABOVE,REAR END,STRAIGHT & LEVEL,DAYLIGHT,I 0064,KY1747,9/25/2020 1:32:46 PM,False,8299,Accepted,
27258323,0568000,LOUISVILLE METRO POLICE DEPT,Accepted,JEFFERSON,US0031E,5911,BARDSTOWN,RD,,,,,,,,38.160523304,-85.592556977,6.334,9/25/2020 12:00:00 AM,1037,1,1,0,0,CLEAR,DRY,False,COLLISION WITH FIXED OBJECT NON - INTERSECTION - FIRST EVENT COLLISION 09 - 32 EXCLUDING 16,SINGLE VEHICLE,CURVE & LEVEL,DAYLIGHT,,,9/26/2020 5:41:49 PM,False,2308,Accepted,
27258351,0568000,LOUISVILLE METRO POLICE DEPT,Accepted,JEFFERSON,,10920,SOUTHGATE MANOR,DR,,,,,,,,38.088197973,-85.672088729,0.033,9/25/2020 12:00:00 AM,2249,3,3,0,0,CLEAR,DRY,False,1 VEHICLE PARKED POSITION (NOT PARKING LOT/DRIVEWAY),REAR END,STRAIGHT & LEVEL,DARK (UNKNOWN ROADWAY LIGHTING),,,9/26/2020 5:43:45 PM,False,5182,Accepted,
27258354,0568000,LOUISVILLE METRO POLICE DEPT,Accepted,JEFFERSON,US0031W,,DIXIE,HWY,,,PAGES,,,,,38.130177025,-85.847849028,10.499,9/25/2020 12:00:00 AM,2048,2,2,0,0,CLEAR,DRY,False,ANGLE COLLISION - OTHER,ANGLE,STRAIGHT & LEVEL,DARK-HWY LIGHTED/ON,,,9/26/2020 5:44:08 PM,False,7321,Accepted,
27258328,0568000,LOUISVILLE METRO POLICE DEPT,Accepted,JEFFERSON,,,HALE,AVE,,,,,43RD,,42ND,38.241726000,-85.825188900,2.469,9/25/2020 12:00:00 AM,1141,2,2,0,1,CLEAR,DRY,False,HEAD-ON COLLISION,HEAD ON,STRAIGHT & LEVEL,DAYLIGHT,,,9/26/2020 5:41:57 PM,False,7328,Accepted,
27258335,0568000,LOUISVILLE METRO POLICE DEPT,Accepted,JEFFERSON,US0031E,,BARDSTOWN,RD,,,,,,,,38.150178351,-85.587281273,,9/25/2020 12:00:00 AM,1420,2,2,0,0,CLEAR,DRY,False,REAR END IN TRAFFIC LANES BOTH VEHICLES MOVING,REAR END,STRAIGHT & LEVEL,DAYLIGHT,,,9/26/2020 5:42:09 PM,False,2308,Accepted,
27258343,0568000,LOUISVILLE METRO POLICE DEPT,Accepted,JEFFERSON,,,JAMES R,RD,,,GLENGARRY,,,,,38.123074237,-85.756806954,0.116,9/25/2020 12:00:00 AM,1659,2,1,0,1,CLEAR,DRY,False,COLLISION WITH BICYCLE IN INTERSECTION,SINGLE VEHICLE,STRAIGHT & LEVEL,DAYLIGHT,,,9/26/2020 5:42:35 PM,False,7202,Accepted,
27258344,0568000,LOUISVILLE METRO POLICE DEPT,Accepted,JEFFERSON,KY1934,,CANE RUN,RD,,KY2049,CRUMS,,,,,38.199238931,-85.837502583,9.193,9/25/2020 12:00:00 AM,1125,2,2,0,0,CLEAR,DRY,True,OTHER INTERSECTION COLLISIONS,REAR END,STRAIGHT & LEVEL,DAYLIGHT,,,9/26/2020 5:42:46 PM,False,5253,Accepted,
27258345,0568000,LOUISVILLE METRO POLICE DEPT,Accepted,JEFFERSON,,,GAGEL,AVE,,,,,,,,38.173192188,-85.814372941,0.453,9/25/2020 12:00:00 AM,1814,2,2,0,0,CLEAR,DRY,False,1 VEHICLE ENTERING/LEAVING ENTRANCE,ANGLE,STRAIGHT & LEVEL,DAYLIGHT,,,9/26/2020 5:42:55 PM,False,7667,Accepted,
27258352,0568000,LOUISVILLE METRO POLICE DEPT,Accepted,JEFFERSON,,,LONGFIELD,AVE,,,DEARCY,,,,,38.198640620,-85.780070635,0.624,9/25/2020 12:00:00 AM,2102,2,2,0,1,CLEAR,DRY,False,ANGLE COLLISION - OTHER,ANGLE,STRAIGHT & LEVEL,DARK-HWY NOT LIGHTED,,,9/26/2020 5:43:58 PM,False,5131,Accepted,
27291732,0568000,LOUISVILLE METRO POLICE DEPT,Accepted,JEFFERSON,KY1931,,7TH ST,RD,,KY2054,ALGONQUIN,,,,,38.220046586,-85.777378228,10.526,9/25/2020 12:00:00 AM,2143,2,2,0,1,CLEAR,DRY,True,OPPOSITE DIRECTION - BOTH VEHICLES GOING STRAIGHT AHEAD,SIDESWIPE-OPPOSITE DIRECTION,STRAIGHT & LEVEL,DARK-HWY LIGHTED/ON,,,10/5/2020 9:31:51 AM,False,5054,Accepted,
27262675,0568000,LOUISVILLE METRO POLICE DEPT,Accepted,JEFFERSON,,1487,FRANKFORT,AVE,,,,,WASHINGTON,,LLOYD,38.260904109,-85.723254206,0.173,9/25/2020 12:00:00 AM,1748,2,2,0,0,CLEAR,DRY,False,COLLISION IN PARKING LOT,BACKING,STRAIGHT & LEVEL,DAYLIGHT,,,9/28/2020 8:15:38 AM,False,7058,Accepted,
27257268,0560400,SHIVELY POLICE DEPARTMENT,Accepted,JEFFERSON,I 0264,,I264 E,,,,,,,,,38.185878950,-85.824802919,6.808,9/25/2020 12:00:00 AM,1558,1,1,0,0,CLOUDY,DRY,False,OTHER ROADWAY OR MID-BLOCK COLLISION,SINGLE VEHICLE,STRAIGHT & LEVEL,DAYLIGHT,,,9/26/2020 5:00:19 AM,False,7128,Accepted,
27272442,0568000,LOUISVILLE METRO POLICE DEPT,Accepted,JEFFERSON,KY2251,3935,BARDSTOWN,RD,,,,,,,,38.196000402,-85.654381784,0.685,9/25/2020 12:00:00 AM,1834,2,2,0,0,CLOUDY,DRY,False,1 VEHICLE PARKED POSITION (NOT PARKING LOT/DRIVEWAY),ANGLE,STRAIGHT & LEVEL,DAYLIGHT,,,9/30/2020 8:46:49 AM,False,7851,Accepted,
27267261,0568000,LOUISVILLE METRO POLICE DEPT,Accepted,JEFFERSON,US0031W,9090,DIXIE,HWY,,,,,,,,38.122649548,-85.854457337,9.869,9/24/2020 12:00:00 AM,1432,2,2,0,2,CLEAR,DRY,False,1 VEHICLE ENTERING/LEAVING ENTRANCE,ANGLE,STRAIGHT & LEVEL,DAYLIGHT,,,9/29/2020 8:18:01 AM,False,2311,Accepted,
27253747,0568000,LOUISVILLE METRO POLICE DEPT,Accepted,JEFFERSON,,,FAIRGROUND,RD,,,,,,,,38.165735541,-85.594506939,0.237,9/24/2020 12:00:00 AM,1209,1,1,0,0,CLOUDY,DRY,False,COLLISION WITH FIXED OBJECT NON - INTERSECTION - FIRST EVENT COLLISION 09 - 32 EXCLUDING 16,SINGLE VEHICLE,CURVE & LEVEL,DAYLIGHT,,,9/25/2020 8:29:30 AM,False,4693,Accepted,
27262688,0568000,LOUISVILLE METRO POLICE DEPT,Accepted,JEFFERSON,KY1747,,HURSTBOURNE,PKWY,S,,,,,,,38.193032975,-85.604942309,9.185,9/24/2020 12:00:00 AM,2358,2,2,0,4,CLEAR,DRY,False,1 VEHICLE ENTERING/LEAVING ENTRANCE,ANGLE,STRAIGHT & LEVEL,DARK-HWY LIGHTED/ON,,,9/28/2020 8:16:56 AM,False,7628,Accepted,
27253776,0568000,LOUISVILLE METRO POLICE DEPT,Accepted,JEFFERSON,KY0907,,3RD ST,RD,,,MAE,,,,,38.143451108,-85.778171317,6.057,9/24/2020 12:00:00 AM,2126,3,3,0,0,CLEAR,DRY,False,OTHER INTERSECTION COLLISIONS,REAR END,CURVE & LEVEL,DARK-HWY LIGHTED/ON,,,9/25/2020 8:31:20 AM,False,2021,Accepted,
27253748,0568000,LOUISVILLE METRO POLICE DEPT,Accepted,JEFFERSON,,,BUECHEL,TER,,US0031E,BARDSTOWN,,,,,38.188261906,-85.640018060,,9/24/2020 12:00:00 AM,1222,2,2,0,1,CLEAR,DRY,False,ANGLE COLLISION - ONE VEHICLE TURNING LEFT,ANGLE,STRAIGHT & LEVEL,DAYLIGHT,,,9/25/2020 8:29:33 AM,False,7431,Accepted,
27253749,0568000,LOUISVILLE METRO POLICE DEPT,Accepted,JEFFERSON,,,FEGENBUSH,LN,,,,,,,,38.186049105,-85.638086015,0.083,9/24/2020 12:00:00 AM,1303,2,2,0,0,CLEAR,DRY,False,1 VEHICLE ENTERING/LEAVING ENTRANCE,ANGLE,STRAIGHT & LEVEL,DAYLIGHT,,,9/25/2020 8:29:37 AM,False,7739,Accepted,
27253750,0568000,LOUISVILLE METRO POLICE DEPT,Accepted,JEFFERSON,,,FEGENBUSH,LN,,,,,,,,38.186091375,-85.638099811,0.081,9/24/2020 12:00:00 AM,1413,2,2,0,0,CLEAR,DRY,True,1 VEHICLE ENTERING/LEAVING ENTRANCE,ANGLE,STRAIGHT & LEVEL,DAYLIGHT,,,9/25/2020 8:29:40 AM,False,7739,Accepted,
27253756,0568000,LOUISVILLE METRO POLICE DEPT,Accepted,JEFFERSON,US0060,,FRANKFORT,AVE,,,RESERVOIR,,,,,38.254489208,-85.680824985,2.165,9/24/2020 12:00:00 AM,1637,3,3,0,1,CLEAR,DRY,False,SIDESWIPE-SAME DIRECTION,SIDESWIPE-SAME DIRECTION,STRAIGHT & LEVEL,DAYLIGHT,,,9/25/2020 8:30:03 AM,False,7746,Accepted,
27253758,0568000,LOUISVILLE METRO POLICE DEPT,Accepted,JEFFERSON,KY0864,,POPLAR LEVEL,RD,,,,,INDIAN,,VALLA,38.173559703,-85.686471292,9.374,9/24/2020 12:00:00 AM,1720,3,3,0,0,CLEAR,DRY,False,REAR END IN TRAFFIC LANES BOTH VEHICLES MOVING,REAR END,STRAIGHT & LEVEL,DAYLIGHT,,,9/25/2020 8:30:12 AM,False,5174,Accepted,
27253764,0568000,LOUISVILLE METRO POLICE DEPT,Accepted,JEFFERSON,,4509,BROADLEAF,DR,,,,,,,,38.198904153,-85.839711215,0.037,9/24/2020 12:00:00 AM,2005,1,1,0,0,CLEAR,DRY,True,COLLISION WITH FIXED OBJECT NON - INTERSECTION - FIRST EVENT COLLISION 09 - 32 EXCLUDING 16,SINGLE VEHICLE,STRAIGHT & LEVEL,DARK-HWY LIGHTED/ON,,,9/25/2020 8:30:40 AM,False,2877,Accepted,
27258367,0568000,LOUISVILLE METRO POLICE DEPT,Accepted,JEFFERSON,,,GRINSTEAD,DR,,US0031E,BARDSTOWN,,,,,38.238441399,-85.721001013,0.128,9/24/2020 12:00:00 AM,1507,2,2,0,0,CLEAR,DRY,False,ANGLE COLLISION - OTHER,ANGLE,STRAIGHT & LEVEL,DAYLIGHT,,,9/26/2020 5:46:47 PM,False,7833,Accepted,
27267249,0568000,LOUISVILLE METRO POLICE DEPT,Accepted,JEFFERSON,KY1865,,NEW CUT,RD,,,,,OLD NEW CUT,,PIROUETTE,38.116172204,-85.773542370,0.473,9/24/2020 12:00:00 AM,1353,3,3,0,0,CLEAR,DRY,False,1 VEHICLE ENTERING/LEAVING ENTRANCE,ANGLE,STRAIGHT & LEVEL,DAYLIGHT,,,9/29/2020 8:16:27 AM,False,7684,Accepted,
27253779,0568000,LOUISVILLE METRO POLICE DEPT,Accepted,JEFFERSON,US0031W,,22ND,ST,S,,STANDARD,,,,,38.231531096,-85.791730918,18.352,9/24/2020 12:00:00 AM,0437,2,2,0,0,CLEAR,DRY,True,ANGLE COLLISION - OTHER,ANGLE,STRAIGHT & LEVEL,DARK-HWY LIGHTED/ON,,,9/25/2020 8:31:35 AM,False,7481,Accepted,