IncidentID,AgencyORI,AgencyName,IncidentStatusDesc,County,RdwyNumber,Street,RoadwayName,StreetSfx,StreetDir,IntersectionRdwy,IntersectionRdwyName,BetweenStRdwy1,BetweenStRdwyName1,BetweenStRdwy2,BetweenStRdwyName2,Latitude,Longitude,Milepoint,CollisionDate,CollisionTime,UnitsInvolved,MotorVehiclesInvolved,NumberKilled,NumberInjured,Weather,RdwyConditionCode,HitandRun,DirAnalysisCode,MannerofCollision,RdwyCharacter,LightCondition,RampFromRdwyId,RampToRdwyId,AcceptedDate,IsSecondaryCollision,OwnerBadge,IncidentStatus,
27253780,0568000,LOUISVILLE METRO POLICE DEPT,Accepted,JEFFERSON,I 0064,,I64 W,,,,,,,,,38.234065267,-85.611707202,13.000,9/24/2020 12:00:00 AM,0839,2,2,0,0,CLOUDY,WET,False,REAR END IN TRAFFIC LANES BOTH VEHICLES MOVING,REAR END,STRAIGHT & LEVEL,DAYLIGHT,,,9/25/2020 8:31:38 AM,False,7751,Accepted,
27253768,0568000,LOUISVILLE METRO POLICE DEPT,Accepted,JEFFERSON,US0031E,,BUECHEL,BYP,,,BUECHEL BANK,,,,,38.190679047,-85.647836246,10.046,9/24/2020 12:00:00 AM,2010,4,4,0,2,CLEAR,DRY,False,OTHER INTERSECTION COLLISIONS,REAR END,STRAIGHT & LEVEL,DARK-HWY LIGHTED/ON,,,9/25/2020 8:30:51 AM,False,7319,Accepted,
27253753,0568000,LOUISVILLE METRO POLICE DEPT,Accepted,JEFFERSON,,,CHESTNUT,ST,W,,26TH,,,,,38.253019138,-85.794485757,0.351,9/24/2020 12:00:00 AM,1549,2,2,0,1,CLEAR,DRY,False,ANGLE COLLISION - OTHER,ANGLE,STRAIGHT & LEVEL,DAYLIGHT,,,9/25/2020 8:29:52 AM,False,7220,Accepted,
27253754,0568000,LOUISVILLE METRO POLICE DEPT,Accepted,JEFFERSON,I 0064,,,,,,,,,,,38.222776315,-85.510713570,0.004,9/24/2020 12:00:00 AM,1600,2,2,0,0,CLEAR,DRY,False,OTHER RAMP RELATED COLLISIONS NOT LISTED ABOVE,SIDESWIPE-SAME DIRECTION,CURVE & GRADE,DAYLIGHT,I 0064,I 0265,9/25/2020 8:29:56 AM,False,6532,Accepted,
27253755,0568000,LOUISVILLE METRO POLICE DEPT,Accepted,JEFFERSON,KY1865,,NEW CUT,RD,,,OLD NEW CUT,,,,,38.117617323,-85.775367463,0.610,9/24/2020 12:00:00 AM,1350,2,2,0,1,CLEAR,DRY,False,OTHER INTERSECTION COLLISIONS,REAR END,STRAIGHT & LEVEL,DAYLIGHT,,,9/25/2020 8:29:59 AM,False,7202,Accepted,
27253760,0568000,LOUISVILLE METRO POLICE DEPT,Accepted,JEFFERSON,I 0264,,I264 W,,,,,I 0264,I264 W EXIT18 ON RAMP FROM KY1932,I 0264,I264 W EXIT17B OFF RAMP TO KY155 N,38.224049013,-85.645625533,17.322,9/24/2020 12:00:00 AM,1529,2,2,0,0,CLOUDY,DRY,True,REAR END IN TRAFFIC LANES BOTH VEHICLES MOVING,REAR END,STRAIGHT & HILLCREST,DAYLIGHT,,,9/25/2020 8:30:22 AM,False,7960,Accepted,
27253761,0568000,LOUISVILLE METRO POLICE DEPT,Accepted,JEFFERSON,KY0907,,3RD ST,RD,,,MCNAIR,,,,,38.131977466,-85.791356957,5.005,9/24/2020 12:00:00 AM,0905,1,1,0,0,CLOUDY,WET,False,NON-COLLISION OBJECT COLLISION,SINGLE VEHICLE,STRAIGHT & LEVEL,DAYLIGHT,,,9/25/2020 8:30:27 AM,False,7483,Accepted,
27249342,0568000,LOUISVILLE METRO POLICE DEPT,Accepted,JEFFERSON,,,CHAMBERLAIN,LN,,,,I 0265,I265 S EXIT33 OFF RAMP TO  CHAMBERLAIN LN,,WINCHESTER ACRES,38.295659069,-85.540606790,1.835,9/24/2020 12:00:00 AM,0439,2,2,0,0,CLOUDY,DRY,True,SIDESWIPE COLLISION - SAME DIRECTION,SIDESWIPE-SAME DIRECTION,STRAIGHT & LEVEL,DARK-HWY LIGHTED/ON,,,9/24/2020 8:11:39 AM,False,7370,Accepted,
27253745,0568000,LOUISVILLE METRO POLICE DEPT,Accepted,JEFFERSON,,,36TH,ST,S,,,,GREENWOOD,,GRAND,38.243123585,-85.812812580,0.975,9/24/2020 12:00:00 AM,1030,1,1,0,0,CLEAR,DRY,True,COLLISION WITH FIXED OBJECT NON - INTERSECTION - FIRST EVENT COLLISION 09 - 32 EXCLUDING 16,SINGLE VEHICLE,STRAIGHT & LEVEL,DAYLIGHT,,,9/25/2020 8:29:22 AM,False,7328,Accepted,
27253763,0568000,LOUISVILLE METRO POLICE DEPT,Accepted,JEFFERSON,,,GARLAND,AVE,,US0031W,DR W J HODGE,,,,,38.243937697,-85.787439684,1.083,9/24/2020 12:00:00 AM,1132,2,2,0,2,CLEAR,DRY,False,ANGLE COLLISION - OTHER,ANGLE,STRAIGHT & LEVEL,DAYLIGHT,,,9/25/2020 8:30:36 AM,False,5179,Accepted,
27253769,0568000,LOUISVILLE METRO POLICE DEPT,Accepted,JEFFERSON,,,MUHAMMAD ALI,BLVD,W,,30TH,,,,,38.255894589,-85.800524966,2.636,9/24/2020 12:00:00 AM,2045,2,2,0,0,CLEAR,DRY,False,ANGLE COLLISION - OTHER,ANGLE,STRAIGHT & LEVEL,DARK-HWY LIGHTED/ON,,,9/25/2020 8:30:55 AM,False,5021,Accepted,
27253770,0568000,LOUISVILLE METRO POLICE DEPT,Accepted,JEFFERSON,,,BARRET,AVE,,,WINTER,,,,,38.235742230,-85.727680253,1.008,9/24/2020 12:00:00 AM,2051,2,2,0,0,CLEAR,DRY,False,OPPOSING LEFT TURN,OPPOSING LEFT TURN,STRAIGHT & LEVEL,DARK-HWY LIGHTED/ON,,,9/25/2020 8:30:59 AM,False,7049,Accepted,
27488872,0568000,LOUISVILLE METRO POLICE DEPT,Accepted,JEFFERSON,US0031W,,MARKET,ST,W,,18TH,,,,,38.257773248,-85.779951911,20.552,9/24/2020 12:00:00 AM,1344,2,2,0,0,CLEAR,DRY,False,ANGLE COLLISION - OTHER,ANGLE,STRAIGHT & LEVEL,DAYLIGHT,,,11/23/2020 9:25:27 AM,False,7292,Accepted,
27414500,0568000,LOUISVILLE METRO POLICE DEPT,Accepted,JEFFERSON,US0031W,,DIXIE,HWY,,,WATSON,,,,,38.056161624,-85.890594896,4.810,9/23/2020 12:00:00 AM,0608,2,2,0,0,CLEAR,DRY,False,OTHER INTERSECTION COLLISIONS,REAR END,STRAIGHT & LEVEL,DARK-HWY LIGHTED/OFF,,,11/4/2020 10:03:40 AM,False,7277,Accepted,
27249332,0568000,LOUISVILLE METRO POLICE DEPT,Accepted,JEFFERSON,KY2251,,BARDSTOWN,RD,,,BRADFORD,,,,,38.195731578,-85.653924015,0.655,9/23/2020 12:00:00 AM,1828,2,2,0,3,CLOUDY,DRY,False,ANGLE COLLISION - OTHER,ANGLE,STRAIGHT & LEVEL,DUSK,,,9/24/2020 8:10:40 AM,False,7307,Accepted,
27253751,0568000,LOUISVILLE METRO POLICE DEPT,Accepted,JEFFERSON,,,MADISON,ST,W,,28TH,,,,,38.254416389,-85.797459246,1.366,9/23/2020 12:00:00 AM,1716,3,3,0,1,CLOUDY,DRY,False,ANGLE COLLISION - OTHER,ANGLE,STRAIGHT & LEVEL,DAYLIGHT,,,9/25/2020 8:29:44 AM,False,7805,Accepted,
27249325,0568000,LOUISVILLE METRO POLICE DEPT,Accepted,JEFFERSON,I 0264,,I264 E,,,,,,,,,38.208900702,-85.827675318,5.063,9/23/2020 12:00:00 AM,1813,2,2,0,0,CLEAR,DRY,True,OCCUPANT FELL FROM MOVING VEHICLE,HEAD ON,CURVE & LEVEL,DAYLIGHT,,,9/24/2020 8:10:16 AM,False,7357,Accepted,
27249326,0568000,LOUISVILLE METRO POLICE DEPT,Accepted,JEFFERSON,KY0907,,SOUTHSIDE,DR,,KY1865,NEW CUT,,,,,38.145802512,-85.775263220,6.311,9/23/2020 12:00:00 AM,1647,2,2,0,0,CLEAR,DRY,True,HEAD-ON COLLISION,HEAD ON,STRAIGHT & LEVEL,DAYLIGHT,,,9/24/2020 8:10:20 AM,False,7483,Accepted,
27249333,0568000,LOUISVILLE METRO POLICE DEPT,Accepted,JEFFERSON,,,CENTRAL,AVE,,,RODMAN,,,,,38.205736137,-85.770526366,0.713,9/23/2020 12:00:00 AM,1314,2,2,0,1,CLOUDY,DRY,False,ANGLE COLLISION - OTHER,ANGLE,STRAIGHT & LEVEL,DAYLIGHT,,,9/24/2020 8:10:47 AM,False,7398,Accepted,
27258372,0568000,LOUISVILLE METRO POLICE DEPT,Accepted,JEFFERSON,KY1747,,FERN VALLEY,RD,,,JEANINE,,,,,38.157853659,-85.688627417,2.410,9/23/2020 12:00:00 AM,1625,2,2,0,0,CLOUDY,DRY,False,SIDESWIPE-SAME DIRECTION,SIDESWIPE-SAME DIRECTION,STRAIGHT & LEVEL,DAYLIGHT,,,9/26/2020 5:47:10 PM,False,2583,Accepted,
27262678,0568000,LOUISVILLE METRO POLICE DEPT,Accepted,JEFFERSON,,,KEYS FERRY,RD,,,,,,,,38.106677134,-85.777393510,0.547,9/23/2020 12:00:00 AM,0949,2,2,0,0,CLOUDY,DRY,False,COLLISION IN PARKING LOT,SIDESWIPE-SAME DIRECTION,STRAIGHT & GRADE,DAYLIGHT,,,9/28/2020 8:16:03 AM,False,7221,Accepted,
27245395,0568000,LOUISVILLE METRO POLICE DEPT,Accepted,JEFFERSON,,,12TH,ST,S,,OAK,,,,,38.236232444,-85.773609224,1.168,9/23/2020 12:00:00 AM,0013,2,2,0,0,CLEAR,FLOODED,True,SIDESWIPE-SAME DIRECTION,SIDESWIPE-SAME DIRECTION,STRAIGHT & LEVEL,DARK-HWY LIGHTED/ON,,,9/23/2020 8:04:16 AM,False,5229,Accepted,
27249323,0568000,LOUISVILLE METRO POLICE DEPT,Accepted,JEFFERSON,KY1703,,BAXTER,AVE,,,ELLWOOD,,,,,38.236811510,-85.721573665,5.405,9/23/2020 12:00:00 AM,1435,2,2,0,0,CLEAR,DRY,False,ANGLE COLLISION - OTHER,ANGLE,STRAIGHT & LEVEL,DAYLIGHT,,,9/24/2020 8:10:00 AM,False,7833,Accepted,
27249324,0568000,LOUISVILLE METRO POLICE DEPT,Accepted,JEFFERSON,,,OAK,ST,W,,,,,,,38.236509472,-85.776854409,1.178,9/23/2020 12:00:00 AM,1552,1,1,0,0,CLEAR,DRY,False,OTHER ROADWAY OR MID-BLOCK COLLISION,SINGLE VEHICLE,STRAIGHT & HILLCREST,DAYLIGHT,,,9/24/2020 8:10:05 AM,False,5179,Accepted,
27249334,0568000,LOUISVILLE METRO POLICE DEPT,Accepted,JEFFERSON,US0060A,,BERRY,BLVD,,,WHEELER,,,,,38.196414851,-85.787236562,1.232,9/23/2020 12:00:00 AM,1218,2,1,0,1,CLEAR,DRY,False,COLLISION WITH PEDESTRIAN IN INTERSECTION,SINGLE VEHICLE,STRAIGHT & LEVEL,DAYLIGHT,,,9/24/2020 8:10:53 AM,False,7360,Accepted,
27249318,0568000,LOUISVILLE METRO POLICE DEPT,Accepted,JEFFERSON,,,CHESTNUT,ST,W,,26TH,,,,,38.253126284,-85.794552766,0.343,9/23/2020 12:00:00 AM,1215,2,2,0,0,CLEAR,DRY,False,ANGLE COLLISION - OTHER,ANGLE,STRAIGHT & LEVEL,DAYLIGHT,,,9/24/2020 8:09:41 AM,False,7361,Accepted,
27245394,0568000,LOUISVILLE METRO POLICE DEPT,Accepted,JEFFERSON,I 0265,,I265 W,,,,,,,,,38.112226588,-85.670233913,12.020,9/23/2020 12:00:00 AM,0145,1,1,0,0,CLEAR,DRY,True,OTHER ROADWAY OR MID-BLOCK COLLISION,SINGLE VEHICLE,,DARK-HWY LIGHTED/ON,,,9/23/2020 8:04:10 AM,False,7474,Accepted,
27253759,0568000,LOUISVILLE METRO POLICE DEPT,Accepted,JEFFERSON,US0031W,8094,DIXIE,HWY,,,,,,,,38.138614570,-85.842480638,11.258,9/23/2020 12:00:00 AM,1705,2,2,0,1,CLOUDY,DRY,False,OTHER COLLISIONS ON SHOULDER,ANGLE,STRAIGHT & LEVEL,DAYLIGHT,,,9/25/2020 8:30:17 AM,False,2311,Accepted,
27253757,0568000,LOUISVILLE METRO POLICE DEPT,Accepted,JEFFERSON,I 0065,,I65 S,,,,,,,,,38.231709471,-85.750961298,134.263,9/23/2020 12:00:00 AM,1806,3,3,0,1,CLOUDY,DRY,False,SIDESWIPE COLLISION - SAME DIRECTION,SIDESWIPE-SAME DIRECTION,STRAIGHT & LEVEL,DAYLIGHT,,,9/25/2020 8:30:07 AM,False,7322,Accepted,
27249322,0568000,LOUISVILLE METRO POLICE DEPT,Accepted,JEFFERSON,,308,19TH,ST,N,,,,,,,38.262103359,-85.780854031,0.180,9/23/2020 12:00:00 AM,1400,3,3,0,0,CLEAR,DRY,True,1 VEHICLE PARKED POSITION (NOT PARKING LOT/DRIVEWAY),SIDESWIPE-SAME DIRECTION,STRAIGHT & LEVEL,DAYLIGHT,,,9/24/2020 8:09:55 AM,False,7988,Accepted,
27249330,0568000,LOUISVILLE METRO POLICE DEPT,Accepted,JEFFERSON,KY0022,,BROWNSBORO,RD,,,,,CHAMBERLAIN,,BROWNSBORO GLEN,38.312912901,-85.567274367,4.450,9/23/2020 12:00:00 AM,1540,3,3,0,1,CLOUDY,DRY,False,REAR END IN TRAFFIC LANES BOTH VEHICLES MOVING,REAR END,STRAIGHT & LEVEL,DAYLIGHT,,,9/24/2020 8:10:33 AM,False,7751,Accepted,
27249345,0568000,LOUISVILLE METRO POLICE DEPT,Accepted,JEFFERSON,KY0061,9212,PRESTON,HWY,,,,,,,,38.116013587,-85.676739404,2.290,9/23/2020 12:00:00 AM,1348,1,1,0,0,CLEAR,DRY,False,OTHER ROADWAY OR MID-BLOCK COLLISION,SINGLE VEHICLE,STRAIGHT & LEVEL,DAYLIGHT,,,9/24/2020 8:11:50 AM,False,7669,Accepted,
27249319,0568000,LOUISVILLE METRO POLICE DEPT,Accepted,JEFFERSON,KY1747,,HURSTBOURNE,PKWY,S,,,,,,,38.217469030,-85.586910519,11.291,9/23/2020 12:00:00 AM,1303,2,2,0,1,CLEAR,DRY,False,REAR END IN TRAFFIC LANES BOTH VEHICLES MOVING,REAR END,STRAIGHT & LEVEL,DAYLIGHT,,,9/24/2020 8:09:46 AM,False,7307,Accepted,
27253775,0568000,LOUISVILLE METRO POLICE DEPT,Accepted,JEFFERSON,KY0044,,STITES STATION,RD,,,,,,,,38.021500955,-85.917549724,0.032,9/23/2020 12:00:00 AM,2156,2,2,0,1,CLEAR,DRY,False,1 VEHICLE ENTERING/LEAVING ENTRANCE,ANGLE,CURVE & HILLCREST,DARK-HWY LIGHTED/ON,,,9/25/2020 8:31:14 AM,False,7295,Accepted,
27249344,0568000,LOUISVILLE METRO POLICE DEPT,Accepted,JEFFERSON,KY1065,,OUTER,LOOP,,,GRADE,,,,,38.129981707,-85.737125942,3.194,9/23/2020 12:00:00 AM,2254,2,2,0,1,CLEAR,DRY,False,OPPOSING LEFT TURN,OPPOSING LEFT TURN,STRAIGHT & GRADE,DARK-HWY NOT LIGHTED,,,9/24/2020 8:11:44 AM,False,7474,Accepted,
27258371,0568000,LOUISVILLE METRO POLICE DEPT,Accepted,JEFFERSON,,,CENTRAL,AVE,,,RODMAN,,,,,38.205704952,-85.770525420,0.715,9/23/2020 12:00:00 AM,1307,2,2,0,0,CLOUDY,DRY,False,OTHER INTERSECTION COLLISIONS,REAR END,STRAIGHT & LEVEL,DAYLIGHT,,,9/26/2020 5:47:02 PM,False,5186,Accepted,
27262690,0568000,LOUISVILLE METRO POLICE DEPT,Accepted,JEFFERSON,,,36TH,ST,S,,BROADWAY,,,,,38.249783976,-85.810849874,0.454,9/23/2020 12:00:00 AM,2131,3,3,0,0,CLEAR,DRY,False,COLLISION WITH PARKED VEHICLE,REAR END,STRAIGHT & LEVEL,DARK-HWY LIGHTED/ON,,,9/28/2020 8:17:15 AM,False,5181,Accepted,
27267302,0568000,LOUISVILLE METRO POLICE DEPT,Accepted,JEFFERSON,KY1142,,PALATKA,RD,,,,,DOGWOOD,,STONE HILL,38.153842631,-85.793837809,0.463,9/23/2020 12:00:00 AM,2042,2,2,0,2,CLEAR,DRY,False,HEAD-ON COLLISION,HEAD ON,CURVE & LEVEL,DARK-HWY LIGHTED/ON,,,9/29/2020 8:20:00 AM,False,2721,Accepted,
27249312,0568000,LOUISVILLE METRO POLICE DEPT,Accepted,JEFFERSON,,,FLOYD,ST,S,,CHESTNUT,,,,,38.248058478,-85.749267582,0.530,9/22/2020 12:00:00 AM,1040,2,2,0,0,CLEAR,DRY,False,ANGLE COLLISION - OTHER,ANGLE,STRAIGHT & LEVEL,DAYLIGHT,,,9/24/2020 8:09:04 AM,False,7239,Accepted,
27245393,0568000,LOUISVILLE METRO POLICE DEPT,Accepted,JEFFERSON,,,GAULBERT,AVE,W,,23RD,,,,,38.228614956,-85.795596464,0.948,9/22/2020 12:00:00 AM,1400,2,2,0,0,CLOUDY,DRY,False,VEHICLE BACKING IN INTERSECTION,BACKING,STRAIGHT & LEVEL,DAYLIGHT,,,9/23/2020 8:04:05 AM,False,7184,Accepted,
27245291,0568000,LOUISVILLE METRO POLICE DEPT,Accepted,JEFFERSON,KY1631,,CRITTENDEN,DR,,,BOXLEY,,,,,38.205387174,-85.750836128,1.200,9/22/2020 12:00:00 AM,1407,2,2,0,0,CLEAR,DRY,False,ANGLE COLLISION - OTHER,ANGLE,STRAIGHT & LEVEL,DAYLIGHT,,,9/23/2020 8:03:14 AM,False,2499,Accepted,
27245292,0568000,LOUISVILLE METRO POLICE DEPT,Accepted,JEFFERSON,,,4TH,ST,S,,,,CARDINAL,,BLOOM,38.221359935,-85.762730050,2.455,9/22/2020 12:00:00 AM,0839,2,2,0,0,CLEAR,DRY,False,SIDESWIPE COLLISION - OPPOSITE DIRECTION,SIDESWIPE-OPPOSITE DIRECTION,STRAIGHT & LEVEL,DAYLIGHT,,,9/23/2020 8:03:18 AM,False,5120,Accepted,
27245392,0568000,LOUISVILLE METRO POLICE DEPT,Accepted,JEFFERSON,KY1934,,CANE RUN,RD,,,MELODY ACRES,,,,,38.186788769,-85.852179491,7.991,9/22/2020 12:00:00 AM,1326,2,2,0,1,CLOUDY,DRY,False,ANGLE COLLISION - OTHER,ANGLE,STRAIGHT & LEVEL,DAYLIGHT,,,9/23/2020 8:04:02 AM,False,5253,Accepted,
27245384,0568000,LOUISVILLE METRO POLICE DEPT,Accepted,JEFFERSON,,,BARRET,AVE,,US0150,BROADWAY,,,,,38.244265307,-85.733970333,0.319,9/22/2020 12:00:00 AM,1030,2,2,0,0,CLEAR,DRY,False,SIDESWIPE-SAME DIRECTION,SIDESWIPE-SAME DIRECTION,STRAIGHT & LEVEL,DAYLIGHT,,,9/23/2020 8:03:45 AM,False,7833,Accepted,
27245385,0568000,LOUISVILLE METRO POLICE DEPT,Accepted,JEFFERSON,US0060A,,TAYLOR,BLVD,,,LONGFIELD,,,,,38.198769739,-85.782789021,1.611,9/22/2020 12:00:00 AM,1620,4,4,0,0,CLEAR,DRY,False,OTHER INTERSECTION COLLISIONS,REAR END,STRAIGHT & LEVEL,DAYLIGHT,,,9/23/2020 8:03:48 AM,False,7398,Accepted,
27267265,0568000,LOUISVILLE METRO POLICE DEPT,Accepted,JEFFERSON,,210,GRAY,ST,E,,,,,,,38.246899832,-85.750676431,0.069,9/22/2020 12:00:00 AM,1200,2,2,0,0,,,True,COLLISION IN PARKING LOT,,,,,,9/29/2020 8:18:29 AM,False,7239,Accepted,
27267323,0568000,LOUISVILLE METRO POLICE DEPT,Accepted,JEFFERSON,,3328,BLANTON,LN,,,,,,,,38.157454261,-85.830979855,0.166,9/22/2020 12:00:00 AM,0621,2,2,0,1,CLEAR,WET,True,SIDESWIPE COLLISION - OPPOSITE DIRECTION,SIDESWIPE-OPPOSITE DIRECTION,STRAIGHT & LEVEL,DARK (UNKNOWN ROADWAY LIGHTING),,,9/29/2020 8:24:56 AM,False,7115,Accepted,
27245381,0568000,LOUISVILLE METRO POLICE DEPT,Accepted,JEFFERSON,KY1931,,MANSLICK,RD,,,IROQUOIS,,,,,38.163147532,-85.797709698,6.092,9/22/2020 12:00:00 AM,1507,2,2,0,1,CLEAR,DRY,True,OTHER INTERSECTION COLLISIONS,REAR END,STRAIGHT & LEVEL,DAYLIGHT,,,9/23/2020 8:03:34 AM,False,2098,Accepted,
27244235,0561000,JEFFERSONTOWN POLICE DEPT,Accepted,JEFFERSON,KY0155,,TAYLORSVILLE,RD,,,,,WILLOWVIEW,,CHENOWETH RUN,38.189143198,-85.556016092,8.691,9/22/2020 12:00:00 AM,1708,2,2,0,0,CLEAR,DRY,False,OTHER ROADWAY OR MID-BLOCK COLLISION,REAR END,STRAIGHT & LEVEL,DAYLIGHT,,,9/22/2020 11:44:14 PM,False,8265,Accepted,
27245372,0568000,LOUISVILLE METRO POLICE DEPT,Accepted,JEFFERSON,,,BROADWAY,,W,,34TH,,,,,38.249935025,-85.808992547,1.132,9/22/2020 12:00:00 AM,1349,2,2,0,0,CLEAR,DRY,False,REAR END - ONE VEHICLE TURNING LEFT,REAR END,STRAIGHT & LEVEL,DAYLIGHT,,,9/23/2020 8:03:21 AM,False,5160,Accepted,
27245389,0568000,LOUISVILLE METRO POLICE DEPT,Accepted,JEFFERSON,US0031E,,BAXTER,AVE,,,PAYNE,,,,,38.246125197,-85.728898248,16.124,9/22/2020 12:00:00 AM,1735,2,2,0,0,CLEAR,DRY,False,ANGLE COLLISION - OTHER,ANGLE,STRAIGHT & LEVEL,DAYLIGHT,,,9/23/2020 8:03:57 AM,False,2230,Accepted,
27249314,0568000,LOUISVILLE METRO POLICE DEPT,Accepted,JEFFERSON,US0031W,,DIXIE,HWY,,,,,SEIBEL,KY1931,ST ANDREWS CHURCH,38.143270609,-85.839658659,11.673,9/22/2020 12:00:00 AM,1503,4,4,0,1,CLOUDY,DRY,False,REAR END IN TRAFFIC LANES BOTH VEHICLES MOVING,REAR END,STRAIGHT & LEVEL,DAYLIGHT,,,9/24/2020 8:09:17 AM,False,7073,Accepted,
27249315,0568000,LOUISVILLE METRO POLICE DEPT,Accepted,JEFFERSON,US0042,,STORY,AVE,,,,,FRANKFORT,US0060,FRANKFORT,38.258916953,-85.721333459,0.684,9/22/2020 12:00:00 AM,1009,2,2,0,0,CLEAR,DRY,False,1 VEHICLE PARKED POSITION (NOT PARKING LOT/DRIVEWAY),REAR END,CURVE & LEVEL,DAYLIGHT,,,9/24/2020 8:09:24 AM,False,7058,Accepted,
27245289,0568000,LOUISVILLE METRO POLICE DEPT,Accepted,JEFFERSON,US0031E,,BARDSTOWN,RD,,,RICHMOND,,,,,38.227029540,-85.698928235,13.964,9/22/2020 12:00:00 AM,0908,2,1,0,1,CLEAR,DRY,False,COLLISION WITH PEDESTRIAN IN INTERSECTION,SINGLE VEHICLE,STRAIGHT & LEVEL,DAYLIGHT,,,9/23/2020 8:03:04 AM,False,2100,Accepted,
27245397,0568000,LOUISVILLE METRO POLICE DEPT,Accepted,JEFFERSON,KY1865,,NEW CUT,RD,,,INDIAN,,,,,38.138850199,-85.773662454,2.183,9/22/2020 12:00:00 AM,2001,1,1,0,0,CLEAR,DRY,True,COLLISION WITH FIXED OBJECT IN INTERSECTION - FIRST EVENT COLLISION 09 - 32,SINGLE VEHICLE,STRAIGHT & LEVEL,DARK-HWY LIGHTED/ON,,,9/23/2020 8:04:23 AM,False,5259,Accepted,
27249317,0568000,LOUISVILLE METRO POLICE DEPT,Accepted,JEFFERSON,US0060A,,BERRY,BLVD,,KY1931,7TH STREET,,,,,38.196930664,-85.799044341,0.600,9/22/2020 12:00:00 AM,1437,2,2,0,0,CLEAR,DRY,True,OTHER INTERSECTION COLLISIONS,REAR END,STRAIGHT & LEVEL,DAYLIGHT,,,9/24/2020 8:09:35 AM,False,7468,Accepted,
27240742,0568000,LOUISVILLE METRO POLICE DEPT,Accepted,JEFFERSON,KY1747,,FERN VALLEY,RD,,,,,,,,38.157732294,-85.724928687,0.399,9/22/2020 12:00:00 AM,0600,2,2,0,0,CLEAR,DRY,False,1 VEHICLE ENTERING/LEAVING ENTRANCE,ANGLE,STRAIGHT & LEVEL,DARK-HWY LIGHTED/ON,,,9/22/2020 8:25:28 AM,False,5270,Accepted,
27253746,0568000,LOUISVILLE METRO POLICE DEPT,Accepted,JEFFERSON,,,KIRBY,AVE,,,,,34TH,,ROSEWELL,38.236353255,-85.810848885,0.052,9/22/2020 12:00:00 AM,0910,1,1,0,0,CLEAR,DRY,True,OTHER ROADWAY OR MID-BLOCK COLLISION,SINGLE VEHICLE,STRAIGHT & LEVEL,DAYLIGHT,,,9/25/2020 8:29:26 AM,False,7328,Accepted,
27253762,0568000,LOUISVILLE METRO POLICE DEPT,Accepted,JEFFERSON,,3312,HALE,AVE,,,,,,,,38.240217904,-85.809112731,1.689,9/22/2020 12:00:00 AM,2313,2,2,0,0,CLEAR,DRY,False,1 VEHICLE PARKED POSITION (NOT PARKING LOT/DRIVEWAY),HEAD ON,STRAIGHT & LEVEL,DARK-HWY LIGHTED/ON,,,9/25/2020 8:30:32 AM,False,5057,Accepted,
27282268,0568000,LOUISVILLE METRO POLICE DEPT,Accepted,JEFFERSON,I 0264,,I264 E,,,,,,,,,38.206388872,-85.678502788,15.157,9/22/2020 12:00:00 AM,1700,2,2,0,0,CLEAR,DRY,False,REAR END IN TRAFFIC LANES BOTH VEHICLES MOVING,REAR END,STRAIGHT & LEVEL,DAYLIGHT,,,10/2/2020 12:52:21 PM,False,7793,Accepted,
27292847,0568000,LOUISVILLE METRO POLICE DEPT,Accepted,JEFFERSON,I 0065,,I65 S,,,,,,,,,38.213360682,-85.752713811,132.985,9/22/2020 12:00:00 AM,1632,2,1,0,0,CLEAR,DRY,False,SIDESWIPE COLLISION - SAME DIRECTION,SIDESWIPE-SAME DIRECTION,STRAIGHT & LEVEL,DAYLIGHT,,,10/5/2020 9:30:45 AM,False,7433,Accepted,
27276829,0568000,LOUISVILLE METRO POLICE DEPT,Accepted,JEFFERSON,KY1065,,OUTER,LOOP,,I 0065,I65 N EXIT127 OFF RAMP TO KY1065,,,,,38.136475532,-85.701472246,5.224,9/21/2020 12:00:00 AM,2029,2,2,0,1,CLEAR,DRY,False,OTHER INTERSECTION COLLISIONS,REAR END,STRAIGHT & LEVEL,DARK-HWY LIGHTED/ON,,,10/1/2020 8:18:03 AM,False,5107,Accepted,
27296133,0568000,LOUISVILLE METRO POLICE DEPT,Accepted,JEFFERSON,I 0264,,I264 W,,,I 0264,I264 W EXIT9 ON RAMP FROM KY1865,,,,,38.187161606,-85.788463290,8.925,9/21/2020 12:00:00 AM,0736,2,2,0,0,CLEAR,DRY,False,SIDESWIPE-SAME DIRECTION,SIDESWIPE-SAME DIRECTION,CURVE & GRADE,DAYLIGHT,,,10/6/2020 8:19:59 AM,False,7720,Accepted,
27253752,0568000,LOUISVILLE METRO POLICE DEPT,Accepted,JEFFERSON,I 0264,,I264 E,,,,,,,,,38.213796758,-85.666052718,16.006,9/21/2020 12:00:00 AM,0105,2,2,1,0,CLEAR,DRY,False,REAR END IN TRAFFIC LANES BOTH VEHICLES MOVING,REAR END,STRAIGHT & LEVEL,DARK-HWY LIGHTED/ON,,,9/25/2020 8:29:48 AM,False,7578,Accepted,
27240735,0568000,LOUISVILLE METRO POLICE DEPT,Accepted,JEFFERSON,US0150,,BROADWAY,,W,KY1020,3RD,,,,,38.245986155,-85.756938345,2.462,9/21/2020 12:00:00 AM,2208,2,2,0,0,CLEAR,DRY,False,ANGLE COLLISION - OTHER,ANGLE,STRAIGHT & LEVEL,DARK-HWY LIGHTED/ON,,,9/22/2020 8:25:00 AM,False,5172,Accepted,