IncidentID,AgencyORI,AgencyName,IncidentStatusDesc,County,RdwyNumber,Street,RoadwayName,StreetSfx,StreetDir,IntersectionRdwy,IntersectionRdwyName,BetweenStRdwy1,BetweenStRdwyName1,BetweenStRdwy2,BetweenStRdwyName2,Latitude,Longitude,Milepoint,CollisionDate,CollisionTime,UnitsInvolved,MotorVehiclesInvolved,NumberKilled,NumberInjured,Weather,RdwyConditionCode,HitandRun,DirAnalysisCode,MannerofCollision,RdwyCharacter,LightCondition,RampFromRdwyId,RampToRdwyId,AcceptedDate,IsSecondaryCollision,OwnerBadge,IncidentStatus,
27240741,0568000,LOUISVILLE METRO POLICE DEPT,Accepted,JEFFERSON,,,HILL,ST,W,,,KY1020,3RD,KY1020,2ND,38.225713991,-85.759185810,0.123,9/21/2020 12:00:00 AM,2028,2,2,0,0,CLEAR,DRY,False,1 VEHICLE PARKED POSITION (NOT PARKING LOT/DRIVEWAY),REAR END,STRAIGHT & LEVEL,DUSK,,,9/22/2020 8:25:24 AM,False,5204,Accepted,
27240724,0568000,LOUISVILLE METRO POLICE DEPT,Accepted,JEFFERSON,KY0061,,PRESTON,HWY,,,OLD FERN VALLEY,,,,,38.155032155,-85.695947482,5.201,9/21/2020 12:00:00 AM,1153,2,2,0,0,CLEAR,DRY,False,ANGLE COLLISION - OTHER,ANGLE,STRAIGHT & LEVEL,DAYLIGHT,,,9/22/2020 8:24:06 AM,False,2324,Accepted,
27240725,0568000,LOUISVILLE METRO POLICE DEPT,Accepted,JEFFERSON,US0031E,,BARDSTOWN,RD,,,,,,,,38.153827961,-85.589131731,5.839,9/21/2020 12:00:00 AM,0737,2,2,0,0,CLEAR,DRY,False,1 VEHICLE ENTERING/LEAVING ENTRANCE,ANGLE,STRAIGHT & LEVEL,DAWN,,,9/22/2020 8:24:19 AM,False,4693,Accepted,
27240726,0568000,LOUISVILLE METRO POLICE DEPT,Accepted,JEFFERSON,KY0864,,POPLAR LEVEL,RD,,,GILMORE,,,,,38.182748891,-85.698268491,10.283,9/21/2020 12:00:00 AM,1151,2,2,0,0,CLEAR,DRY,False,REAR END - ONE VEHICLE TURNING LEFT,REAR END,STRAIGHT & LEVEL,DAYLIGHT,,,9/22/2020 8:24:27 AM,False,4693,Accepted,
27240732,0568000,LOUISVILLE METRO POLICE DEPT,Accepted,JEFFERSON,,,VIEUX CARRE,DR,,,,US0060,SHELBYVILLE,US0060,SHELBYVILLE,38.245371345,-85.574444361,0.058,9/21/2020 12:00:00 AM,1316,2,2,0,1,CLEAR,DRY,False,OTHER ROADWAY OR MID-BLOCK COLLISION,OPPOSING LEFT TURN,STRAIGHT & LEVEL,DAYLIGHT,,,9/22/2020 8:24:51 AM,False,7751,Accepted,
27240734,0568000,LOUISVILLE METRO POLICE DEPT,Accepted,JEFFERSON,KY1065,,OUTER,LOOP,,,,,,,,38.136979587,-85.706808651,4.924,9/21/2020 12:00:00 AM,2049,2,1,0,1,CLEAR,DRY,False,COLLISION WITH BICYCLIST NON INTERSECTION,SINGLE VEHICLE,CURVE & LEVEL,DUSK,,,9/22/2020 8:24:56 AM,False,5270,Accepted,
27245290,0568000,LOUISVILLE METRO POLICE DEPT,Accepted,JEFFERSON,KY1931,,7TH ST,RD,,,LINCOLN,,,,,38.218486746,-85.779069063,10.352,9/21/2020 12:00:00 AM,1800,2,2,0,1,CLEAR,DRY,False,ANGLE COLLISION - ONE VEHICLE TURNING LEFT,ANGLE,STRAIGHT & LEVEL,DAYLIGHT,,,9/23/2020 8:03:10 AM,False,5334,Accepted,
27245382,0568000,LOUISVILLE METRO POLICE DEPT,Accepted,JEFFERSON,,,GARVIN,PL,,,ST CATHERINE,,,,,38.237421424,-85.761608342,0.304,9/21/2020 12:00:00 AM,1828,2,2,0,3,CLEAR,DRY,False,ANGLE COLLISION - OTHER,ANGLE,STRAIGHT & LEVEL,DAYLIGHT,,,9/23/2020 8:03:38 AM,False,5186,Accepted,
27240736,0568000,LOUISVILLE METRO POLICE DEPT,Accepted,JEFFERSON,,,CHESTNUT,ST,W,,26TH,,,,,38.253056139,-85.794554436,0.347,9/21/2020 12:00:00 AM,2336,2,2,0,0,CLEAR,DRY,False,ANGLE COLLISION - OTHER,ANGLE,STRAIGHT & LEVEL,DARK-HWY LIGHTED/ON,,,9/22/2020 8:25:04 AM,False,5008,Accepted,
27245386,0568000,LOUISVILLE METRO POLICE DEPT,Accepted,JEFFERSON,I 0264,,I264 W,,,,,,,,,38.192563397,-85.712933279,13.018,9/21/2020 12:00:00 AM,1754,3,3,0,0,CLEAR,DRY,False,REAR END IN TRAFFIC LANES BOTH VEHICLES MOVING,REAR END,STRAIGHT & LEVEL,DAYLIGHT,,,9/23/2020 8:03:53 AM,False,7898,Accepted,
27243204,0560400,SHIVELY POLICE DEPARTMENT,Accepted,JEFFERSON,I 0264,,I264 W,,,,,,,,,38.195651420,-85.828864032,6.132,9/21/2020 12:00:00 AM,1630,2,2,0,0,CLEAR,DRY,False,REAR END IN TRAFFIC LANES BOTH VEHICLES MOVING,REAR END,CURVE & LEVEL,DAYLIGHT,,,9/22/2020 5:22:48 PM,False,7127,Accepted,
27240728,0568000,LOUISVILLE METRO POLICE DEPT,Accepted,JEFFERSON,I 0265,,I265 E,,,,,,,,,38.119920809,-85.632704124,14.149,9/21/2020 12:00:00 AM,1345,2,2,0,0,CLEAR,DRY,False,REAR END IN TRAFFIC LANES BOTH VEHICLES MOVING,REAR END,STRAIGHT & LEVEL,DAYLIGHT,,,9/22/2020 8:24:34 AM,False,4693,Accepted,
27240730,0568000,LOUISVILLE METRO POLICE DEPT,Accepted,JEFFERSON,I 0264,,I264 W,,,I 0065,I65 S EXIT131B RAMP TO I264 W,,,,,38.189647260,-85.742484393,11.404,9/21/2020 12:00:00 AM,1652,3,3,0,2,CLEAR,DRY,False,OTHER INTERSECTION COLLISIONS,REAR END,STRAIGHT & LEVEL,DAYLIGHT,,,9/22/2020 8:24:43 AM,False,5146,Accepted,
27240731,0568000,LOUISVILLE METRO POLICE DEPT,Accepted,JEFFERSON,US0060,,SHELBYVILLE,RD,,,LYNDON,,,,,38.248137501,-85.598863930,6.657,9/21/2020 12:00:00 AM,0757,2,2,0,1,CLEAR,DRY,False,ANGLE COLLISION - OTHER,ANGLE,STRAIGHT & LEVEL,DAYLIGHT,,,9/22/2020 8:24:47 AM,False,7751,Accepted,
27240737,0568000,LOUISVILLE METRO POLICE DEPT,Accepted,JEFFERSON,,3000,FREYS HILL,RD,,,,,,,,38.285917956,-85.555302623,0.586,9/21/2020 12:00:00 AM,2218,1,1,0,0,CLEAR,DRY,True,COLLISION WITH FIXED OBJECT NON - INTERSECTION - FIRST EVENT COLLISION 09 - 32 EXCLUDING 16,SINGLE VEHICLE,CURVE & LEVEL,DARK-HWY LIGHTED/ON,,,9/22/2020 8:25:08 AM,False,7159,Accepted,
27240738,0568000,LOUISVILLE METRO POLICE DEPT,Accepted,JEFFERSON,US0031W,,DIXIE,HWY,,,UPPER HUNTERS,,,,,38.168584797,-85.828547470,13.268,9/21/2020 12:00:00 AM,2125,2,2,0,0,CLEAR,DRY,False,OTHER INTERSECTION COLLISIONS,REAR END,STRAIGHT & LEVEL,DARK-HWY LIGHTED/ON,,,9/22/2020 8:25:12 AM,False,5170,Accepted,
27240739,0568000,LOUISVILLE METRO POLICE DEPT,Accepted,JEFFERSON,KY1020,,NATIONAL,TPKE,,,,,,,,38.139299130,-85.753811014,4.539,9/21/2020 12:00:00 AM,2320,2,2,0,1,CLEAR,DRY,False,OTHER ROADWAY OR MID-BLOCK COLLISION,OPPOSING LEFT TURN,STRAIGHT & LEVEL,DARK-HWY LIGHTED/ON,,,9/22/2020 8:25:15 AM,False,5259,Accepted,
27240748,0568000,LOUISVILLE METRO POLICE DEPT,Accepted,JEFFERSON,,,CHENOWETH RUN,RD,,,,,,,,38.168324795,-85.526232396,4.137,9/21/2020 12:00:00 AM,0908,2,2,0,0,CLEAR,DRY,False,SIDESWIPE COLLISION - OPPOSITE DIRECTION,SIDESWIPE-OPPOSITE DIRECTION,CURVE & LEVEL,DAYLIGHT,,,9/22/2020 8:27:17 AM,False,7755,Accepted,
27240740,0568000,LOUISVILLE METRO POLICE DEPT,Accepted,JEFFERSON,KY1934,,CANE RUN,RD,,KY1727,TERRY,,,,,38.178130334,-85.861967273,7.188,9/21/2020 12:00:00 AM,1320,2,2,0,0,CLEAR,DRY,False,OTHER INTERSECTION COLLISIONS,REAR END,CURVE & LEVEL,DAYLIGHT,,,9/22/2020 8:25:19 AM,False,7356,Accepted,
27236019,0568000,LOUISVILLE METRO POLICE DEPT,Accepted,JEFFERSON,,2501,BRADLEY,AVE,,,,,,,,38.208958410,-85.746133621,0.704,9/21/2020 12:00:00 AM,0707,1,1,0,0,CLEAR,DRY,False,COLLISION WITH FIXED OBJECT NON - INTERSECTION - FIRST EVENT COLLISION 09 - 32 EXCLUDING 16,SINGLE VEHICLE,STRAIGHT & LEVEL,DAYLIGHT,,,9/21/2020 9:17:48 AM,False,7898,Accepted,
27240722,0568000,LOUISVILLE METRO POLICE DEPT,Accepted,JEFFERSON,I 0071,,I71 S,,,,,,,,,38.298697209,-85.622143300,6.573,9/21/2020 12:00:00 AM,0850,2,2,0,1,CLEAR,DRY,True,SIDESWIPE COLLISION - SAME DIRECTION,SIDESWIPE-SAME DIRECTION,STRAIGHT & LEVEL,DAYLIGHT,,,9/22/2020 8:23:33 AM,False,4903,Accepted,
27282237,0568000,LOUISVILLE METRO POLICE DEPT,Accepted,JEFFERSON,KY1865,,TAYLOR,BLVD,,,LYNNHURST,,,,,38.178312542,-85.782916396,4.936,9/21/2020 12:00:00 AM,1359,2,2,0,5,CLEAR,DRY,False,OPPOSING LEFT TURN,OPPOSING LEFT TURN,STRAIGHT & LEVEL,DAYLIGHT,,,10/2/2020 12:46:28 PM,False,5315,Accepted,
27253765,0568000,LOUISVILLE METRO POLICE DEPT,Accepted,JEFFERSON,,,INDIAN,TRL,E,,TUPELO,,,,,38.170050140,-85.692013270,0.805,9/21/2020 12:00:00 AM,2038,2,2,0,1,CLEAR,DRY,False,ANGLE COLLISION - OTHER,ANGLE,STRAIGHT & LEVEL,DARK-HWY LIGHTED/OFF,,,9/25/2020 8:30:44 AM,False,5318,Accepted,
27250297,0561500,UNIV. OF LOUISVILLE POLICE,Accepted,JEFFERSON,US0060A,,EASTERN,PKWY,,,,,,,,38.213741432,-85.761879429,3.431,9/20/2020 12:00:00 AM,0112,2,2,0,0,CLEAR,DRY,False,REAR END IN TRAFFIC LANES BOTH VEHICLES MOVING,REAR END,STRAIGHT & LEVEL,DARK-HWY LIGHTED/ON,,,9/24/2020 12:45:01 PM,False,5677,Accepted,
27236015,0568000,LOUISVILLE METRO POLICE DEPT,Accepted,JEFFERSON,,663,SOUTHWESTERN,PKWY,,,,,,,,38.251851487,-85.826851620,1.188,9/20/2020 12:00:00 AM,2109,3,3,0,0,CLEAR,DRY,False,1 VEHICLE PARKED POSITION (NOT PARKING LOT/DRIVEWAY),SIDESWIPE-SAME DIRECTION,STRAIGHT & LEVEL,DARK-HWY LIGHTED/ON,,,9/21/2020 9:15:34 AM,False,7481,Accepted,
27236001,0568000,LOUISVILLE METRO POLICE DEPT,Accepted,JEFFERSON,KY2049,,CRUMS,LN,,,POPPY,,,,,38.197752782,-85.834046538,0.202,9/20/2020 12:00:00 AM,1712,2,2,0,1,CLEAR,DRY,False,ANGLE COLLISION - OTHER,ANGLE,STRAIGHT & LEVEL,DAYLIGHT,,,9/21/2020 9:14:25 AM,False,5253,Accepted,
27236002,0568000,LOUISVILLE METRO POLICE DEPT,Accepted,JEFFERSON,,5300,3RD,ST,S,,,,,,,38.169455173,-85.768361395,2.030,9/20/2020 12:00:00 AM,1329,2,2,0,0,CLEAR,DRY,False,1 VEHICLE ENTERING/LEAVING ENTRANCE,ANGLE,STRAIGHT & LEVEL,DAYLIGHT,,,9/21/2020 9:14:29 AM,False,7483,Accepted,
27236009,0568000,LOUISVILLE METRO POLICE DEPT,Accepted,JEFFERSON,KY0907,9504,3RD ST,RD,,,,,,,,38.116080746,-85.820421562,2.915,9/20/2020 12:00:00 AM,2251,2,2,0,0,CLEAR,DRY,False,REAR END IN TRAFFIC LANES BOTH VEHICLES MOVING,REAR END,CURVE & GRADE,DARK-HWY NOT LIGHTED,,,9/21/2020 9:14:58 AM,False,7072,Accepted,
27236010,0568000,LOUISVILLE METRO POLICE DEPT,Accepted,JEFFERSON,,,SHANKS,LN,,KY1934,CANE RUN,,,,,38.195445059,-85.842716771,0.014,9/20/2020 12:00:00 AM,2115,2,2,0,0,CLEAR,DRY,False,ANGLE COLLISION - OTHER,ANGLE,STRAIGHT & LEVEL,DARK-HWY LIGHTED/ON,,,9/21/2020 9:15:02 AM,False,2877,Accepted,
27245376,0568000,LOUISVILLE METRO POLICE DEPT,Accepted,JEFFERSON,US0031W,,DIXIE,HWY,,,,,ORELL,,STONEGATE MANOR,38.082116800,-85.881691351,6.694,9/20/2020 12:00:00 AM,1001,2,2,0,3,CLEAR,DRY,False,OTHER ROADWAY OR MID-BLOCK COLLISION,OPPOSING LEFT TURN,STRAIGHT & LEVEL,DAYLIGHT,,,9/23/2020 8:03:26 AM,False,2098,Accepted,
27291605,0568000,LOUISVILLE METRO POLICE DEPT,Accepted,JEFFERSON,KY0907,,3RD ST,RD,,,PAGES,,,,,38.115227095,-85.835219743,2.091,9/20/2020 12:00:00 AM,2218,3,3,0,0,CLEAR,DRY,False,OPPOSITE DIRECTION - BOTH VEHICLES GOING STRAIGHT AHEAD,SIDESWIPE-OPPOSITE DIRECTION,CURVE & LEVEL,DARK-HWY LIGHTED/ON,,,10/5/2020 9:20:42 AM,False,2905,Accepted,
27235983,0568000,LOUISVILLE METRO POLICE DEPT,Accepted,JEFFERSON,US0031W,,DIXIE,HWY,,,,,,,,38.122196318,-85.855004079,9.826,9/20/2020 12:00:00 AM,0621,2,2,0,0,CLEAR,DRY,False,1 VEHICLE ENTERING/LEAVING ENTRANCE,ANGLE,STRAIGHT & LEVEL,DARK-HWY LIGHTED/ON,,,9/21/2020 9:13:20 AM,False,5136,Accepted,
27235991,0568000,LOUISVILLE METRO POLICE DEPT,Accepted,JEFFERSON,,,GHEENS,AVE,,KY1865,NEW CUT,,,,,38.165038343,-85.780022772,0.940,9/20/2020 12:00:00 AM,1140,2,2,0,1,CLEAR,DRY,False,OTHER INTERSECTION COLLISIONS,REAR END,STRAIGHT & LEVEL,DAYLIGHT,,,9/21/2020 9:13:54 AM,False,5326,Accepted,
27236007,0568000,LOUISVILLE METRO POLICE DEPT,Accepted,JEFFERSON,,3216,GARLAND,AVE,,,,,,,,38.245573184,-85.806472697,2.125,9/20/2020 12:00:00 AM,0620,3,3,0,0,CLEAR,DRY,True,1 VEHICLE PARKED POSITION (NOT PARKING LOT/DRIVEWAY),SIDESWIPE-OPPOSITE DIRECTION,STRAIGHT & LEVEL,DARK-HWY LIGHTED/ON,,,9/21/2020 9:14:47 AM,False,5261,Accepted,
27236008,0568000,LOUISVILLE METRO POLICE DEPT,Accepted,JEFFERSON,,,WHITNEY,AVE,W,,3RD,,,,,38.193963910,-85.764946732,0.991,9/20/2020 12:00:00 AM,2056,2,1,0,0,CLEAR,DRY,True,COLLISION WITH BICYCLE IN INTERSECTION,SINGLE VEHICLE,STRAIGHT & LEVEL,DARK-HWY LIGHTED/ON,,,9/21/2020 9:14:54 AM,False,5252,Accepted,
27245379,0568000,LOUISVILLE METRO POLICE DEPT,Accepted,JEFFERSON,,,FLOWERVALE,LN,,,,,DEERING,,LEWIS,38.089939511,-85.872009973,0.765,9/20/2020 12:00:00 AM,1418,2,2,0,0,CLEAR,DRY,False,SIDESWIPE COLLISION - OPPOSITE DIRECTION,SIDESWIPE-OPPOSITE DIRECTION,CURVE & LEVEL,DAYLIGHT,,,9/23/2020 8:03:31 AM,False,2098,Accepted,
27236014,0568000,LOUISVILLE METRO POLICE DEPT,Accepted,JEFFERSON,US0031W,,DIXIE,HWY,,,LEWISTON,,,,,38.171151133,-85.826425487,13.515,9/20/2020 12:00:00 AM,2118,2,2,0,0,CLEAR,DRY,False,OPPOSITE DIRECTION - BOTH VEHICLES GOING STRAIGHT AHEAD,SIDESWIPE-OPPOSITE DIRECTION,STRAIGHT & LEVEL,DARK-HWY LIGHTED/ON,,,9/21/2020 9:15:31 AM,False,5298,Accepted,
27235988,0568000,LOUISVILLE METRO POLICE DEPT,Accepted,JEFFERSON,,,BRIARCLIFF,RD,,,PINELAND,,,,,38.133272218,-85.697210241,0.196,9/20/2020 12:00:00 AM,1346,2,2,0,2,CLEAR,DRY,False,ANGLE COLLISION - ONE VEHICLE TURNING LEFT,ANGLE,STRAIGHT & LEVEL,DAYLIGHT,,,9/21/2020 9:13:41 AM,False,7269,Accepted,
27235989,0568000,LOUISVILLE METRO POLICE DEPT,Accepted,JEFFERSON,US0150,521,22ND,ST,N,,,,,,,38.267107174,-85.783252038,0.169,9/20/2020 12:00:00 AM,1451,2,2,0,1,CLEAR,DRY,False,1 VEHICLE ENTERING/LEAVING ENTRANCE,ANGLE,STRAIGHT & LEVEL,DAYLIGHT,,,9/21/2020 9:13:46 AM,False,7988,Accepted,
27235979,0568000,LOUISVILLE METRO POLICE DEPT,Accepted,JEFFERSON,KY1934,,CANE RUN,RD,,,RICHMONT,,,,,38.197156324,-85.840101889,8.971,9/20/2020 12:00:00 AM,0340,2,2,0,0,CLEAR,DRY,False,OTHER INTERSECTION COLLISIONS,REAR END,STRAIGHT & LEVEL,DARK-HWY LIGHTED/ON,,,9/21/2020 9:13:09 AM,False,7481,Accepted,
27235980,0568000,LOUISVILLE METRO POLICE DEPT,Accepted,JEFFERSON,KY0061,,PRESTON,HWY,,,ULRICH,,,,,38.158221286,-85.697746062,5.462,9/20/2020 12:00:00 AM,0330,2,2,0,0,CLEAR,DRY,False,OTHER INTERSECTION COLLISIONS,REAR END,STRAIGHT & LEVEL,DARK-HWY LIGHTED/ON,,,9/21/2020 9:13:13 AM,False,5189,Accepted,
27235996,0568000,LOUISVILLE METRO POLICE DEPT,Accepted,JEFFERSON,US0150,,BROADWAY,,W,US0031W,DR W J HODGE,,,,,38.249295338,-85.786489125,0.817,9/20/2020 12:00:00 AM,1626,2,2,0,1,CLEAR,DRY,False,ANGLE COLLISION - OTHER,ANGLE,STRAIGHT & LEVEL,DAYLIGHT,,,9/21/2020 9:14:09 AM,False,7361,Accepted,
27235998,0568000,LOUISVILLE METRO POLICE DEPT,Accepted,JEFFERSON,KY0061,,PRESTON,HWY,,KY6306,KY6306,,,,,38.096379798,-85.670092314,0.887,9/20/2020 12:00:00 AM,0941,2,2,0,0,CLEAR,DRY,True,SIDESWIPE-SAME DIRECTION,SIDESWIPE-SAME DIRECTION,STRAIGHT & LEVEL,DAYLIGHT,,,9/21/2020 9:14:14 AM,False,5005,Accepted,
27236005,0568000,LOUISVILLE METRO POLICE DEPT,Accepted,JEFFERSON,,,3RD,ST,S,KY2801,SOUTHERN HEIGHTS,,,,,38.189166036,-85.764875169,0.789,9/20/2020 12:00:00 AM,1830,2,2,0,2,CLEAR,DRY,False,COLLISION WITH FIXED OBJECT IN INTERSECTION - FIRST EVENT COLLISION 09 - 32,ANGLE,STRAIGHT & LEVEL,DAYLIGHT,,,9/21/2020 9:14:42 AM,False,7488,Accepted,
27235987,0568000,LOUISVILLE METRO POLICE DEPT,Accepted,JEFFERSON,I 0065,,I65 S,,,,,I 0065,I65 S EXIT134 ON RAMP FROM  MAGNOLIA AVE,I 0065,I65 S EXIT135 ON RAMP FROM  E OAK ST,38.231006828,-85.751077633,134.214,9/20/2020 12:00:00 AM,0649,2,2,0,0,CLEAR,DRY,False,1 VEHICLE PARKED POSITION (NOT PARKING LOT/DRIVEWAY),SIDESWIPE-SAME DIRECTION,CURVE & LEVEL,DARK (UNKNOWN ROADWAY LIGHTING),,,9/21/2020 9:13:37 AM,False,5120,Accepted,
27236003,0568000,LOUISVILLE METRO POLICE DEPT,Accepted,JEFFERSON,US0031E,,MARKET,ST,E,KY0061,PRESTON,,,,,38.254076591,-85.746103761,17.374,9/20/2020 12:00:00 AM,1900,2,2,0,0,CLEAR,DRY,False,ANGLE COLLISION - OTHER,ANGLE,STRAIGHT & LEVEL,DUSK,,,9/21/2020 9:14:33 AM,False,6360,Accepted,
27236004,0568000,LOUISVILLE METRO POLICE DEPT,Accepted,JEFFERSON,KY2054,,ALGONQUIN,PKWY,,,LINDBERGH,,,,,38.215916695,-85.774328815,2.847,9/20/2020 12:00:00 AM,1549,2,2,0,2,CLEAR,DRY,False,ANGLE COLLISION - OTHER,ANGLE,STRAIGHT & LEVEL,DAYLIGHT,,,9/21/2020 9:14:38 AM,False,5201,Accepted,
27236011,0568000,LOUISVILLE METRO POLICE DEPT,Accepted,JEFFERSON,KY1747,,FERN VALLEY,RD,,KY0061,PRESTON,,,,,38.156980522,-85.696878038,1.941,9/20/2020 12:00:00 AM,2200,2,2,0,0,CLEAR,DRY,True,OTHER INTERSECTION COLLISIONS,REAR END,STRAIGHT & LEVEL,DARK (UNKNOWN ROADWAY LIGHTING),,,9/21/2020 9:15:11 AM,False,5248,Accepted,
27236012,0568000,LOUISVILLE METRO POLICE DEPT,Accepted,JEFFERSON,KY0841,,GENE SNYDER,FWY,,,,,,,,38.118527983,-85.784219880,5.647,9/20/2020 12:00:00 AM,2126,2,2,0,0,CLEAR,DRY,False,REAR END IN TRAFFIC LANES BOTH VEHICLES MOVING,REAR END,STRAIGHT & LEVEL,DARK-HWY LIGHTED/ON,,,9/21/2020 9:15:21 AM,False,5136,Accepted,
27330664,0568000,LOUISVILLE METRO POLICE DEPT,Accepted,JEFFERSON,,,ASHBY,LN,,US0031W,DIXIE,,,,,38.103269417,-85.870488925,0.050,9/20/2020 12:00:00 AM,0952,2,2,0,0,CLEAR,DRY,False,ANGLE COLLISION - OTHER,ANGLE,STRAIGHT & LEVEL,UNKNOWN,,,10/14/2020 9:12:28 AM,False,5323,Accepted,
27282270,0568000,LOUISVILLE METRO POLICE DEPT,Accepted,JEFFERSON,,,ASHLAND,AVE,W,KY1865,TAYLOR,,,,,38.186654703,-85.783787048,0.992,9/19/2020 12:00:00 AM,1644,2,2,0,1,CLEAR,DRY,False,OPPOSING LEFT TURN,OPPOSING LEFT TURN,STRAIGHT & LEVEL,DAYLIGHT,,,10/2/2020 12:52:52 PM,False,5317,Accepted,
27368006,0568000,LOUISVILLE METRO POLICE DEPT,Accepted,JEFFERSON,I 0264,,I264 W,,,,,,,,,38.249884285,-85.807155217,1.926,9/19/2020 12:00:00 AM,1405,2,2,0,0,CLEAR,DRY,False,REAR END IN TRAFFIC LANES BOTH VEHICLES MOVING,REAR END,STRAIGHT & LEVEL,DAYLIGHT,,,10/23/2020 8:27:03 AM,False,5272,Accepted,
27235971,0568000,LOUISVILLE METRO POLICE DEPT,Accepted,JEFFERSON,,1617,GAGEL,AVE,,,,,ATTERBERRY,,MCDEANE,38.173333841,-85.816989520,0.310,9/19/2020 12:00:00 AM,1114,1,1,0,0,CLEAR,DRY,False,COLLISION WITH FIXED OBJECT NON - INTERSECTION - FIRST EVENT COLLISION 09 - 32 EXCLUDING 16,SINGLE VEHICLE,STRAIGHT & LEVEL,DAYLIGHT,,,9/21/2020 9:12:37 AM,False,5328,Accepted,
27235956,0568000,LOUISVILLE METRO POLICE DEPT,Accepted,JEFFERSON,,,JEFFERSON,BLVD,,KY1747,FERN VALLEY,,,,,38.156410203,-85.671525878,0.200,9/19/2020 12:00:00 AM,1222,2,2,0,0,CLEAR,DRY,False,OTHER INTERSECTION COLLISIONS,REAR END,STRAIGHT & LEVEL,DAYLIGHT,,,9/21/2020 9:11:57 AM,False,2532,Accepted,
27235973,0568000,LOUISVILLE METRO POLICE DEPT,Accepted,JEFFERSON,,9412,PIROUETTE,AVE,,,,,,,,38.115140391,-85.769191064,0.119,9/19/2020 12:00:00 AM,1835,2,1,0,1,CLEAR,DRY,False,COLLISION WITH BICYCLIST NON INTERSECTION,SINGLE VEHICLE,CURVE & LEVEL,DAYLIGHT,,,9/21/2020 9:12:45 AM,False,7483,Accepted,
27235947,0568000,LOUISVILLE METRO POLICE DEPT,Accepted,JEFFERSON,KY0155,,TAYLORSVILLE,RD,,,MELBOURNE,,,,,38.220094689,-85.630366779,13.600,9/19/2020 12:00:00 AM,0151,2,2,0,0,CLEAR,DRY,False,HEAD-ON COLLISION,HEAD ON,STRAIGHT & LEVEL,DARK-HWY NOT LIGHTED,,,9/21/2020 9:11:23 AM,False,5203,Accepted,
27235961,0568000,LOUISVILLE METRO POLICE DEPT,Accepted,JEFFERSON,I 0264,,I264 W,,,,,,,,,38.244749076,-85.812126011,2.375,9/19/2020 12:00:00 AM,1008,1,1,0,0,CLEAR,DRY,False,OTHER ROADWAY OR MID-BLOCK COLLISION,SINGLE VEHICLE,STRAIGHT & LEVEL,DAYLIGHT,,,9/21/2020 9:12:05 AM,False,5124,Accepted,
27235962,0568000,LOUISVILLE METRO POLICE DEPT,Accepted,JEFFERSON,US0031E,,BAXTER,AVE,,,,,PAYNE,,ROGERS,38.245964287,-85.728561505,16.012,9/19/2020 12:00:00 AM,1153,2,2,0,1,CLEAR,DRY,False,1 VEHICLE ENTERING OR LEAVING PARKED POSITION (NOT PARKING LOT),REAR END,STRAIGHT & LEVEL,DAYLIGHT,,,9/21/2020 9:12:09 AM,False,2230,Accepted,
27235963,0568000,LOUISVILLE METRO POLICE DEPT,Accepted,JEFFERSON,I 0065,,I65 S,,,I 0064,I64 S EXIT137 OFF RAMP,,,,,38.261569908,-85.742145677,136.661,9/19/2020 12:00:00 AM,1516,2,2,0,0,CLEAR,DRY,False,OTHER INTERSECTION COLLISIONS,REAR END,STRAIGHT & LEVEL,DAYLIGHT,,,9/21/2020 9:12:14 AM,False,7216,Accepted,
27235970,0568000,LOUISVILLE METRO POLICE DEPT,Accepted,JEFFERSON,KY1020,,2ND,ST,S,,ORMSBY,,,,,38.232515859,-85.757395478,11.170,9/19/2020 12:00:00 AM,1616,4,4,0,0,CLEAR,DRY,True,ANGLE COLLISION - OTHER,ANGLE,STRAIGHT & LEVEL,DAYLIGHT,,,9/21/2020 9:12:33 AM,False,7441,Accepted,
27235978,0568000,LOUISVILLE METRO POLICE DEPT,Accepted,JEFFERSON,,,BLUEGRASS,AVE,,,HAZELWOOD,,,,,38.179469322,-85.788317668,0.480,9/19/2020 12:00:00 AM,1852,2,2,0,4,CLEAR,DRY,False,ANGLE COLLISION - OTHER,ANGLE,STRAIGHT & LEVEL,DARK (UNKNOWN ROADWAY LIGHTING),,,9/21/2020 9:13:04 AM,False,5050,Accepted,
27235981,0568000,LOUISVILLE METRO POLICE DEPT,Accepted,JEFFERSON,I 0071,,I71 S,,,,,,,,,38.272310328,-85.701514488,1.491,9/19/2020 12:00:00 AM,2306,1,1,0,1,CLEAR,DRY,False,COLLISION WITH FIXED OBJECT NON - INTERSECTION - FIRST EVENT COLLISION 09 - 32 EXCLUDING 16,SINGLE VEHICLE,STRAIGHT & GRADE,DARK-HWY NOT LIGHTED,,,9/21/2020 9:13:16 AM,False,5243,Accepted,
27235990,0568000,LOUISVILLE METRO POLICE DEPT,Accepted,JEFFERSON,,1785,OAK,ST,W,,,,,,,38.237416658,-85.786716974,1.719,9/19/2020 12:00:00 AM,1200,1,1,0,0,CLEAR,DRY,False,COLLISION IN PARKING LOT,SINGLE VEHICLE,STRAIGHT & LEVEL,DAYLIGHT,,,9/21/2020 9:13:50 AM,False,2569,Accepted,
27235975,0568000,LOUISVILLE METRO POLICE DEPT,Accepted,JEFFERSON,KY1020,,SOUTHSIDE,DR,,KY1020,NATIONAL,,,,,38.152506233,-85.765634213,5.685,9/19/2020 12:00:00 AM,2034,2,2,0,1,CLEAR,DRY,False,SIDESWIPE-SAME DIRECTION,SIDESWIPE-SAME DIRECTION,STRAIGHT & LEVEL,DARK-HWY LIGHTED/ON,,,9/21/2020 9:12:54 AM,False,5110,Accepted,