IncidentID,AgencyORI,AgencyName,IncidentStatusDesc,County,RdwyNumber,Street,RoadwayName,StreetSfx,StreetDir,IntersectionRdwy,IntersectionRdwyName,BetweenStRdwy1,BetweenStRdwyName1,BetweenStRdwy2,BetweenStRdwyName2,Latitude,Longitude,Milepoint,CollisionDate,CollisionTime,UnitsInvolved,MotorVehiclesInvolved,NumberKilled,NumberInjured,Weather,RdwyConditionCode,HitandRun,DirAnalysisCode,MannerofCollision,RdwyCharacter,LightCondition,RampFromRdwyId,RampToRdwyId,AcceptedDate,IsSecondaryCollision,OwnerBadge,IncidentStatus,
27235977,0568000,LOUISVILLE METRO POLICE DEPT,Accepted,JEFFERSON,US0060A,,EASTERN,PKWY,,,,,NORRIS,,FERNWOOD,38.231417299,-85.710362102,6.760,9/19/2020 12:00:00 AM,2041,3,3,0,3,CLEAR,DRY,False,OTHER ROADWAY OR MID-BLOCK COLLISION,REAR END,STRAIGHT & LEVEL,DARK-HWY LIGHTED/ON,,,9/21/2020 9:12:59 AM,False,7049,Accepted,
27235985,0568000,LOUISVILLE METRO POLICE DEPT,Accepted,JEFFERSON,,9000,TERRY,RD,,,,,,,,38.178672864,-85.862802789,0.068,9/19/2020 12:00:00 AM,1349,2,2,0,0,CLEAR,DRY,False,VEHICLE BACKING NON INTERSECTION,BACKING,STRAIGHT & LEVEL,DAYLIGHT,,,9/21/2020 9:13:27 AM,False,5323,Accepted,
27235951,0568000,LOUISVILLE METRO POLICE DEPT,Accepted,JEFFERSON,,3428,POWELL,AVE,,,,,,,,38.199272208,-85.790076713,0.163,9/19/2020 12:00:00 AM,0629,2,2,0,0,CLEAR,DRY,True,1 VEHICLE PARKED POSITION (NOT PARKING LOT/DRIVEWAY),HEAD ON,STRAIGHT & LEVEL,DARK-HWY LIGHTED/ON,,,9/21/2020 9:11:40 AM,False,5183,Accepted,
27235960,0568000,LOUISVILLE METRO POLICE DEPT,Accepted,JEFFERSON,,4640,BELLEVUE,AVE,,,,,,,,38.183592416,-85.774472656,1.040,9/19/2020 12:00:00 AM,1050,3,3,0,0,CLEAR,DRY,True,1 VEHICLE PARKED POSITION (NOT PARKING LOT/DRIVEWAY),SIDESWIPE-SAME DIRECTION,STRAIGHT & LEVEL,DAYLIGHT,,,9/21/2020 9:12:01 AM,False,7488,Accepted,
27235967,0568000,LOUISVILLE METRO POLICE DEPT,Accepted,JEFFERSON,KY1065,,OUTER,LOOP,,,MINOR,,,,,38.136269280,-85.697111941,5.468,9/19/2020 12:00:00 AM,1453,2,2,0,1,CLEAR,DRY,False,OTHER INTERSECTION COLLISIONS,REAR END,STRAIGHT & LEVEL,DAYLIGHT,,,9/21/2020 9:12:25 AM,False,7465,Accepted,
27291580,0568000,LOUISVILLE METRO POLICE DEPT,Accepted,JEFFERSON,,1000B,MINOR,LN,,,,,,,,38.144981267,-85.699104774,0.416,9/19/2020 12:00:00 AM,1356,2,2,0,0,CLEAR,DRY,False,1 VEHICLE ENTERING/LEAVING ENTRANCE,ANGLE,STRAIGHT & LEVEL,DAYLIGHT,,,10/5/2020 9:18:47 AM,False,7465,Accepted,
27236000,0568000,LOUISVILLE METRO POLICE DEPT,Accepted,JEFFERSON,,,HILL,ST,W,,7TH,,,,,38.226761129,-85.768999619,0.662,9/19/2020 12:00:00 AM,1700,2,2,0,0,CLEAR,DRY,True,OTHER INTERSECTION COLLISIONS,REAR END,CURVE & LEVEL,DAYLIGHT,,,9/21/2020 9:14:21 AM,False,2745,Accepted,
27249347,0568000,LOUISVILLE METRO POLICE DEPT,Accepted,JEFFERSON,KY1934,,CANE RUN,RD,,,SHANKS,,,,,38.195442634,-85.842702683,8.794,9/19/2020 12:00:00 AM,2025,2,2,0,1,CLEAR,DRY,False,OPPOSING LEFT TURN,OPPOSING LEFT TURN,STRAIGHT & LEVEL,DARK-HWY LIGHTED/ON,,,9/24/2020 8:11:57 AM,False,7476,Accepted,
27249336,0568000,LOUISVILLE METRO POLICE DEPT,Accepted,JEFFERSON,,1962,GOLDSMITH,LN,,,,,,,,38.202600889,-85.680139456,0.312,9/19/2020 12:00:00 AM,1557,3,3,0,0,CLEAR,DRY,True,1 VEHICLE PARKED POSITION (NOT PARKING LOT/DRIVEWAY),ANGLE,STRAIGHT & LEVEL,DAYLIGHT,,,9/24/2020 8:11:14 AM,False,7448,Accepted,
27274154,0568000,LOUISVILLE METRO POLICE DEPT,Accepted,JEFFERSON,US0031,,CLARK MEMORIAL,BRG,,,,,,,,38.259297853,-85.752668119,0.214,9/19/2020 12:00:00 AM,2247,3,3,1,1,CLEAR,DRY,False,REAR END IN TRAFFIC LANES BOTH VEHICLES MOVING,REAR END,STRAIGHT & LEVEL,DARK-HWY NOT LIGHTED,,,9/30/2020 3:53:35 PM,False,2142,Accepted,
27423786,0568000,LOUISVILLE METRO POLICE DEPT,Accepted,JEFFERSON,US0031W,,22ND,ST,S,KY2054,ALGONQUIN,,,,,38.223414617,-85.795067646,17.729,9/19/2020 12:00:00 AM,2356,2,2,0,0,CLEAR,DRY,True,OTHER INTERSECTION COLLISIONS,REAR END,STRAIGHT & LEVEL,DARK (UNKNOWN ROADWAY LIGHTING),,,11/6/2020 9:39:25 AM,False,5039,Accepted,
27438260,0568000,LOUISVILLE METRO POLICE DEPT,Accepted,JEFFERSON,KY0841,,GENE SNYDER,FWY,,,,,,,,38.320122590,-85.610439262,36.321,9/18/2020 12:00:00 AM,2351,2,2,0,0,CLOUDY,DRY,True,REAR END IN TRAFFIC LANES BOTH VEHICLES MOVING,REAR END,STRAIGHT & LEVEL,DARK-HWY LIGHTED/OFF,,,11/10/2020 8:18:02 AM,True,5155,Accepted,
27306365,0568000,LOUISVILLE METRO POLICE DEPT,Accepted,JEFFERSON,I 0264,,I264 E,,,,,,,,,38.225312837,-85.641990984,17.542,9/18/2020 12:00:00 AM,1730,2,2,0,1,CLEAR,DRY,False,REAR END IN TRAFFIC LANES BOTH VEHICLES MOVING,REAR END,STRAIGHT & LEVEL,DAYLIGHT,,,10/8/2020 8:21:03 AM,False,2738,Accepted,
27258368,0568000,LOUISVILLE METRO POLICE DEPT,Accepted,JEFFERSON,KY0864,,POPLAR LEVEL,RD,,,,,TAYLOR,,MERCER,38.201298334,-85.709628136,11.736,9/18/2020 12:00:00 AM,1606,2,2,0,1,CLEAR,DRY,False,REAR END IN TRAFFIC LANES BOTH VEHICLES MOVING,REAR END,STRAIGHT & LEVEL,DAYLIGHT,,,9/26/2020 5:46:51 PM,False,7938,Accepted,
27258369,0568000,LOUISVILLE METRO POLICE DEPT,Accepted,JEFFERSON,US0042,,BROWNSBORO,RD,,,BIRCHWOOD,,,,,38.259564214,-85.692607145,2.364,9/18/2020 12:00:00 AM,1826,3,3,0,3,CLEAR,DRY,False,ANGLE COLLISION - OTHER,ANGLE,STRAIGHT & LEVEL,DAYLIGHT,,,9/26/2020 5:46:54 PM,False,7746,Accepted,
27237581,0564500,PROSPECT POLICE DEPARTMENT,Accepted,JEFFERSON,KY3222,,ROSE ISLAND,RD,,,,,,,,38.367602834,-85.617766943,0.961,9/18/2020 12:00:00 AM,2355,1,1,0,2,CLEAR,DRY,False,COLLISION WITH FIXED OBJECT NON - INTERSECTION - FIRST EVENT COLLISION 09 - 32 EXCLUDING 16,SINGLE VEHICLE,CURVE & LEVEL,DARK-HWY NOT LIGHTED,,,9/21/2020 2:42:28 PM,False,1154,Accepted,
27249320,0568000,LOUISVILLE METRO POLICE DEPT,Accepted,JEFFERSON,KY1931,,7TH ST,RD,,,TENNESSEE,,,,,38.217343019,-85.780296527,10.252,9/18/2020 12:00:00 AM,1541,2,2,0,0,CLEAR,DRY,True,SIDESWIPE-SAME DIRECTION,SIDESWIPE-SAME DIRECTION,STRAIGHT & LEVEL,DAYLIGHT,,,9/24/2020 8:09:51 AM,False,5123,Accepted,
27235952,0568000,LOUISVILLE METRO POLICE DEPT,Accepted,JEFFERSON,KY1934,,CANE RUN,RD,,,HARTLAGE,,,,,38.200365890,-85.836054288,9.295,9/18/2020 12:00:00 AM,1358,2,1,0,1,CLEAR,DRY,False,COLLISION WITH BICYCLE IN INTERSECTION,SINGLE VEHICLE,STRAIGHT & LEVEL,DAYLIGHT,,,9/21/2020 9:11:44 AM,False,5257,Accepted,
27235993,0568000,LOUISVILLE METRO POLICE DEPT,Accepted,JEFFERSON,I 0264,,I264 E,,,,,,,,,38.230850386,-85.631354895,18.235,9/18/2020 12:00:00 AM,1730,3,3,0,0,CLEAR,DRY,False,REAR END IN TRAFFIC LANES BOTH VEHICLES MOVING,REAR END,STRAIGHT & LEVEL,DAYLIGHT,,,9/21/2020 9:13:57 AM,False,5304,Accepted,
27235984,0568000,LOUISVILLE METRO POLICE DEPT,Accepted,JEFFERSON,US0031W,,22ND,ST,S,KY2054,ALGONQUIN,,,,,38.223414617,-85.795067646,17.729,9/18/2020 12:00:00 AM,2358,2,2,0,0,CLEAR,DRY,True,OTHER INTERSECTION COLLISIONS,REAR END,STRAIGHT & LEVEL,DARK (UNKNOWN ROADWAY LIGHTING),,,9/21/2020 9:13:24 AM,False,5039,Accepted,
27235999,0568000,LOUISVILLE METRO POLICE DEPT,Accepted,JEFFERSON,,1535,LONGFIELD,AVE,,,,,,,,38.198753992,-85.788166797,1.073,9/18/2020 12:00:00 AM,1957,2,2,0,0,CLEAR,DRY,False,1 VEHICLE PARKED POSITION (NOT PARKING LOT/DRIVEWAY),SIDESWIPE-SAME DIRECTION,STRAIGHT & LEVEL,DUSK,,,9/21/2020 9:14:18 AM,False,5287,Accepted,
27235933,0568000,LOUISVILLE METRO POLICE DEPT,Accepted,JEFFERSON,US0060A,,LEXINGTON,RD,,,BAUER,,,,,38.251713792,-85.660912479,10.338,9/18/2020 12:00:00 AM,1517,2,2,0,0,CLEAR,DRY,False,OPPOSING LEFT TURN,OPPOSING LEFT TURN,STRAIGHT & LEVEL,DAYLIGHT,,,9/21/2020 9:10:29 AM,False,7028,Accepted,
27235940,0568000,LOUISVILLE METRO POLICE DEPT,Accepted,JEFFERSON,,,28TH,ST,S,,,,,,,38.236800993,-85.800524000,1.688,9/18/2020 12:00:00 AM,1725,2,1,0,1,CLEAR,DRY,True,COLLISION WITH PEDESTRIAN NON - INTERSECTION,SINGLE VEHICLE,STRAIGHT & LEVEL,DAYLIGHT,,,9/21/2020 9:11:05 AM,False,5179,Accepted,
27235942,0568000,LOUISVILLE METRO POLICE DEPT,Accepted,JEFFERSON,,242,STEEDLY,DR,,,,,,,,38.162260298,-85.760583225,0.333,9/18/2020 12:00:00 AM,2056,2,1,0,1,CLEAR,DRY,False,COLLISION WITH PEDESTRIAN NON - INTERSECTION,SINGLE VEHICLE,STRAIGHT & LEVEL,DARK-HWY LIGHTED/ON,,,9/21/2020 9:11:15 AM,False,5209,Accepted,
27235948,0568000,LOUISVILLE METRO POLICE DEPT,Accepted,JEFFERSON,,,CHESTNUT,ST,W,,26TH,,,,,38.253004776,-85.794501580,0.352,9/18/2020 12:00:00 AM,2331,2,1,0,0,CLEAR,DRY,True,COLLISION WITH PEDESTRIAN IN INTERSECTION,SINGLE VEHICLE,STRAIGHT & LEVEL,DARK-HWY LIGHTED/ON,,,9/21/2020 9:11:27 AM,False,5021,Accepted,
27235950,0568000,LOUISVILLE METRO POLICE DEPT,Accepted,JEFFERSON,I 0264,,I264 E,,,,,I 0264,I264 E EXIT18 ON RAMP FROM KY1932 N,I 0064,I64 E EXIT19A RAMP TO I64 E,38.231571755,-85.630102139,18.320,9/18/2020 12:00:00 AM,1720,2,2,0,0,CLEAR,DRY,False,SIDESWIPE COLLISION - SAME DIRECTION,SIDESWIPE-SAME DIRECTION,STRAIGHT & LEVEL,DAYLIGHT,,,9/21/2020 9:11:35 AM,False,5288,Accepted,
27235799,0560600,WEST BUECHEL POLICE DEPT.,Accepted,JEFFERSON,US0031E,3616,BUECHEL,BYP,,,,,,,,38.199525959,-85.662215760,11.088,9/18/2020 12:00:00 AM,1410,2,2,0,1,CLEAR,DRY,False,1 VEHICLE ENTERING/LEAVING ENTRANCE,ANGLE,STRAIGHT & LEVEL,DAYLIGHT,,,9/21/2020 8:37:10 AM,False,1272,Accepted,
27245288,0568000,LOUISVILLE METRO POLICE DEPT,Accepted,JEFFERSON,,620,LOCUST,LN,,,,,MERHOFF,KY0061,PRESTON,38.207009168,-85.741618449,0.361,9/18/2020 12:00:00 AM,0836,2,2,0,0,CLEAR,DRY,False,1 VEHICLE PARKED POSITION (NOT PARKING LOT/DRIVEWAY),BACKING,STRAIGHT & LEVEL,DAYLIGHT,,,9/23/2020 8:02:59 AM,False,7938,Accepted,
27235927,0568000,LOUISVILLE METRO POLICE DEPT,Accepted,JEFFERSON,,,LIBERTY,ST,E,KY0061,JACKSON,,,,,38.251132028,-85.744587717,0.432,9/18/2020 12:00:00 AM,1257,2,2,0,0,CLEAR,DRY,False,ANGLE COLLISION - OTHER,ANGLE,STRAIGHT & LEVEL,DAYLIGHT,,,9/21/2020 9:10:03 AM,False,7216,Accepted,
27235934,0568000,LOUISVILLE METRO POLICE DEPT,Accepted,JEFFERSON,,,5TH,ST,S,,CHESTNUT,,,,,38.249124384,-85.759528953,3.274,9/18/2020 12:00:00 AM,1229,2,2,0,6,CLEAR,DRY,False,ANGLE COLLISION - OTHER,ANGLE,STRAIGHT & LEVEL,DAYLIGHT,,,9/21/2020 9:10:33 AM,False,5173,Accepted,
27235935,0568000,LOUISVILLE METRO POLICE DEPT,Accepted,JEFFERSON,,,DIXIE,HWY,,KY2054,ALGONQUIN,,,,,38.223245647,-85.792485490,1.862,9/18/2020 12:00:00 AM,1649,3,3,0,1,CLEAR,DRY,False,OTHER INTERSECTION COLLISIONS,REAR END,STRAIGHT & LEVEL,DAYLIGHT,,,9/21/2020 9:10:39 AM,False,7091,Accepted,
27225941,0568000,LOUISVILLE METRO POLICE DEPT,Accepted,JEFFERSON,KY1450,,BLUE LICK,RD,,,OLD SCHOOL HOUSE,,,,,38.102573850,-85.693661058,1.192,9/18/2020 12:00:00 AM,0200,1,1,0,0,CLEAR,DRY,False,OTHER INTERSECTION COLLISIONS,SINGLE VEHICLE,CURVE & LEVEL,DARK-HWY LIGHTED/OFF,,,9/18/2020 8:08:30 AM,False,5115,Accepted,
27225946,0568000,LOUISVILLE METRO POLICE DEPT,Accepted,JEFFERSON,I 0065,,I265N AT I65N,,,,,,,,,38.115013806,-85.707724064,0.127,9/18/2020 12:00:00 AM,0449,1,1,0,0,CLEAR,DRY,False,COLLISION WITH FIXED OBJECT NOT IN GORE ,SINGLE VEHICLE,CURVE & LEVEL,DARK-HWY LIGHTED/ON,I 0065,I 0065,9/18/2020 8:09:14 AM,False,5270,Accepted,
27235917,0568000,LOUISVILLE METRO POLICE DEPT,Accepted,JEFFERSON,,77504,FEYHURST,DR,,,,,,,,38.144811682,-85.858197314,0.034,9/18/2020 12:00:00 AM,0640,4,4,0,0,CLEAR,DRY,True,COLLISION IN PARKING LOT,HEAD ON,STRAIGHT & HILLCREST,DARK-HWY LIGHTED/OFF,,,9/21/2020 9:09:13 AM,False,7362,Accepted,
27235918,0568000,LOUISVILLE METRO POLICE DEPT,Accepted,JEFFERSON,I 0064,,,,,,,,,,,38.260760296,-85.732131752,0.068,9/18/2020 12:00:00 AM,0809,2,2,0,0,CLEAR,DRY,False,OTHER RAMP RELATED COLLISIONS NOT LISTED ABOVE,SIDESWIPE-SAME DIRECTION,CURVE & LEVEL,DAYLIGHT,I 0064,I 0071,9/21/2020 9:09:25 AM,False,4903,Accepted,
27235964,0568000,LOUISVILLE METRO POLICE DEPT,Accepted,JEFFERSON,,410,MOCKINGBIRD VALLEY,RD,,,,,,,,38.275885217,-85.692724371,1.373,9/18/2020 12:00:00 AM,1413,2,2,0,0,CLEAR,DRY,False,COLLISION IN PARKING LOT,BACKING,STRAIGHT & LEVEL,DAYLIGHT,,,9/21/2020 9:12:18 AM,False,7043,Accepted,
27235953,0568000,LOUISVILLE METRO POLICE DEPT,Accepted,JEFFERSON,KY2054,,ALGONQUIN,PKWY,,US0060A,WINKLER,,,,,38.210951110,-85.769675975,3.291,9/18/2020 12:00:00 AM,2247,1,1,0,0,OTHER,DRY,False,COLLISION WITH FIXED OBJECT IN INTERSECTION - FIRST EVENT COLLISION 09 - 32,SINGLE VEHICLE,STRAIGHT & LEVEL,DARK-HWY LIGHTED/ON,,,9/21/2020 9:11:48 AM,False,5205,Accepted,
27235954,0568000,LOUISVILLE METRO POLICE DEPT,Accepted,JEFFERSON,KY0864,,LOGAN,ST,,,LAMPTON,,,,,38.241185607,-85.738777904,15.168,9/18/2020 12:00:00 AM,1127,2,2,0,0,CLEAR,DRY,False,ANGLE COLLISION - OTHER,ANGLE,STRAIGHT & LEVEL,DAYLIGHT,,,9/21/2020 9:11:52 AM,False,5328,Accepted,
27235922,0568000,LOUISVILLE METRO POLICE DEPT,Accepted,JEFFERSON,,628,BIRCHWOOD,AVE,N,,LINDSAY,,,,,38.264781641,-85.697052367,0.777,9/18/2020 12:00:00 AM,1046,1,1,0,0,CLEAR,DRY,False,COLLISION WITH FIXED OBJECT IN INTERSECTION - FIRST EVENT COLLISION 09 - 32,SINGLE VEHICLE,STRAIGHT & HILLCREST,DAYLIGHT,,,9/21/2020 9:09:47 AM,False,7028,Accepted,
27235931,0568000,LOUISVILLE METRO POLICE DEPT,Accepted,JEFFERSON,,,16TH,ST,S,,MAGAZINE,,,,,38.249873325,-85.778038934,0.621,9/18/2020 12:00:00 AM,1300,2,2,0,0,CLEAR,DRY,True,ANGLE COLLISION - OTHER,ANGLE,STRAIGHT & LEVEL,DAYLIGHT,,,9/21/2020 9:10:16 AM,False,7479,Accepted,
27235939,0568000,LOUISVILLE METRO POLICE DEPT,Accepted,JEFFERSON,KY1934,,GREENBELT,HWY,,,,,,,,38.157146956,-85.884701115,5.175,9/18/2020 12:00:00 AM,1744,2,2,0,0,CLEAR,DRY,False,1 VEHICLE ENTERING/LEAVING ENTRANCE,ANGLE,STRAIGHT & LEVEL,DAYLIGHT,,,9/21/2020 9:11:01 AM,False,7234,Accepted,
27235972,0568000,LOUISVILLE METRO POLICE DEPT,Accepted,JEFFERSON,KY1865,,TAYLOR,BLVD,,,LEHIGH,,,,,38.180590925,-85.783410656,5.092,9/18/2020 12:00:00 AM,0946,2,2,0,0,CLEAR,DRY,False,HEAD-ON COLLISION,HEAD ON,STRAIGHT & LEVEL,DAYLIGHT,,,9/21/2020 9:12:41 AM,False,5317,Accepted,
27225945,0568000,LOUISVILLE METRO POLICE DEPT,Accepted,JEFFERSON,,8908,SHEPHERDSVILLE,RD,,,,,,,,38.129626345,-85.661588735,0.695,9/18/2020 12:00:00 AM,0545,1,1,0,0,CLEAR,DRY,False,OTHER ROADWAY OR MID-BLOCK COLLISION,SINGLE VEHICLE,STRAIGHT & HILLCREST,DARK-HWY NOT LIGHTED,,,9/18/2020 8:09:08 AM,False,5107,Accepted,
27235986,0568000,LOUISVILLE METRO POLICE DEPT,Accepted,JEFFERSON,I 0264,,I264 E,,,,,,,,,38.199788107,-85.699906707,13.888,9/18/2020 12:00:00 AM,1745,2,2,0,0,CLEAR,DRY,False,REAR END IN TRAFFIC LANES BOTH VEHICLES MOVING,REAR END,STRAIGHT & LEVEL,DAYLIGHT,,,9/21/2020 9:13:33 AM,False,2738,Accepted,
27235928,0568000,LOUISVILLE METRO POLICE DEPT,Accepted,JEFFERSON,US0031E,727,MARKET,ST,E,,,,,,,38.253348076,-85.739304567,17.006,9/18/2020 12:00:00 AM,1225,3,3,0,0,CLEAR,DRY,False,1 VEHICLE ENTERING/LEAVING ENTRANCE,ANGLE,STRAIGHT & LEVEL,DAYLIGHT,,,9/21/2020 9:10:08 AM,False,2403,Accepted,
27235936,0568000,LOUISVILLE METRO POLICE DEPT,Accepted,JEFFERSON,KY1931,,GREENWOOD,RD,,KY1727,TERRY,,,,,38.144724915,-85.870178490,1.473,9/18/2020 12:00:00 AM,1803,2,2,0,0,CLEAR,DRY,False,ANGLE COLLISION - OTHER,ANGLE,STRAIGHT & LEVEL,DAYLIGHT,,,9/21/2020 9:10:44 AM,False,5326,Accepted,
27235937,0568000,LOUISVILLE METRO POLICE DEPT,Accepted,JEFFERSON,I 0265,,I265 E,,,,,,,,,38.110964050,-85.673243942,11.843,9/18/2020 12:00:00 AM,1730,3,3,0,0,CLEAR,DRY,False,REAR END IN TRAFFIC LANES BOTH VEHICLES MOVING,REAR END,STRAIGHT & LEVEL,DAYLIGHT,,,9/21/2020 9:10:52 AM,False,7914,Accepted,
27235938,0568000,LOUISVILLE METRO POLICE DEPT,Accepted,JEFFERSON,US0031,,CLARK MEMORIAL,BRG,,,,,,,,38.267800420,-85.750740992,0.810,9/18/2020 12:00:00 AM,1744,1,1,0,0,CLEAR,DRY,False,COLLISION WITH FIXED OBJECT NON - INTERSECTION - FIRST EVENT COLLISION 09 - 32 EXCLUDING 16,SINGLE VEHICLE,STRAIGHT & LEVEL,DAYLIGHT,,,9/21/2020 9:10:57 AM,False,7148,Accepted,
27235945,0568000,LOUISVILLE METRO POLICE DEPT,Accepted,JEFFERSON,KY1934,,GREENBELT,HWY,,,BETHANY,,,,,38.104188112,-85.893215089,1.455,9/18/2020 12:00:00 AM,2005,2,2,0,5,CLEAR,DRY,False,HEAD-ON COLLISION,HEAD ON,STRAIGHT & LEVEL,DUSK,,,9/21/2020 9:11:19 AM,False,5033,Accepted,
27282269,0568000,LOUISVILLE METRO POLICE DEPT,Accepted,JEFFERSON,KY2801,,SOUTHERN HEIGHTS,AVE,W,,3RD,,,,,38.189205721,-85.764872097,0.084,9/18/2020 12:00:00 AM,1722,1,1,0,0,CLEAR,DRY,False,OTHER INTERSECTION COLLISIONS,SINGLE VEHICLE,STRAIGHT & LEVEL,DAYLIGHT,,,10/2/2020 12:52:41 PM,False,5317,Accepted,
27291687,0568000,LOUISVILLE METRO POLICE DEPT,Accepted,JEFFERSON,I 0264,,I264 W,,,I 0264,I264 W EXIT9 OFF RAMP TO KY1865,,,,,38.188431773,-85.784716947,9.149,9/18/2020 12:00:00 AM,2100,1,1,0,1,CLEAR,DRY,False,COLLISION WITH FIXED OBJECT IN INTERSECTION - FIRST EVENT COLLISION 09 - 32,SINGLE VEHICLE,STRAIGHT & LEVEL,DAYLIGHT,,,10/5/2020 9:27:20 AM,False,5205,Accepted,
27225918,0568000,LOUISVILLE METRO POLICE DEPT,Accepted,JEFFERSON,I 0264,,I264 E,,,,,,,,,38.234169000,-85.819291853,3.207,9/17/2020 12:00:00 AM,1137,2,2,0,0,CLEAR,DRY,False,SIDESWIPE COLLISION - SAME DIRECTION,SIDESWIPE-SAME DIRECTION,CURVE & LEVEL,DAYLIGHT,,,9/18/2020 8:06:31 AM,False,4903,Accepted,
27225919,0568000,LOUISVILLE METRO POLICE DEPT,Accepted,JEFFERSON,KY0155,,TAYLORSVILLE,RD,,,,,,,,38.219142428,-85.611934671,12.575,9/17/2020 12:00:00 AM,1225,2,2,0,0,CLEAR,DRY,False,REAR END IN TRAFFIC LANES BOTH VEHICLES MOVING,REAR END,STRAIGHT & LEVEL,DAYLIGHT,,,9/18/2020 8:06:37 AM,False,4693,Accepted,
27225937,0568000,LOUISVILLE METRO POLICE DEPT,Accepted,JEFFERSON,,,MUHAMMAD ALI,BLVD,W,US0031W,DR W J HODGE,,,,,38.254293851,-85.786020739,1.806,9/17/2020 12:00:00 AM,2045,2,2,0,0,CLEAR,DRY,False,COLLISION WITH PARKED VEHICLE,SIDESWIPE-SAME DIRECTION,STRAIGHT & LEVEL,DARK-HWY LIGHTED/ON,,,9/18/2020 8:08:14 AM,False,5008,Accepted,
27235994,0568000,LOUISVILLE METRO POLICE DEPT,Accepted,JEFFERSON,,,ROY WILKINS,AVE,,,,,ESQUIRE,US0150,BROADWAY,38.247448709,-85.766573539,0.706,9/17/2020 12:00:00 AM,1150,2,2,0,1,CLEAR,DRY,False,SIDESWIPE COLLISION - SAME DIRECTION,SIDESWIPE-SAME DIRECTION,STRAIGHT & LEVEL,DAYLIGHT,,,9/21/2020 9:14:01 AM,False,7229,Accepted,
27225920,0568000,LOUISVILLE METRO POLICE DEPT,Accepted,JEFFERSON,KY2052,,SHEPHERDSVILLE,RD,,,MONACO,,,,,38.140423362,-85.658010718,0.091,9/17/2020 12:00:00 AM,1252,2,2,0,1,CLEAR,DRY,False,ANGLE COLLISION - ONE VEHICLE TURNING LEFT,ANGLE,STRAIGHT & HILLCREST,DAYLIGHT,,,9/18/2020 8:06:45 AM,False,7914,Accepted,
27225934,0568000,LOUISVILLE METRO POLICE DEPT,Accepted,JEFFERSON,KY1747,,FERN VALLEY,RD,,,,I 0065,I65 N EXIT128 OFF RAMP TO KY1631,KY6319,SIGNATURE,38.157322681,-85.715253924,0.927,9/17/2020 12:00:00 AM,1414,2,2,0,0,CLEAR,DRY,True,SIDESWIPE COLLISION - SAME DIRECTION,SIDESWIPE-SAME DIRECTION,STRAIGHT & LEVEL,DAYLIGHT,,,9/18/2020 8:07:44 AM,False,2308,Accepted,
27225935,0568000,LOUISVILLE METRO POLICE DEPT,Accepted,JEFFERSON,,,JANE,ST,S,US0060,FRANKFORT,,,,,38.253334508,-85.703148791,0.003,9/17/2020 12:00:00 AM,1826,2,2,0,0,CLEAR,DRY,False,VEHICLE BACKING IN INTERSECTION,BACKING,STRAIGHT & LEVEL,DAYLIGHT,,,9/18/2020 8:07:56 AM,False,7900,Accepted,
27225936,0568000,LOUISVILLE METRO POLICE DEPT,Accepted,JEFFERSON,US0031W,,DIXIE,HWY,,,,,,,,38.168555308,-85.828584760,13.269,9/17/2020 12:00:00 AM,1312,2,1,0,1,CLEAR,DRY,False,COLLISION WITH PEDESTRIAN NON - INTERSECTION,SINGLE VEHICLE,STRAIGHT & LEVEL,DAYLIGHT,,,9/18/2020 8:08:02 AM,False,7234,Accepted,
27225942,0568000,LOUISVILLE METRO POLICE DEPT,Accepted,JEFFERSON,,,GARLAND,AVE,,US0031W,22ND,,,,,38.244096653,-85.789105908,1.214,9/17/2020 12:00:00 AM,2325,2,2,0,1,CLEAR,DRY,False,ANGLE COLLISION - OTHER,ANGLE,STRAIGHT & LEVEL,DARK-HWY LIGHTED/ON,,,9/18/2020 8:08:36 AM,False,5292,Accepted,
27225943,0568000,LOUISVILLE METRO POLICE DEPT,Accepted,JEFFERSON,,,3RD,ST,S,,TENNY,,,,,38.176936962,-85.767060977,1.512,9/17/2020 12:00:00 AM,2209,2,2,0,0,CLEAR,DRY,False,ANGLE COLLISION - OTHER,ANGLE,STRAIGHT & LEVEL,DARK-HWY LIGHTED/ON,,,9/18/2020 8:08:51 AM,False,5245,Accepted,
27235925,0568000,LOUISVILLE METRO POLICE DEPT,Accepted,JEFFERSON,KY0022,,BROWNSBORO,RD,,,CHAMBERLAIN,,,,,38.312861927,-85.567365301,4.455,9/17/2020 12:00:00 AM,1700,2,2,0,0,CLOUDY,DRY,True,OTHER INTERSECTION COLLISIONS,REAR END,STRAIGHT & LEVEL,DAYLIGHT,,,9/21/2020 9:09:59 AM,False,7751,Accepted,
27225947,0568000,LOUISVILLE METRO POLICE DEPT,Accepted,JEFFERSON,KY1865,5523,NEW CUT,RD,,,,,,,,38.143871195,-85.774786078,2.382,9/17/2020 12:00:00 AM,2018,2,2,0,0,CLEAR,DRY,True,OTHER ROADWAY OR MID-BLOCK COLLISION,REAR END,STRAIGHT & LEVEL,DARK-HWY LIGHTED/ON,,,9/18/2020 8:09:22 AM,False,5259,Accepted,