IncidentID,AgencyORI,AgencyName,IncidentStatusDesc,County,RdwyNumber,Street,RoadwayName,StreetSfx,StreetDir,IntersectionRdwy,IntersectionRdwyName,BetweenStRdwy1,BetweenStRdwyName1,BetweenStRdwy2,BetweenStRdwyName2,Latitude,Longitude,Milepoint,CollisionDate,CollisionTime,UnitsInvolved,MotorVehiclesInvolved,NumberKilled,NumberInjured,Weather,RdwyConditionCode,HitandRun,DirAnalysisCode,MannerofCollision,RdwyCharacter,LightCondition,RampFromRdwyId,RampToRdwyId,AcceptedDate,IsSecondaryCollision,OwnerBadge,IncidentStatus,
27225938,0566900,LOUISVILLE AIRPORT POLICE,Accepted,JEFFERSON,,,LOUISVILLE INTL-STANDIFORD FIELD,,,,,,,,,38.177311219,-85.733322882,,9/17/2020 12:00:00 AM,1500,2,2,0,0,CLEAR,DRY,False,COLLISION IN PARKING LOT,BACKING,STRAIGHT & LEVEL,DAYLIGHT,,,9/18/2020 8:08:21 AM,False,5832,Accepted,
27225939,0568000,LOUISVILLE METRO POLICE DEPT,Accepted,JEFFERSON,US0031E,,BAXTER,AVE,,,LIBERTY,,,,,38.249802971,-85.731716780,16.420,9/17/2020 12:00:00 AM,0750,2,2,0,2,CLEAR,DRY,False,ANGLE COLLISION - OTHER,ANGLE,STRAIGHT & LEVEL,DAYLIGHT,,,9/18/2020 8:08:22 AM,False,7239,Accepted,
27225913,0568000,LOUISVILLE METRO POLICE DEPT,Accepted,JEFFERSON,US0031E,,BARDSTOWN,RD,,,,,,,,38.123621462,-85.573674800,3.575,9/17/2020 12:00:00 AM,0740,2,2,0,0,CLEAR,DRY,False,REAR END IN TRAFFIC LANES BOTH VEHICLES MOVING,REAR END,STRAIGHT & LEVEL,DAYLIGHT,,,9/18/2020 8:06:18 AM,False,4693,Accepted,
27225922,0568000,LOUISVILLE METRO POLICE DEPT,Accepted,JEFFERSON,,,WINKLER,AVE,,US0060A,TAYLOR,,,,,38.210864058,-85.770758458,0.012,9/17/2020 12:00:00 AM,1414,2,2,0,0,CLEAR,DRY,True,ANGLE COLLISION - OTHER,ANGLE,STRAIGHT & LEVEL,DAYLIGHT,,,9/18/2020 8:07:00 AM,False,5052,Accepted,
27225929,0568000,LOUISVILLE METRO POLICE DEPT,Accepted,JEFFERSON,KY0061,,PRESTON,HWY,,,,,,,,38.179869976,-85.718240570,7.379,9/17/2020 12:00:00 AM,1800,3,3,0,1,CLEAR,DRY,False,REAR END IN TRAFFIC LANES BOTH VEHICLES MOVING,REAR END,STRAIGHT & GRADE,DAYLIGHT,,,9/18/2020 8:07:18 AM,False,5130,Accepted,
27240723,0568000,LOUISVILLE METRO POLICE DEPT,Accepted,JEFFERSON,KY0061,,PRESTON,ST,S,,GRAY,,,,,38.246579208,-85.747375427,12.335,9/17/2020 12:00:00 AM,0852,2,2,0,0,CLEAR,DRY,False,SIDESWIPE-SAME DIRECTION,SIDESWIPE-SAME DIRECTION,STRAIGHT & LEVEL,DAYLIGHT,,,9/22/2020 8:24:01 AM,False,7058,Accepted,
27236217,0568000,LOUISVILLE METRO POLICE DEPT,Accepted,JEFFERSON,KY1747,,FERN VALLEY,RD,,,,KY6319,SIGNATURE,,PARAMOUNT PARK,38.157214860,-85.713749679,1.012,9/17/2020 12:00:00 AM,1414,2,1,0,0,CLEAR,DRY,True,SIDESWIPE COLLISION - SAME DIRECTION,SIDESWIPE-SAME DIRECTION,STRAIGHT & LEVEL,DAYLIGHT,,,9/21/2020 10:00:47 AM,False,2308,Accepted,
27446869,0568000,LOUISVILLE METRO POLICE DEPT,Accepted,JEFFERSON,US0060,,SHELBYVILLE,RD,,,BURNSDALE,,,,,38.244673466,-85.554793938,9.063,9/17/2020 12:00:00 AM,1816,2,2,1,1,CLEAR,DRY,False,ANGLE COLLISION - ONE VEHICLE TURNING LEFT,ANGLE,STRAIGHT & HILLCREST,DAYLIGHT,,,11/12/2020 9:20:44 AM,False,7628,Accepted,
27221286,0568000,LOUISVILLE METRO POLICE DEPT,Accepted,JEFFERSON,,,26TH,ST,S,,MUHAMMAD ALI,,,,,38.255229292,-85.794280641,0.382,9/16/2020 12:00:00 AM,2309,2,2,0,1,CLEAR,DRY,False,ANGLE COLLISION - ONE VEHICLE TURNING RIGHT,ANGLE,STRAIGHT & LEVEL,DARK-HWY LIGHTED/ON,,,9/17/2020 8:05:52 AM,False,5162,Accepted,
27221275,0568000,LOUISVILLE METRO POLICE DEPT,Accepted,JEFFERSON,KY0061,,PRESTON,HWY,,,ANTLE,,,,,38.087506213,-85.667776892,0.260,9/16/2020 12:00:00 AM,0805,2,2,0,2,CLEAR,DRY,False,OPPOSING LEFT TURN,OPPOSING LEFT TURN,STRAIGHT & LEVEL,DAYLIGHT,,,9/17/2020 8:05:05 AM,False,4693,Accepted,
27221276,0568000,LOUISVILLE METRO POLICE DEPT,Accepted,JEFFERSON,I 0264,,I264 W,,,,,,,,,38.250231533,-85.806841252,1.843,9/16/2020 12:00:00 AM,1337,2,2,0,0,CLEAR,DRY,True,SIDESWIPE COLLISION - SAME DIRECTION,SIDESWIPE-SAME DIRECTION,CURVE & LEVEL,DAYLIGHT,,,9/17/2020 8:05:11 AM,False,5161,Accepted,
27221277,0568000,LOUISVILLE METRO POLICE DEPT,Accepted,JEFFERSON,I 0264,,I264 W,,,,,I 0264,I264 W EXIT2 OFF RAMP TO  MUHAMMAD ALI BLVD,I 0264,I264 W EXIT3 ON RAMP FROM  VIRGINIA AVE,38.249437324,-85.807147922,1.954,9/16/2020 12:00:00 AM,1345,2,2,0,0,CLEAR,DRY,False,OTHER ROADWAY OR MID-BLOCK COLLISION,REAR END,CURVE & LEVEL,DAYLIGHT,,,9/17/2020 8:05:16 AM,False,7328,Accepted,
27221278,0568000,LOUISVILLE METRO POLICE DEPT,Accepted,JEFFERSON,,,16TH,ST,N,,ROWAN,,,,,38.260158414,-85.776151040,0.143,9/16/2020 12:00:00 AM,1338,2,2,0,0,CLEAR,DRY,False,ANGLE COLLISION - OTHER,ANGLE,STRAIGHT & LEVEL,DAYLIGHT,,,9/17/2020 8:05:21 AM,False,7940,Accepted,
27218462,0561000,JEFFERSONTOWN POLICE DEPT,Accepted,JEFFERSON,,,BAYPORT,RD,,,GAUDET,,,,,38.183496136,-85.564010493,0.387,9/16/2020 12:00:00 AM,1335,2,2,0,0,CLEAR,DRY,True,ANGLE COLLISION - OTHER,ANGLE,STRAIGHT & LEVEL,DAYLIGHT,,,9/16/2020 3:04:26 PM,False,8300,Accepted,
27221270,0568000,LOUISVILLE METRO POLICE DEPT,Accepted,JEFFERSON,KY1020,,2ND,ST,S,,GUTHRIE,,,,,38.249664985,-85.754426977,12.363,9/16/2020 12:00:00 AM,0808,2,2,0,1,CLEAR,DRY,False,OTHER INTERSECTION COLLISIONS,REAR END,STRAIGHT & LEVEL,DAYLIGHT,,,9/17/2020 8:04:33 AM,False,5105,Accepted,
27249316,0568000,LOUISVILLE METRO POLICE DEPT,Accepted,JEFFERSON,KY1020,6502,SOUTHSIDE,DR,,,,,ARBOR,,CAMBRIDGE,38.162015986,-85.764845503,6.285,9/16/2020 12:00:00 AM,1259,2,2,0,4,CLOUDY,DRY,False,HEAD-ON COLLISION,HEAD ON,STRAIGHT & LEVEL,DAYLIGHT,,,9/24/2020 8:09:30 AM,False,2217,Accepted,
27221287,0568000,LOUISVILLE METRO POLICE DEPT,Accepted,JEFFERSON,KY1932,,BRECKENRIDGE,LN,,,SIX MILE,,,,,38.197582086,-85.625131443,1.131,9/16/2020 12:00:00 AM,2222,2,2,0,0,CLOUDY,DRY,False,OTHER INTERSECTION COLLISIONS,REAR END,STRAIGHT & GRADE,DARK-HWY NOT LIGHTED,,,9/17/2020 8:05:57 AM,False,7851,Accepted,
27221282,0568000,LOUISVILLE METRO POLICE DEPT,Accepted,JEFFERSON,KY1020,,NATIONAL,TPKE,,KY0841,GENE SNYDER,,,,,38.116881548,-85.747889210,3.004,9/16/2020 12:00:00 AM,1813,2,2,0,0,CLEAR,DRY,False,ANGLE COLLISION - OTHER,ANGLE,STRAIGHT & LEVEL,DAYLIGHT,,,9/17/2020 8:05:39 AM,False,5329,Accepted,
27225909,0568000,LOUISVILLE METRO POLICE DEPT,Accepted,JEFFERSON,KY1819,,BILLTOWN,RD,,,,,,,,38.151584304,-85.552286001,5.701,9/16/2020 12:00:00 AM,0850,2,2,0,0,CLOUDY,DRY,False,1 VEHICLE PARKED POSITION (NOT PARKING LOT/DRIVEWAY),HEAD ON,STRAIGHT & HILLCREST,DAWN,,,9/18/2020 8:06:05 AM,False,5336,Accepted,
27225910,0568000,LOUISVILLE METRO POLICE DEPT,Accepted,JEFFERSON,US0031W,,DIXIE,HWY,,,,,DEPOT,US0031W,DIXIE,38.028216479,-85.916096235,2.400,9/16/2020 12:00:00 AM,1554,2,2,0,0,CLOUDY,DRY,False,REAR END IN TRAFFIC LANES BOTH VEHICLES MOVING,REAR END,STRAIGHT & LEVEL,DAYLIGHT,,,9/18/2020 8:06:09 AM,False,7634,Accepted,
27225911,0568000,LOUISVILLE METRO POLICE DEPT,Accepted,JEFFERSON,KY1747,,HURSTBOURNE,PKWY,,,HAMES,,,,,38.166658305,-85.606448759,7.316,9/16/2020 12:00:00 AM,1917,2,2,0,0,CLEAR,DRY,False,ANGLE COLLISION - OTHER,ANGLE,STRAIGHT & LEVEL,DAYLIGHT,,,9/18/2020 8:06:13 AM,False,7755,Accepted,
27225917,0568000,LOUISVILLE METRO POLICE DEPT,Accepted,JEFFERSON,KY0841,,GENE SNYDER,FWY,,,,,,,,38.118005196,-85.761831248,6.894,9/16/2020 12:00:00 AM,1232,2,2,0,0,CLEAR,DRY,True,SIDESWIPE COLLISION - SAME DIRECTION,SIDESWIPE-SAME DIRECTION,STRAIGHT & LEVEL,DAYLIGHT,,,9/18/2020 8:06:26 AM,False,4903,Accepted,
27221272,0568000,LOUISVILLE METRO POLICE DEPT,Accepted,JEFFERSON,KY1020,,3RD,ST,S,,M,,,,,38.208850830,-85.763232363,9.771,9/16/2020 12:00:00 AM,1047,2,2,0,0,CLEAR,DRY,False,ANGLE COLLISION - OTHER,ANGLE,STRAIGHT & LEVEL,DAYLIGHT,,,9/17/2020 8:04:45 AM,False,2499,Accepted,
27221280,0568000,LOUISVILLE METRO POLICE DEPT,Accepted,JEFFERSON,I 0064,,I64 E EXIT12 TRANSIT,,,,,I 0064,I264 W EXIT19 TRANSIT,I 0264,I264 E,38.237740559,-85.624463438,0.307,9/16/2020 12:00:00 AM,1447,2,2,0,1,CLOUDY,DRY,False,SIDESWIPE COLLISION - SAME DIRECTION,SIDESWIPE-SAME DIRECTION,STRAIGHT & LEVEL,DAYLIGHT,,,9/17/2020 8:05:30 AM,False,7751,Accepted,
27216759,0568000,LOUISVILLE METRO POLICE DEPT,Accepted,JEFFERSON,KY1020,,2ND,ST,S,,LIBERTY,,,,,38.252696111,-85.753845202,12.572,9/16/2020 12:00:00 AM,0453,2,2,0,0,CLEAR,DRY,False,OTHER INTERSECTION COLLISIONS,REAR END,STRAIGHT & LEVEL,DARK-HWY LIGHTED/ON,,,9/16/2020 8:40:12 AM,False,7325,Accepted,
27291727,0568000,LOUISVILLE METRO POLICE DEPT,Accepted,JEFFERSON,,,26TH,ST,S,,DUMESNIL,,,,,38.236179097,-85.796434908,1.678,9/16/2020 12:00:00 AM,0645,2,2,0,0,CLEAR,DRY,True,HEAD-ON COLLISION,HEAD ON,STRAIGHT & LEVEL,DAWN,,,10/5/2020 9:31:36 AM,False,5054,Accepted,
27353843,0568000,LOUISVILLE METRO POLICE DEPT,Accepted,JEFFERSON,,,PARK,RD,S,KY0061,PRESTON,,,,,38.118056110,-85.677306376,0.003,9/15/2020 12:00:00 AM,1615,3,3,0,0,CLEAR,DRY,False,ANGLE COLLISION - OTHER,ANGLE,STRAIGHT & HILLCREST,DAYLIGHT,,,10/20/2020 8:12:31 AM,False,7269,Accepted,
27216725,0568000,LOUISVILLE METRO POLICE DEPT,Accepted,JEFFERSON,KY1747,,FERN VALLEY,RD,,KY0061,PRESTON,,,,,38.156800704,-85.696833940,1.943,9/15/2020 12:00:00 AM,0723,2,2,0,4,CLEAR,DRY,False,OPPOSING LEFT TURN,OPPOSING LEFT TURN,CURVE & LEVEL,DAYLIGHT,,,9/16/2020 8:37:43 AM,False,7669,Accepted,
27216726,0568000,LOUISVILLE METRO POLICE DEPT,Accepted,JEFFERSON,,,MUHAMMAD ALI,BLVD,W,,16TH,,,,,38.253319358,-85.777348392,1.363,9/15/2020 12:00:00 AM,1342,2,2,0,2,CLEAR,DRY,False,ANGLE COLLISION - OTHER,ANGLE,STRAIGHT & LEVEL,DAYLIGHT,,,9/16/2020 8:37:46 AM,False,5124,Accepted,
27216727,0568000,LOUISVILLE METRO POLICE DEPT,Accepted,JEFFERSON,,,PARK,BLVD,,,CRITTENDEN,,,,,38.192125467,-85.755142708,0.004,9/15/2020 12:00:00 AM,1220,2,2,0,0,CLEAR,DRY,True,ANGLE COLLISION - OTHER,ANGLE,STRAIGHT & LEVEL,DAYLIGHT,,,9/16/2020 8:37:50 AM,False,5317,Accepted,
27216728,0568000,LOUISVILLE METRO POLICE DEPT,Accepted,JEFFERSON,KY1065,,OUTER,LOOP,,,JUDGE,,,,,38.137805622,-85.669485138,7.009,9/15/2020 12:00:00 AM,1550,2,2,0,0,CLEAR,DRY,False,VEHICLE BACKING IN INTERSECTION,BACKING,STRAIGHT & LEVEL,DAYLIGHT,,,9/16/2020 8:37:53 AM,False,6933,Accepted,
27216734,0568000,LOUISVILLE METRO POLICE DEPT,Accepted,JEFFERSON,,735,GAGEL,AVE,,,,,,,,38.173139793,-85.807586899,0.701,9/15/2020 12:00:00 AM,1629,2,1,0,1,CLOUDY,DRY,True,COLLISION WITH PEDESTRIAN NON - INTERSECTION,SINGLE VEHICLE,STRAIGHT & LEVEL,DAYLIGHT,,,9/16/2020 8:38:30 AM,False,5328,Accepted,
27216735,0568000,LOUISVILLE METRO POLICE DEPT,Accepted,JEFFERSON,KY1931,,ST ANDREWS CHURCH,RD,,,BLANTON,,,,,38.151702458,-85.819594515,4.406,9/15/2020 12:00:00 AM,1255,2,2,0,1,CLEAR,DRY,False,REAR END - ONE VEHICLE TURNING LEFT,REAR END,STRAIGHT & LEVEL,DAYLIGHT,,,9/16/2020 8:38:33 AM,False,5326,Accepted,
27216736,0568000,LOUISVILLE METRO POLICE DEPT,Accepted,JEFFERSON,KY1065,,OUTER,LOOP,,,ALS,,,,,38.126324985,-85.774309099,1.118,9/15/2020 12:00:00 AM,1424,3,3,0,0,CLEAR,DRY,False,OTHER INTERSECTION COLLISIONS,REAR END,STRAIGHT & LEVEL,DAYLIGHT,,,9/16/2020 8:38:36 AM,False,5326,Accepted,
27216743,0568000,LOUISVILLE METRO POLICE DEPT,Accepted,JEFFERSON,KY2054,,ALGONQUIN,PKWY,,,MCCLOSKEY,,,,,38.222896785,-85.788042748,1.881,9/15/2020 12:00:00 AM,1359,2,2,0,3,CLEAR,DRY,False,ANGLE COLLISION - OTHER,ANGLE,STRAIGHT & LEVEL,DAYLIGHT,,,9/16/2020 8:38:59 AM,False,7091,Accepted,
27211662,0568000,LOUISVILLE METRO POLICE DEPT,Accepted,JEFFERSON,,9409,DORAL,CT,,,,,,,,38.222214256,-85.581734803,0.039,9/15/2020 12:00:00 AM,0040,2,2,0,0,CLEAR,DRY,True,1 VEHICLE PARKED POSITION (NOT PARKING LOT/DRIVEWAY),BACKING,STRAIGHT & LEVEL,DARK (UNKNOWN ROADWAY LIGHTING),,,9/15/2020 8:29:36 AM,False,5289,Accepted,
27211663,0568000,LOUISVILLE METRO POLICE DEPT,Accepted,JEFFERSON,KY1865,5444,NEW CUT,RD,,KY0907,SOUTHSIDE,,,,,38.147144675,-85.775535220,2.759,9/15/2020 12:00:00 AM,0259,2,2,0,0,CLEAR,DRY,True,ANGLE COLLISION - ONE VEHICLE TURNING RIGHT,ANGLE,STRAIGHT & LEVEL,DARK-HWY LIGHTED/ON,,,9/15/2020 8:29:40 AM,False,5293,Accepted,
27216720,0568000,LOUISVILLE METRO POLICE DEPT,Accepted,JEFFERSON,US0031W,,DIXIE,HWY,,KY1849,MOORMAN,,,,,38.085448650,-85.879878314,6.942,9/15/2020 12:00:00 AM,1019,2,2,0,1,CLOUDY,DRY,False,ANGLE COLLISION - OTHER,ANGLE,STRAIGHT & LEVEL,DAYLIGHT,,,9/16/2020 8:37:22 AM,False,2098,Accepted,
27221281,0568000,LOUISVILLE METRO POLICE DEPT,Accepted,JEFFERSON,,1409,ENGLISH STATION,RD,S,,,,,,,38.218154568,-85.488166108,2.615,9/15/2020 12:00:00 AM,0651,1,1,0,1,CLEAR,DRY,False,COLLISION WITH FIXED OBJECT NON - INTERSECTION - FIRST EVENT COLLISION 09 - 32 EXCLUDING 16,SINGLE VEHICLE,CURVE & LEVEL,DARK-HWY NOT LIGHTED,,,9/17/2020 8:05:35 AM,False,5128,Accepted,
27216758,0568000,LOUISVILLE METRO POLICE DEPT,Accepted,JEFFERSON,,3001,CHAMBERLAIN,LN,,,,,,,,38.288651530,-85.530484921,1.087,9/15/2020 12:00:00 AM,0443,2,2,0,0,CLEAR,DRY,False,1 VEHICLE ENTERING/LEAVING ENTRANCE,ANGLE,CURVE & LEVEL,DARK-HWY NOT LIGHTED,,,9/16/2020 8:40:08 AM,False,7369,Accepted,
27211686,0568000,LOUISVILLE METRO POLICE DEPT,Accepted,JEFFERSON,I 0265,,I265 E,,,I 0265,I265 N,,,,,38.213798545,-85.506392829,24.861,9/15/2020 12:00:00 AM,0519,1,1,0,0,CLEAR,DRY,False,COLLISION WITH FIXED OBJECT IN INTERSECTION - FIRST EVENT COLLISION 09 - 32,SINGLE VEHICLE,STRAIGHT & LEVEL,DARK-HWY NOT LIGHTED,,,9/15/2020 8:38:57 AM,False,5128,Accepted,
27216745,0568000,LOUISVILLE METRO POLICE DEPT,Accepted,JEFFERSON,I 0265,,I265 E,,,,,I 0265,I265 E EXIT15 ON RAMP FROM KY864,I 0265,I265 E EXIT17 OFF RAMP TO US31E,38.134765251,-85.597667205,16.368,9/15/2020 12:00:00 AM,1816,1,1,0,1,CLEAR,DRY,False,OTHER COLLISIONS ON SHOULDER,SINGLE VEHICLE,STRAIGHT & GRADE,DAYLIGHT,,,9/16/2020 8:39:04 AM,False,7278,Accepted,
27235919,0568000,LOUISVILLE METRO POLICE DEPT,Accepted,JEFFERSON,,,KINGSTON,AVE,W,KY1020,SOUTHSIDE,,,,,38.172782540,-85.764675341,0.043,9/15/2020 12:00:00 AM,1531,2,2,0,0,CLEAR,DRY,False,ANGLE COLLISION - OTHER,ANGLE,STRAIGHT & LEVEL,DAYLIGHT,,,9/21/2020 9:09:30 AM,False,7488,Accepted,
27235921,0568000,LOUISVILLE METRO POLICE DEPT,Accepted,JEFFERSON,KY0061,,PRESTON,HWY,,,,I 0065,I65 N EXIT130 OFF RAMP TO KY61,,MEADOW,38.178575959,-85.716870094,7.226,9/15/2020 12:00:00 AM,1815,1,1,0,1,CLEAR,DRY,False,COLLISION WITH FIXED OBJECT NON - INTERSECTION - FIRST EVENT COLLISION 09 - 32 EXCLUDING 16,SINGLE VEHICLE,STRAIGHT & LEVEL,DAYLIGHT,,,9/21/2020 9:09:41 AM,False,7431,Accepted,
27216741,0568000,LOUISVILLE METRO POLICE DEPT,Accepted,JEFFERSON,KY1865,,TAYLOR,BLVD,,,BLUEGRASS,,,,,38.179600330,-85.783261016,5.030,9/15/2020 12:00:00 AM,1636,2,2,0,2,CLEAR,DRY,False,ANGLE COLLISION - OTHER,ANGLE,STRAIGHT & LEVEL,DAYLIGHT,,,9/16/2020 8:38:55 AM,False,7978,Accepted,
27216732,0568000,LOUISVILLE METRO POLICE DEPT,Accepted,JEFFERSON,KY0864,,SHELBY,ST,S,,KENTUCKY,,,,,38.236937278,-85.740847597,14.950,9/15/2020 12:00:00 AM,1455,2,2,0,1,CLEAR,DRY,False,ANGLE COLLISION - OTHER,ANGLE,STRAIGHT & LEVEL,DAYLIGHT,,,9/16/2020 8:38:12 AM,False,7322,Accepted,
27216737,0568000,LOUISVILLE METRO POLICE DEPT,Accepted,JEFFERSON,KY1934,,CANE RUN,RD,,,BRIDWELL,,,,,38.179927989,-85.859422752,7.370,9/15/2020 12:00:00 AM,1711,4,4,0,1,CLEAR,DRY,False,OTHER INTERSECTION COLLISIONS,REAR END,STRAIGHT & LEVEL,DAYLIGHT,,,9/16/2020 8:38:41 AM,False,7817,Accepted,
27216738,0568000,LOUISVILLE METRO POLICE DEPT,Accepted,JEFFERSON,KY1931,,GREENWOOD,RD,,KY1934,GREENBELT,,,,,38.146922977,-85.886340905,0.538,9/15/2020 12:00:00 AM,1756,2,2,0,0,CLOUDY,DRY,False,OTHER INTERSECTION COLLISIONS,REAR END,STRAIGHT & LEVEL,DAYLIGHT,,,9/16/2020 8:38:46 AM,False,7073,Accepted,
27216740,0568000,LOUISVILLE METRO POLICE DEPT,Accepted,JEFFERSON,US0031W,6800B,DIXIE,HWY,,,,,,,,38.150400405,-85.837126297,12.064,9/15/2020 12:00:00 AM,1636,3,3,0,0,CLEAR,DRY,False,REAR END IN TRAFFIC LANES BOTH VEHICLES MOVING,REAR END,STRAIGHT & LEVEL,DAYLIGHT,,,9/16/2020 8:38:50 AM,False,7339,Accepted,
27216746,0568000,LOUISVILLE METRO POLICE DEPT,Accepted,JEFFERSON,KY0907,,3RD ST,RD,,,,,,,,38.123053794,-85.800098242,4.224,9/15/2020 12:00:00 AM,1603,3,3,0,0,CLOUDY,DRY,False,OTHER ROADWAY OR MID-BLOCK COLLISION,REAR END,STRAIGHT & LEVEL,DAYLIGHT,,,9/16/2020 8:39:16 AM,False,7234,Accepted,
27216747,0568000,LOUISVILLE METRO POLICE DEPT,Accepted,JEFFERSON,US0031W,,DIXIE,HWY,,,,,,,,38.115582664,-85.860603588,9.273,9/15/2020 12:00:00 AM,1841,2,2,0,1,CLEAR,DRY,False,1 VEHICLE ENTERING/LEAVING ENTRANCE,ANGLE,STRAIGHT & LEVEL,DAYLIGHT,,,9/16/2020 8:39:22 AM,False,7234,Accepted,
27216748,0568000,LOUISVILLE METRO POLICE DEPT,Accepted,JEFFERSON,,,BROOK,ST,S,US0150,BROADWAY,,,,,38.245650018,-85.751748576,2.855,9/15/2020 12:00:00 AM,1723,2,2,0,0,CLEAR,DRY,False,SIDESWIPE-SAME DIRECTION,SIDESWIPE-SAME DIRECTION,STRAIGHT & LEVEL,DAYLIGHT,,,9/16/2020 8:39:31 AM,False,7216,Accepted,
27211660,0568000,LOUISVILLE METRO POLICE DEPT,Accepted,JEFFERSON,,322,43RD,ST,S,,,,,,,38.260097206,-85.821223941,0.379,9/15/2020 12:00:00 AM,0012,3,3,0,0,CLEAR,DRY,False,1 VEHICLE PARKED POSITION (NOT PARKING LOT/DRIVEWAY),BACKING,STRAIGHT & LEVEL,DARK-HWY LIGHTED/ON,,,9/15/2020 8:29:29 AM,False,7481,Accepted,
27214406,0561500,UNIV. OF LOUISVILLE POLICE,Accepted,JEFFERSON,US0060A,2500,3RD,ST,S,,,,,,,38.210260443,-85.762954474,3.165,9/15/2020 12:00:00 AM,0915,2,2,0,0,CLEAR,DRY,True,VEHICLE BACKING NON INTERSECTION,BACKING,STRAIGHT & GRADE,DAYLIGHT,,,9/15/2020 5:14:54 PM,False,5620,Accepted,
27216729,0568000,LOUISVILLE METRO POLICE DEPT,Accepted,JEFFERSON,US0060A,,TAYLOR,BLVD,,,ARCADE,,,,,38.202095109,-85.781509353,1.889,9/15/2020 12:00:00 AM,1508,2,2,0,0,CLEAR,DRY,True,OTHER INTERSECTION COLLISIONS,REAR END,CURVE & LEVEL,DAYLIGHT,,,9/16/2020 8:37:56 AM,False,7872,Accepted,
27241978,0561500,UNIV. OF LOUISVILLE POLICE,Accepted,JEFFERSON,,,FLOYD,ST,S,,,,,,,38.215933890,-85.755298007,2.865,9/15/2020 12:00:00 AM,1950,2,2,0,0,CLEAR,DRY,False,COLLISION IN PARKING LOT,BACKING,STRAIGHT & LEVEL,DARK (UNKNOWN ROADWAY LIGHTING),,,9/22/2020 1:57:05 PM,False,5691,Accepted,
27211667,0568000,LOUISVILLE METRO POLICE DEPT,Accepted,JEFFERSON,KY0155,,TAYLORSVILLE,RD,,,,US0031E,BARDSTOWN,,WALLACE,38.223443887,-85.682959345,16.441,9/15/2020 12:00:00 AM,0411,2,2,0,0,CLEAR,DRY,False,VEHICLE BACKING NON INTERSECTION,BACKING,STRAIGHT & LEVEL,DARK-HWY LIGHTED/ON,,,9/15/2020 8:29:55 AM,False,5274,Accepted,
27216722,0568000,LOUISVILLE METRO POLICE DEPT,Accepted,JEFFERSON,KY1447,,WESTPORT,RD,,,,,ORMSBY,,EAGLE NEST,38.274549904,-85.608184967,3.070,9/15/2020 12:00:00 AM,0900,2,2,0,1,CLEAR,DRY,False,SIDESWIPE COLLISION - OPPOSITE DIRECTION,SIDESWIPE-OPPOSITE DIRECTION,STRAIGHT & LEVEL,DAYLIGHT,,,9/16/2020 8:37:31 AM,False,7358,Accepted,
27216723,0568000,LOUISVILLE METRO POLICE DEPT,Accepted,JEFFERSON,KY0864,,POPLAR LEVEL,RD,,,,,,,,38.195566375,-85.707702012,11.329,9/15/2020 12:00:00 AM,0704,2,2,0,1,CLEAR,DRY,True,HEAD-ON COLLISION,HEAD ON,STRAIGHT & LEVEL,DARK (UNKNOWN ROADWAY LIGHTING),,,9/16/2020 8:37:35 AM,False,4693,Accepted,
27216754,0568000,LOUISVILLE METRO POLICE DEPT,Accepted,JEFFERSON,KY1703,,NEWBURG,RD,,I 0264,I264 W EXIT15 ON RAMP FROM KY1703,,,,,38.203039834,-85.691271464,2.413,9/15/2020 12:00:00 AM,2305,1,1,0,0,CLEAR,DRY,False,OTHER INTERSECTION COLLISIONS,SINGLE VEHICLE,CURVE & HILLCREST,DARK-HWY LIGHTED/ON,,,9/16/2020 8:39:57 AM,False,7916,Accepted,
27216755,0568000,LOUISVILLE METRO POLICE DEPT,Accepted,JEFFERSON,I 0071,,I71 N,,,,,,,,,38.280633747,-85.687950072,2.464,9/15/2020 12:00:00 AM,1247,2,2,0,0,CLEAR,DRY,True,SIDESWIPE COLLISION - SAME DIRECTION,SIDESWIPE-SAME DIRECTION,STRAIGHT & LEVEL,DARK-HWY NOT LIGHTED,,,9/16/2020 8:40:01 AM,False,5243,Accepted,
27216756,0568000,LOUISVILLE METRO POLICE DEPT,Accepted,JEFFERSON,,,CHAMBERLAIN,LN,,,MAPLE BROOK,,,,,38.301251856,-85.544856807,2.341,9/15/2020 12:00:00 AM,2040,2,2,0,0,CLEAR,DRY,True,OPPOSITE DIRECTION - BOTH VEHICLES GOING STRAIGHT AHEAD,SIDESWIPE-OPPOSITE DIRECTION,CURVE & LEVEL,DARK-HWY NOT LIGHTED,,,9/16/2020 8:40:04 AM,False,5307,Accepted,
27216749,0568000,LOUISVILLE METRO POLICE DEPT,Accepted,JEFFERSON,,6704,OLD NEW CUT,RD,,,,,,,,38.118526315,-85.779131750,0.141,9/15/2020 12:00:00 AM,2107,1,1,0,0,CLEAR,DRY,False,COLLISION WITH FIXED OBJECT NON - INTERSECTION - FIRST EVENT COLLISION 09 - 32 EXCLUDING 16,SINGLE VEHICLE,STRAIGHT & LEVEL,DARK-HWY LIGHTED/OFF,,,9/16/2020 8:39:36 AM,False,5209,Accepted,
27225921,0568000,LOUISVILLE METRO POLICE DEPT,Accepted,JEFFERSON,I 0065,,I65 S,,,,,,,,,38.200443830,-85.734896052,131.507,9/15/2020 12:00:00 AM,1228,2,2,0,0,CLEAR,DRY,False,SIDESWIPE COLLISION - SAME DIRECTION,SIDESWIPE-SAME DIRECTION,CURVE & LEVEL,DAYLIGHT,,,9/18/2020 8:06:53 AM,False,7628,Accepted,