IncidentID,AgencyORI,AgencyName,IncidentStatusDesc,County,RdwyNumber,Street,RoadwayName,StreetSfx,StreetDir,IntersectionRdwy,IntersectionRdwyName,BetweenStRdwy1,BetweenStRdwyName1,BetweenStRdwy2,BetweenStRdwyName2,Latitude,Longitude,Milepoint,CollisionDate,CollisionTime,UnitsInvolved,MotorVehiclesInvolved,NumberKilled,NumberInjured,Weather,RdwyConditionCode,HitandRun,DirAnalysisCode,MannerofCollision,RdwyCharacter,LightCondition,RampFromRdwyId,RampToRdwyId,AcceptedDate,IsSecondaryCollision,OwnerBadge,IncidentStatus,
27267258,0568000,LOUISVILLE METRO POLICE DEPT,Accepted,JEFFERSON,I 0065,,I65 N,,,,,,,,,38.182048841,-85.721484611,130.026,9/15/2020 12:00:00 AM,0748,6,6,0,2,CLEAR,DRY,False,REAR END IN TRAFFIC LANES BOTH VEHICLES MOVING,REAR END,CURVE & LEVEL,DAYLIGHT,,,9/29/2020 8:16:58 AM,False,7472,Accepted,
27771426,0561500,UNIV. OF LOUISVILLE POLICE,Accepted,JEFFERSON,,,FLOYD,ST,S,,,,,,,38.214661157,-85.755056904,2.837,9/15/2020 12:00:00 AM,2232,2,2,0,0,CLEAR,DRY,False,SIDESWIPE COLLISION - SAME DIRECTION,SIDESWIPE-SAME DIRECTION,STRAIGHT & LEVEL,DARK (UNKNOWN ROADWAY LIGHTING),,,2/10/2021 11:59:59 AM,False,5691,Accepted,
27235923,0568000,LOUISVILLE METRO POLICE DEPT,Accepted,JEFFERSON,,,FORDHAVEN,RD,,,ST ANTHONY CHURCH,,,,,38.149217697,-85.813371259,0.382,9/14/2020 12:00:00 AM,1400,1,1,0,0,CLEAR,DRY,False,COLLISION IN PARKING LOT,SINGLE VEHICLE,STRAIGHT & LEVEL,DAYLIGHT,,,9/21/2020 9:09:51 AM,False,5326,Accepted,
27211666,0568000,LOUISVILLE METRO POLICE DEPT,Accepted,JEFFERSON,,,SOUTHERN,PKWY,,,FORUM,,,,,38.175345643,-85.773685402,0.549,9/14/2020 12:00:00 AM,2011,2,2,0,0,CLEAR,DRY,False,OTHER INTERSECTION COLLISIONS,REAR END,STRAIGHT & LEVEL,DAWN,,,9/15/2020 8:29:51 AM,False,7040,Accepted,
27211643,0568000,LOUISVILLE METRO POLICE DEPT,Accepted,JEFFERSON,I 0265,,,,,,,,,,,38.147798457,-85.544894528,0.173,9/14/2020 12:00:00 AM,1033,1,1,0,0,CLEAR,DRY,False,COLLISION WITH FIXED OBJECT NOT IN GORE ,SINGLE VEHICLE,STRAIGHT & LEVEL,DAYLIGHT,I 0265,KY1819,9/15/2020 8:28:13 AM,False,2000,Accepted,
27211649,0568000,LOUISVILLE METRO POLICE DEPT,Accepted,JEFFERSON,,,FEGENBUSH,LN,,US0031E,BARDSTOWN,,,,,38.186976927,-85.637901402,0.018,9/14/2020 12:00:00 AM,1313,2,2,0,0,CLEAR,DRY,True,OTHER INTERSECTION COLLISIONS,REAR END,CURVE & LEVEL,DAYLIGHT,,,9/15/2020 8:28:38 AM,False,7739,Accepted,
27206645,0568000,LOUISVILLE METRO POLICE DEPT,Accepted,JEFFERSON,,,WATTERSON,TRL,,,STARLITE,,,,,38.181408665,-85.622343623,0.187,9/14/2020 12:00:00 AM,0118,1,1,0,0,CLOUDY,DRY,False,COLLISION WITH FIXED OBJECT IN INTERSECTION - FIRST EVENT COLLISION 09 - 32,SINGLE VEHICLE,CURVE & LEVEL,DARK-HWY NOT LIGHTED,,,9/14/2020 8:25:31 AM,False,7851,Accepted,
27206646,0568000,LOUISVILLE METRO POLICE DEPT,Accepted,JEFFERSON,,,6TH,ST,S,,OAK,,,,,38.235329172,-85.763645078,1.509,9/14/2020 12:00:00 AM,0112,2,2,0,0,CLEAR,DRY,True,COLLISION WITH PARKED VEHICLE,REAR END,STRAIGHT & LEVEL,DARK-HWY LIGHTED/ON,,,9/14/2020 8:25:34 AM,False,5230,Accepted,
27211650,0568000,LOUISVILLE METRO POLICE DEPT,Accepted,JEFFERSON,KY1065,2200,OUTER,LOOP,,,,,,,,38.132616763,-85.726206837,3.794,9/14/2020 12:00:00 AM,1516,2,2,0,1,CLEAR,DRY,False,OTHER ROADWAY OR MID-BLOCK COLLISION,REAR END,STRAIGHT & LEVEL,DAYLIGHT,,,9/15/2020 8:28:42 AM,False,7269,Accepted,
27211658,0568000,LOUISVILLE METRO POLICE DEPT,Accepted,JEFFERSON,KY1931,,GREENWOOD,RD,,,,,,,,38.144581459,-85.872380194,1.406,9/14/2020 12:00:00 AM,1820,2,2,0,0,CLEAR,DRY,False,REAR END IN TRAFFIC LANES BOTH VEHICLES MOVING,REAR END,STRAIGHT & LEVEL,DAYLIGHT,,,9/15/2020 8:29:20 AM,False,7234,Accepted,
27211659,0568000,LOUISVILLE METRO POLICE DEPT,Accepted,JEFFERSON,,1785,WILSON,AVE,,,,,,,,38.233870158,-85.785950347,0.583,9/14/2020 12:00:00 AM,1911,7,7,0,0,CLEAR,DRY,False,SIDESWIPE COLLISION - SAME DIRECTION,SIDESWIPE-SAME DIRECTION,STRAIGHT & LEVEL,DAYLIGHT,,,9/15/2020 8:29:24 AM,False,7481,Accepted,
27216730,0568000,LOUISVILLE METRO POLICE DEPT,Accepted,JEFFERSON,,,JEANINE,DR,,,GLEN VALLEY,,,,,38.160656796,-85.688311173,0.207,9/14/2020 12:00:00 AM,1248,2,2,0,1,CLEAR,DRY,False,ANGLE COLLISION - OTHER,ANGLE,STRAIGHT & LEVEL,DAYLIGHT,,,9/16/2020 8:38:01 AM,False,5027,Accepted,
27216731,0568000,LOUISVILLE METRO POLICE DEPT,Accepted,JEFFERSON,,,JEFFERSON,BLVD,,,,,MCCAWLEY,,VINCENT STATION,38.148452056,-85.678843669,0.992,9/14/2020 12:00:00 AM,1500,5,5,0,0,CLEAR,DRY,False,SIDESWIPE COLLISION - SAME DIRECTION,SIDESWIPE-SAME DIRECTION,CURVE & LEVEL,DAYLIGHT,,,9/16/2020 8:38:06 AM,False,7354,Accepted,
27216716,0568000,LOUISVILLE METRO POLICE DEPT,Accepted,JEFFERSON,,,WOODLAWN,AVE,W,,2ND,,,,,38.181388499,-85.764532025,0.867,9/14/2020 12:00:00 AM,1914,2,2,0,0,CLEAR,DRY,True,ANGLE COLLISION - OTHER,ANGLE,STRAIGHT & LEVEL,DAYLIGHT,,,9/16/2020 8:36:52 AM,False,7488,Accepted,
27211665,0568000,LOUISVILLE METRO POLICE DEPT,Accepted,JEFFERSON,KY1932,,BRECKENRIDGE,LN,,,BRONNER,,,,,38.185858952,-85.626154158,0.319,9/14/2020 12:00:00 AM,2241,2,2,0,1,CLEAR,DRY,False,OTHER INTERSECTION COLLISIONS,REAR END,STRAIGHT & LEVEL,DARK-HWY NOT LIGHTED,,,9/15/2020 8:29:47 AM,False,5203,Accepted,
27235920,0568000,LOUISVILLE METRO POLICE DEPT,Accepted,JEFFERSON,,,FLUSHING,WAY,,,MILLERS,,,,,38.099860549,-85.851106178,0.146,9/14/2020 12:00:00 AM,1533,2,2,0,0,CLEAR,DRY,False,SIDESWIPE-SAME DIRECTION,SIDESWIPE-SAME DIRECTION,STRAIGHT & LEVEL,DAYLIGHT,,,9/21/2020 9:09:35 AM,False,7496,Accepted,
27211661,0568000,LOUISVILLE METRO POLICE DEPT,Accepted,JEFFERSON,,,RIVER PARK,DR,,I 0264,I264 E EXIT2 ON RAMP FROM  RIVER PARK DR,,,,,38.254345808,-85.806392209,1.127,9/14/2020 12:00:00 AM,1835,3,3,0,3,CLEAR,DRY,False,ANGLE COLLISION - OTHER,ANGLE,STRAIGHT & LEVEL,DAYLIGHT,,,9/15/2020 8:29:33 AM,False,5118,Accepted,
27216753,0568000,LOUISVILLE METRO POLICE DEPT,Accepted,JEFFERSON,US0031E,5240,BARDSTOWN,RD,,KY1747,HURSTBOURNE,,,,,38.169051913,-85.605381933,7.230,9/14/2020 12:00:00 AM,0202,2,2,0,0,CLEAR,DRY,False,OTHER INTERSECTION COLLISIONS,REAR END,STRAIGHT & HILLCREST,DARK-HWY LIGHTED/ON,,,9/16/2020 8:39:51 AM,False,5276,Accepted,
27211664,0568000,LOUISVILLE METRO POLICE DEPT,Accepted,JEFFERSON,I 0065,,I65 S,,,I 0065,I65 S EXIT134 OFF RAMP TO  ARTHUR ST,,,,,38.224825548,-85.751309922,133.784,9/14/2020 12:00:00 AM,2250,2,2,0,1,CLEAR,DRY,False,ANGLE COLLISION - OTHER,ANGLE,STRAIGHT & LEVEL,DARK-HWY LIGHTED/ON,,,9/15/2020 8:29:44 AM,False,5196,Accepted,
27212190,0560600,WEST BUECHEL POLICE DEPT.,Accepted,JEFFERSON,,,HIKES,LN,,KY2052,HIKES,,,,,38.198668365,-85.660569078,0.823,9/14/2020 12:00:00 AM,2300,2,2,0,0,CLEAR,DRY,False,COLLISION IN PARKING LOT,SIDESWIPE-OPPOSITE DIRECTION,STRAIGHT & GRADE,DARK-HWY LIGHTED/ON,,,9/15/2020 10:04:40 AM,False,1299,Accepted,
27206651,0568000,LOUISVILLE METRO POLICE DEPT,Accepted,JEFFERSON,,,BUECHEL BANK,RD,,,,,,,,38.178218259,-85.648769769,0.978,9/14/2020 12:00:00 AM,0410,1,1,0,0,CLOUDY,DRY,False,COLLISION WITH FIXED OBJECT NON - INTERSECTION - FIRST EVENT COLLISION 09 - 32 EXCLUDING 16,SINGLE VEHICLE,CURVE & LEVEL,DARK-HWY LIGHTED/ON,,,9/14/2020 8:25:52 AM,False,7851,Accepted,
27211646,0568000,LOUISVILLE METRO POLICE DEPT,Accepted,JEFFERSON,,,WELLSWORTH,AVE,,,THOMAS,,,,,38.174495421,-85.836628236,0.480,9/14/2020 12:00:00 AM,1315,2,2,0,0,CLEAR,DRY,False,ANGLE COLLISION - OTHER,ANGLE,STRAIGHT & LEVEL,DAYLIGHT,,,9/15/2020 8:28:27 AM,False,7496,Accepted,
27211647,0568000,LOUISVILLE METRO POLICE DEPT,Accepted,JEFFERSON,KY2052,,SHEPHERDSVILLE,RD,,,,,,,,38.155621991,-85.659765909,1.179,9/14/2020 12:00:00 AM,0704,2,2,0,0,CLOUDY,DRY,False,REAR END IN TRAFFIC LANES BOTH VEHICLES MOVING,REAR END,STRAIGHT & LEVEL,DAWN,,,9/15/2020 8:28:30 AM,False,4693,Accepted,
27211648,0568000,LOUISVILLE METRO POLICE DEPT,Accepted,JEFFERSON,US0031E,,BARDSTOWN,RD,,,,,,,,38.208400449,-85.668825791,11.765,9/14/2020 12:00:00 AM,1229,2,2,0,1,CLEAR,DRY,True,REAR END IN TRAFFIC LANES BOTH VEHICLES MOVING,REAR END,STRAIGHT & LEVEL,DAYLIGHT,,,9/15/2020 8:28:34 AM,False,4693,Accepted,
27211653,0568000,LOUISVILLE METRO POLICE DEPT,Accepted,JEFFERSON,,,BRECKINRIDGE,ST,E,,VINE,,,,,38.239446124,-85.732824551,0.423,9/14/2020 12:00:00 AM,1526,2,2,0,0,CLEAR,DRY,False,ANGLE COLLISION - OTHER,ANGLE,STRAIGHT & LEVEL,DAYLIGHT,,,9/15/2020 8:28:54 AM,False,5111,Accepted,
27211655,0568000,LOUISVILLE METRO POLICE DEPT,Accepted,JEFFERSON,,,HILL,ST,W,,15TH,,,,,38.227957732,-85.780129299,1.273,9/14/2020 12:00:00 AM,1234,2,2,0,2,CLEAR,DRY,False,OTHER INTERSECTION COLLISIONS,REAR END,STRAIGHT & HILLCREST,DAYLIGHT,,,9/15/2020 8:29:04 AM,False,7091,Accepted,
27211656,0568000,LOUISVILLE METRO POLICE DEPT,Accepted,JEFFERSON,,,HILL,ST,W,,13TH,,,,,38.227701957,-85.776790344,1.085,9/14/2020 12:00:00 AM,1507,2,2,0,1,CLEAR,DRY,False,OTHER INTERSECTION COLLISIONS,REAR END,STRAIGHT & HILLCREST,DAYLIGHT,,,9/15/2020 8:29:09 AM,False,7091,Accepted,
27206647,0568000,LOUISVILLE METRO POLICE DEPT,Accepted,JEFFERSON,KY2052,,SHEPHERDSVILLE,RD,,KY0864,POPLAR LEVEL,,,,,38.160172711,-85.660043773,1.485,9/14/2020 12:00:00 AM,0054,2,2,0,0,,,True,ANGLE COLLISION - OTHER,ANGLE,STRAIGHT & LEVEL,,,,9/14/2020 8:25:37 AM,False,5318,Accepted,
27206648,0568000,LOUISVILLE METRO POLICE DEPT,Accepted,JEFFERSON,I 0265,,I265 E,,,,,,,,,38.151639830,-85.536586520,20.020,9/13/2020 12:00:00 AM,0102,2,1,0,1,RAINING,WET,False,COLLISION WITH PEDESTRIAN NON - INTERSECTION,SINGLE VEHICLE,STRAIGHT & GRADE,DARK-HWY LIGHTED/ON,,,9/14/2020 8:25:41 AM,False,5014,Accepted,
27206650,0568000,LOUISVILLE METRO POLICE DEPT,Accepted,JEFFERSON,KY1727,,TERRY,RD,,,LOWER HUNTERS,,,,,38.164790210,-85.865535080,3.026,9/13/2020 12:00:00 AM,,2,2,0,0,CLEAR,DRY,True,OTHER INTERSECTION COLLISIONS,REAR END,STRAIGHT & LEVEL,DARK (UNKNOWN ROADWAY LIGHTING),,,9/14/2020 8:25:49 AM,False,7115,Accepted,
27206631,0568000,LOUISVILLE METRO POLICE DEPT,Accepted,JEFFERSON,KY1851,10900,BARRICKS,RD,,,,,,,,38.099180784,-85.701652863,0.713,9/13/2020 12:00:00 AM,0928,2,2,0,0,CLOUDY,WET,False,SIDESWIPE COLLISION - OPPOSITE DIRECTION,SIDESWIPE-OPPOSITE DIRECTION,STRAIGHT & LEVEL,DAWN,,,9/14/2020 8:24:40 AM,False,5336,Accepted,
27206632,0568000,LOUISVILLE METRO POLICE DEPT,Accepted,JEFFERSON,KY1931,,GREENWOOD,RD,,,,,ELNORA,,RUSSELL,38.143776758,-85.845925319,2.797,9/13/2020 12:00:00 AM,1258,2,2,0,4,CLOUDY,DRY,False,HEAD-ON COLLISION,HEAD ON,STRAIGHT & LEVEL,DAYLIGHT,,,9/14/2020 8:24:43 AM,False,6877,Accepted,
27206641,0568000,LOUISVILLE METRO POLICE DEPT,Accepted,JEFFERSON,I 0265,,I265 E,,,,,,,,,38.203353354,-85.507326413,24.138,9/13/2020 12:00:00 AM,2038,2,2,0,0,CLEAR,DRY,False,1 VEHICLE ENTERING/LEAVING ENTRANCE,ANGLE,STRAIGHT & HILLCREST,DARK-HWY NOT LIGHTED,,,9/14/2020 8:25:18 AM,False,6927,Accepted,
27206642,0568000,LOUISVILLE METRO POLICE DEPT,Accepted,JEFFERSON,,203,SENECA,TRL,,,,,,,,38.160939340,-85.766711425,0.095,9/13/2020 12:00:00 AM,2151,2,2,0,0,CLEAR,DRY,False,1 VEHICLE PARKED POSITION (NOT PARKING LOT/DRIVEWAY),HEAD ON,STRAIGHT & LEVEL,DARK (UNKNOWN ROADWAY LIGHTING),,,9/14/2020 8:25:21 AM,False,7373,Accepted,
27206616,0568000,LOUISVILLE METRO POLICE DEPT,Accepted,JEFFERSON,I 0265,,I265 E,,,,,,,,,38.149256881,-85.540040377,19.765,9/13/2020 12:00:00 AM,0040,1,1,0,0,RAINING,WET,False,OTHER COLLISIONS ON SHOULDER,SINGLE VEHICLE,STRAIGHT & GRADE,DARK-HWY LIGHTED/ON,,,9/14/2020 8:23:29 AM,False,5314,Accepted,
27206622,0568000,LOUISVILLE METRO POLICE DEPT,Accepted,JEFFERSON,KY1020,,NATIONAL,TPKE,,KY1065,OUTER,,,,,38.126968918,-85.748931171,3.663,9/13/2020 12:00:00 AM,0015,2,2,0,2,RAINING,WET,False,ANGLE COLLISION - OTHER,ANGLE,STRAIGHT & LEVEL,DARK-HWY LIGHTED/ON,,,9/14/2020 8:23:59 AM,False,5266,Accepted,
27206623,0568000,LOUISVILLE METRO POLICE DEPT,Accepted,JEFFERSON,,,KEYS FERRY,RD,,,,,,,,38.108929123,-85.776348138,0.319,9/13/2020 12:00:00 AM,0024,1,1,0,0,RAINING,WET,True,OTHER ROADWAY OR MID-BLOCK COLLISION,SINGLE VEHICLE,CURVE & HILLCREST,DARK-HWY NOT LIGHTED,,,9/14/2020 8:24:03 AM,False,5259,Accepted,
27221274,0568000,LOUISVILLE METRO POLICE DEPT,Accepted,JEFFERSON,US0031W,,MAIN,ST,W,,4TH,,,,,38.256592598,-85.756575394,21.930,9/13/2020 12:00:00 AM,2127,2,2,0,2,CLEAR,DRY,False,ANGLE COLLISION - OTHER,ANGLE,STRAIGHT & LEVEL,DARK-HWY LIGHTED/ON,,,9/17/2020 8:05:00 AM,False,5148,Accepted,
27221273,0568000,LOUISVILLE METRO POLICE DEPT,Accepted,JEFFERSON,,216,WAMPUM,AVE,E,,,,,,,38.186459775,-85.757583322,0.071,9/13/2020 12:00:00 AM,1003,2,2,0,0,CLOUDY,DRY,False,1 VEHICLE PARKED POSITION (NOT PARKING LOT/DRIVEWAY),SIDESWIPE-SAME DIRECTION,STRAIGHT & LEVEL,DAYLIGHT,,,9/17/2020 8:04:53 AM,False,5325,Accepted,
27206619,0568000,LOUISVILLE METRO POLICE DEPT,Accepted,JEFFERSON,I 0065,,I65 S,,,,,,,,,38.261447509,-85.742061171,136.652,9/13/2020 12:00:00 AM,0131,1,1,0,0,RAINING,WET,False,OTHER ROADWAY OR MID-BLOCK COLLISION,SINGLE VEHICLE,STRAIGHT & LEVEL,DARK-HWY LIGHTED/ON,,,9/14/2020 8:23:49 AM,False,5025,Accepted,
27206621,0568000,LOUISVILLE METRO POLICE DEPT,Accepted,JEFFERSON,I 0064,,I64 E,,,,,,,,,38.258863285,-85.739118138,5.575,9/13/2020 12:00:00 AM,0342,1,1,0,0,CLOUDY,WET,False,OTHER ROADWAY OR MID-BLOCK COLLISION,SINGLE VEHICLE,CURVE & GRADE,DARK-HWY LIGHTED/ON,,,9/14/2020 8:23:56 AM,False,7173,Accepted,
27206628,0568000,LOUISVILLE METRO POLICE DEPT,Accepted,JEFFERSON,KY1447,,WESTPORT,RD,,,,,HERMITAGE,,DOVE CREEK,38.280648822,-85.589990898,4.144,9/13/2020 12:00:00 AM,0255,1,1,0,0,CLOUDY,WET,False,OTHER ROADWAY OR MID-BLOCK COLLISION,SINGLE VEHICLE,CURVE & GRADE,DARK-HWY LIGHTED/ON,,,9/14/2020 8:24:30 AM,False,7159,Accepted,
27206629,0568000,LOUISVILLE METRO POLICE DEPT,Accepted,JEFFERSON,US0060A,,WINKLER,AVE,,,4TH,,,,,38.210327496,-85.764958482,3.055,9/13/2020 12:00:00 AM,1206,2,2,0,0,CLOUDY,DRY,False,OTHER INTERSECTION COLLISIONS,REAR END,STRAIGHT & HILLCREST,DAYLIGHT,,,9/14/2020 8:24:33 AM,False,2927,Accepted,
27206630,0568000,LOUISVILLE METRO POLICE DEPT,Accepted,JEFFERSON,KY1932,3085,BRECKENRIDGE,LN,,,,,,,,38.216173488,-85.627277040,2.540,9/13/2020 12:00:00 AM,1325,2,2,0,0,CLEAR,DRY,False,1 VEHICLE ENTERING/LEAVING ENTRANCE,ANGLE,CURVE & LEVEL,DAYLIGHT,,,9/14/2020 8:24:37 AM,False,5191,Accepted,
27206635,0568000,LOUISVILLE METRO POLICE DEPT,Accepted,JEFFERSON,,,ANNA,LN,,KY1931,MANSLICK,,,,,38.181258829,-85.799191498,,9/13/2020 12:00:00 AM,1500,2,2,0,0,CLOUDY,DRY,True,ANGLE COLLISION - OTHER,ANGLE,STRAIGHT & LEVEL,DAYLIGHT,,,9/14/2020 8:24:58 AM,False,5315,Accepted,
27206636,0568000,LOUISVILLE METRO POLICE DEPT,Accepted,JEFFERSON,,1219,FOREST,DR,,,,,,,,38.161707289,-85.699235435,0.027,9/13/2020 12:00:00 AM,1720,2,2,0,2,CLEAR,DRY,False,REAR END IN TRAFFIC LANES BOTH VEHICLES MOVING,REAR END,STRAIGHT & GRADE,DAYLIGHT,,,9/14/2020 8:25:01 AM,False,5130,Accepted,
27206637,0568000,LOUISVILLE METRO POLICE DEPT,Accepted,JEFFERSON,US0031W,,DIXIE,HWY,,,FINCASTLE,,,,,38.068698506,-85.884944477,5.744,9/13/2020 12:00:00 AM,1231,2,2,0,2,CLOUDY,DRY,False,HEAD-ON COLLISION,HEAD ON,STRAIGHT & LEVEL,DAYLIGHT,,,9/14/2020 8:25:04 AM,False,7177,Accepted,
27206638,0568000,LOUISVILLE METRO POLICE DEPT,Accepted,JEFFERSON,KY1447,9909,WESTPORT,RD,,,,,,,,38.289976931,-85.567209982,5.527,9/13/2020 12:00:00 AM,0943,1,1,0,0,CLOUDY,WET,False,COLLISION WITH FIXED OBJECT NON - INTERSECTION - FIRST EVENT COLLISION 09 - 32 EXCLUDING 16,SINGLE VEHICLE,STRAIGHT & LEVEL,DAYLIGHT,,,9/14/2020 8:25:08 AM,False,7751,Accepted,
27206643,0568000,LOUISVILLE METRO POLICE DEPT,Accepted,JEFFERSON,,,ALLMOND,AVE,,,SOUTHERN HEIGHTS,,,,,38.188788366,-85.759139647,0.314,9/13/2020 12:00:00 AM,1946,3,3,0,0,CLEAR,DRY,True,COLLISION WITH PARKED VEHICLE,HEAD ON,STRAIGHT & LEVEL,DARK-HWY LIGHTED/ON,,,9/14/2020 8:25:25 AM,False,5245,Accepted,
27206652,0568000,LOUISVILLE METRO POLICE DEPT,Accepted,JEFFERSON,,,EUCLID,AVE,,,UTAH,,,,,38.212269143,-85.773069272,0.169,9/13/2020 12:00:00 AM,1948,2,2,0,2,CLEAR,DRY,True,ANGLE COLLISION - OTHER,ANGLE,STRAIGHT & LEVEL,DARK-HWY LIGHTED/ON,,,9/14/2020 8:25:55 AM,False,7455,Accepted,
27206654,0568000,LOUISVILLE METRO POLICE DEPT,Accepted,JEFFERSON,,5126,FAY,AVE,,,,,,,,38.163358731,-85.775888356,0.129,9/13/2020 12:00:00 AM,,2,2,0,0,CLOUDY,DRY,True,1 VEHICLE PARKED POSITION (NOT PARKING LOT/DRIVEWAY),HEAD ON,STRAIGHT & LEVEL,DAWN,,,9/14/2020 8:26:02 AM,False,5266,Accepted,
27236013,0568000,LOUISVILLE METRO POLICE DEPT,Accepted,JEFFERSON,,,INDIAN,TRL,E,,,,LODEMA,KY0864,POPLAR LEVEL,38.171376133,-85.685505157,1.169,9/13/2020 12:00:00 AM,1836,2,2,0,0,CLEAR,DRY,False,SIDESWIPE COLLISION - SAME DIRECTION,SIDESWIPE-SAME DIRECTION,STRAIGHT & LEVEL,DAYLIGHT,,,9/21/2020 9:15:27 AM,False,5276,Accepted,
27225916,0568000,LOUISVILLE METRO POLICE DEPT,Accepted,JEFFERSON,US0150,,BROADWAY,,E,KY0864,SHELBY,,,,,38.244704526,-85.739775839,3.392,9/13/2020 12:00:00 AM,1730,1,1,0,1,CLEAR,DRY,False,COLLISION WITH FIXED OBJECT IN INTERSECTION - FIRST EVENT COLLISION 09 - 32,SINGLE VEHICLE,STRAIGHT & LEVEL,DAYLIGHT,,,9/18/2020 8:06:22 AM,False,5324,Accepted,
27274150,0568000,LOUISVILLE METRO POLICE DEPT,Accepted,JEFFERSON,,,WILSON,AVE,,,25TH,,,,,38.234714779,-85.795083731,1.099,9/13/2020 12:00:00 AM,1859,2,2,0,2,CLEAR,DRY,True,ANGLE COLLISION - OTHER,ANGLE,CURVE & LEVEL,DAYLIGHT,,,9/30/2020 3:53:14 PM,False,7387,Accepted,
27267324,0568000,LOUISVILLE METRO POLICE DEPT,Accepted,JEFFERSON,US0031W,,DIXIE,HWY,,,,,,,,38.220983770,-85.793468855,17.478,9/13/2020 12:00:00 AM,1854,2,2,0,0,CLEAR,DRY,True,SIDESWIPE COLLISION - SAME DIRECTION,SIDESWIPE-SAME DIRECTION,STRAIGHT & LEVEL,DAYLIGHT,,,9/29/2020 8:25:07 AM,False,5216,Accepted,
27377471,0568000,LOUISVILLE METRO POLICE DEPT,Accepted,JEFFERSON,I 0065,,I65 N,,,,,,,,,38.110524015,-85.701306356,124.851,9/13/2020 12:00:00 AM,2231,2,2,1,4,CLEAR,DRY,False,REAR END IN TRAFFIC LANES BOTH VEHICLES MOVING,REAR END,STRAIGHT & LEVEL,DARK-HWY LIGHTED/ON,,,10/26/2020 10:04:50 AM,False,7772,Accepted,
27446871,0568000,LOUISVILLE METRO POLICE DEPT,Accepted,JEFFERSON,,744,9TH,ST,S,,,,,,,38.246529602,-85.766753470,0.022,9/12/2020 12:00:00 AM,2202,1,1,0,0,CLEAR,DRY,False,OTHER COLLISIONS ON SHOULDER,SINGLE VEHICLE,STRAIGHT & LEVEL,DARK-HWY LIGHTED/ON,,,11/12/2020 9:20:53 AM,False,5148,Accepted,
27225924,0568000,LOUISVILLE METRO POLICE DEPT,Accepted,JEFFERSON,,,SPRATT,ST,,KY0864,GOSS,,,,,38.227152863,-85.735288433,0.001,9/12/2020 12:00:00 AM,1630,2,2,0,1,CLOUDY,DRY,False,ANGLE COLLISION - OTHER,ANGLE,STRAIGHT & LEVEL,DAYLIGHT,,,9/18/2020 8:07:08 AM,False,5296,Accepted,
27221285,0568000,LOUISVILLE METRO POLICE DEPT,Accepted,JEFFERSON,,,PORTLAND,AVE,,US0150,22ND,,,,,38.268358053,-85.782574214,0.693,9/12/2020 12:00:00 AM,1925,1,1,0,0,RAINING,WET,False,COLLISION WITH FIXED OBJECT IN INTERSECTION - FIRST EVENT COLLISION 09 - 32,SINGLE VEHICLE,STRAIGHT & LEVEL,DAYLIGHT,,,9/17/2020 8:05:49 AM,False,5162,Accepted,
27206613,0568000,LOUISVILLE METRO POLICE DEPT,Accepted,JEFFERSON,I 0064,,I64 W,,,,,,,,,38.243092142,-85.695285351,8.218,9/12/2020 12:00:00 AM,2100,1,1,0,0,RAINING,WET,False,OTHER ROADWAY OR MID-BLOCK COLLISION,SINGLE VEHICLE,CURVE & LEVEL,DARK-HWY LIGHTED/ON,,,9/14/2020 8:23:10 AM,False,7544,Accepted,
27206655,0568000,LOUISVILLE METRO POLICE DEPT,Accepted,JEFFERSON,KY1931,,GREENWOOD,RD,,US0031W,DIXIE,,,,,38.143704875,-85.840103566,3.111,9/12/2020 12:00:00 AM,2131,2,2,0,0,RAINING,WET,False,ANGLE COLLISION - OTHER,ANGLE,STRAIGHT & LEVEL,DARK-HWY LIGHTED/ON,,,9/14/2020 8:26:05 AM,False,7321,Accepted,
27206653,0568000,LOUISVILLE METRO POLICE DEPT,Accepted,JEFFERSON,KY0155,,TAYLORSVILLE,RD,,,HIKES,,,,,38.219747106,-85.625873146,13.329,9/12/2020 12:00:00 AM,0651,2,2,0,0,CLOUDY,DRY,False,OTHER INTERSECTION COLLISIONS,REAR END,STRAIGHT & LEVEL,DAYLIGHT,,,9/14/2020 8:25:59 AM,False,7851,Accepted,
27206644,0568000,LOUISVILLE METRO POLICE DEPT,Accepted,JEFFERSON,,,ORCHARD LAKE,DR,,,,,HARVEST MOON,,PEAR VIEW,38.192217401,-85.621548431,0.222,9/12/2020 12:00:00 AM,1901,2,2,0,0,CLOUDY,DRY,False,VEHICLE BACKING NON INTERSECTION,BACKING,STRAIGHT & LEVEL,DAYLIGHT,,,9/14/2020 8:25:28 AM,False,7851,Accepted,
27206626,0568000,LOUISVILLE METRO POLICE DEPT,Accepted,JEFFERSON,,,CENTRAL,AVE,,,LINDBERGH,,,,,38.212798737,-85.781113558,1.548,9/12/2020 12:00:00 AM,2143,2,2,0,2,RAINING,WET,False,COLLISION WITH FIXED OBJECT IN INTERSECTION - FIRST EVENT COLLISION 09 - 32,ANGLE,STRAIGHT & LEVEL,DARK-HWY LIGHTED/ON,,,9/14/2020 8:24:23 AM,False,7435,Accepted,